[2026-09-28T14:55:07] RUN_ID 20260928_145507 | python 3.12.10 | torch 2.6.0+cu124 | device cuda (NVIDIA GeForce RTX 4090)
[2026-09-28T14:55:07] nvidia-smi:
Mon Sep 28 14:55:07 2026       
+-----------------------------------------------------------------------------------------+
| NVIDIA-SMI 610.60                 KMD Version: 610.60        CUDA UMD Version: 13.3     |
+-----------------------------------------+------------------------+----------------------+
| GPU  Name                  Driver-Model | Bus-Id          Disp.A | Volatile Uncorr. ECC |
| Fan  Temp   Perf          Pwr:Usage/Cap |           Memory-Usage | GPU-Util  Compute M. |
|                                         |                        |               MIG M. |
|=========================================+========================+======================|
|   0  NVIDIA GeForce RTX 4090      WDDM  |   00000000:01:00.0  On |                  Off |
|  0%   40C    P8             22W /  450W |    1750MiB /  24564MiB |     14%      Default |
|                                         |                        |                  N/A |
+-----------------------------------------+------------------------+----------------------+

+-----------------------------------------------------------------------------------------+
| Processes:                                                                              |
|  GPU   GI   CI              PID   Type   Process name                        GPU Memory |
|        ID   ID                                                               Usage      |
|=========================================================================================|
|    0   N/A  N/A            3432    C+G   ...Chrome\Application\chrome.exe      N/A      |
|    0   N/A  N/A            3972    C+G   ...0_x64__htrsf667h5kn2\AWCC.exe      N/A      |
|    0   N/A  N/A            6412    C+G   ...t\Edge\Application\msedge.exe      N/A      |
|    0   N/A  N/A            8836    C+G   ...8wekyb3d8bbwe\M365Copilot.exe      N/A      |
|    0   N/A  N/A           12388    C+G   ...8bbwe\PhoneExperienceHost.exe      N/A      |
|    0   N/A  N/A           29452    C+G   C:\Windows\explorer.exe               N/A      |
|    0   N/A  N/A           29460    C+G   ...indows\System32\ShellHost.exe      N/A      |
|    0   N/A  N/A           29852    C+G   ...em32\ApplicationFrameHost.exe      N/A      |
|    0   N/A  N/A           31272    C+G   ...ntrolPanel\SystemSettings.exe      N/A      |
|    0   N/A  N/A           31400    C+G   ...2txyewy\CrossDeviceResume.exe      N/A      |
|    0   N/A  N/A           32840    C+G   ...icrosoft.AAD.BrokerPlugin.exe      N/A      |
|    0   N/A  N/A           33516    C+G   ...Chrome\Application\chrome.exe      N/A      |
|    0   N/A  N/A           35276    C+G   ...yb3d8bbwe\WindowsTerminal.exe      N/A      |
|    0   N/A  N/A           36336    C+G   ...5n1h2txyewy\TextInputHost.exe      N/A      |
|    0   N/A  N/A           36736    C+G   ...xyewy\ShellExperienceHost.exe      N/A      |
|    0   N/A  N/A           37488    C+G   ...y\StartMenuExperienceHost.exe      N/A      |
|    0   N/A  N/A           37508    C+G   ..._cw5n1h2txyewy\SearchHost.exe      N/A      |
|    0   N/A  N/A           39844    C+G   ....0.4234.48\msedgewebview2.exe      N/A      |
|    0   N/A  N/A           40392    C+G   ....0.4234.48\msedgewebview2.exe      N/A      |
|    0   N/A  N/A           43488    C+G   ....0.4234.48\msedgewebview2.exe      N/A      |
+-----------------------------------------------------------------------------------------+
[2026-09-28T14:55:07] CPU: AMD64 Family 25 Model 97 Stepping 2, AuthenticAMD | 32 cores
[2026-09-28T14:55:07] Drive checkpoint folder: None
[2026-09-28T14:55:07] CONFIG {"member": "Sadaf_Fatima_Syeda", "seed": 266, "run_tag": "long", "img_size": 256, "load_size": 286, "n_holdout": 300, "n_audit": 30, "ngf": 48, "num_downs": 8, "max_mult": 8, "ndf": 64, "d_layers": 2, "gan_loss": "bce", "lambda_cycle": 8.0, "lambda_identity": 0.0, "lr": 0.0002, "betas": [0.5, 0.999], "batch_size": 1, "total_steps": 80000, "time_budget_min": 150, "pool_size": 50, "amp": true, "log_every": 50, "sample_every": 1000, "ckpt_every": 1000, "n_eval": 300, "gen_all_photos": true}
[2026-09-28T14:55:25] Monet 300 | photos 7038 -> train 6738, holdout 300 | audit 30 | image sizes {(256, 256)}
[2026-09-28T14:55:56] train transform: resize 286 -> crop 256 -> flip | test: resize 256
[2026-09-28T14:56:32] params {"G_AB": 30604035, "G_BA": 30604035, "D_A": 662593, "D_B": 662593, "total": 62533256} | D output map (1, 1, 62, 62)
[2026-09-28T14:57:24] training from step 0 to 80000 | amp True
[2026-09-28T14:57:27] step 50/80000 | G 6.955 (gan 0.813/0.774, cyc 0.671, idt 0.619) | D_A 0.689 D_B 0.669 | gnorm G 12.45 D 3.52 | lr 2.00e-04
[2026-09-28T14:57:29] step 100/80000 | G 5.577 (gan 0.733/0.686, cyc 0.520, idt 0.712) | D_A 0.677 D_B 0.676 | gnorm G 12.82 D 3.93 | lr 2.00e-04
[2026-09-28T14:57:32] step 150/80000 | G 5.955 (gan 0.692/0.708, cyc 0.569, idt 0.878) | D_A 0.654 D_B 0.634 | gnorm G 14.53 D 4.19 | lr 2.00e-04
[2026-09-28T14:57:34] step 200/80000 | G 5.409 (gan 0.733/0.730, cyc 0.493, idt 0.560) | D_A 0.661 D_B 0.667 | gnorm G 15.43 D 4.48 | lr 2.00e-04
[2026-09-28T14:57:34] benchmark 0.051 s/step (19.8 steps/s) -> total_steps 80000 (~68 min)
[2026-09-28T14:57:37] step 250/80000 | G 5.012 (gan 0.730/0.722, cyc 0.445, idt 0.596) | D_A 0.652 D_B 0.632 | gnorm G 15.62 D 4.81 | lr 2.00e-04
[2026-09-28T14:57:39] step 300/80000 | G 4.955 (gan 0.733/0.708, cyc 0.439, idt 0.406) | D_A 0.655 D_B 0.648 | gnorm G 15.74 D 5.63 | lr 2.00e-04
[2026-09-28T14:57:41] step 350/80000 | G 4.699 (gan 0.737/0.762, cyc 0.400, idt 0.444) | D_A 0.638 D_B 0.610 | gnorm G 15.39 D 6.94 | lr 2.00e-04
[2026-09-28T14:57:44] step 400/80000 | G 4.423 (gan 0.785/0.775, cyc 0.358, idt 0.449) | D_A 0.627 D_B 0.584 | gnorm G 17.70 D 9.09 | lr 2.00e-04
[2026-09-28T14:57:46] step 450/80000 | G 4.393 (gan 0.736/0.824, cyc 0.354, idt 0.610) | D_A 0.565 D_B 0.611 | gnorm G 18.59 D 10.30 | lr 2.00e-04
[2026-09-28T14:57:48] step 500/80000 | G 4.241 (gan 0.746/0.901, cyc 0.324, idt 0.603) | D_A 0.595 D_B 0.560 | gnorm G 22.25 D 13.24 | lr 2.00e-04
[2026-09-28T14:57:51] step 550/80000 | G 4.205 (gan 0.790/0.787, cyc 0.329, idt 0.465) | D_A 0.535 D_B 0.587 | gnorm G 21.81 D 13.81 | lr 2.00e-04
[2026-09-28T14:57:53] step 600/80000 | G 4.020 (gan 0.739/0.801, cyc 0.310, idt 0.554) | D_A 0.542 D_B 0.555 | gnorm G 24.20 D 15.95 | lr 2.00e-04
[2026-09-28T14:57:56] step 650/80000 | G 4.074 (gan 0.841/0.734, cyc 0.312, idt 0.634) | D_A 0.541 D_B 0.582 | gnorm G 29.12 D 15.89 | lr 2.00e-04
[2026-09-28T14:57:58] step 700/80000 | G 3.934 (gan 0.875/0.818, cyc 0.280, idt 0.543) | D_A 0.521 D_B 0.573 | gnorm G 31.99 D 16.02 | lr 2.00e-04
[2026-09-28T14:58:01] step 750/80000 | G 3.790 (gan 0.767/0.728, cyc 0.287, idt 0.554) | D_A 0.497 D_B 0.571 | gnorm G 33.30 D 16.43 | lr 2.00e-04
[2026-09-28T14:58:03] step 800/80000 | G 3.856 (gan 0.813/0.859, cyc 0.273, idt 0.611) | D_A 0.529 D_B 0.582 | gnorm G 39.40 D 18.76 | lr 2.00e-04
[2026-09-28T14:58:05] step 850/80000 | G 3.695 (gan 0.779/0.847, cyc 0.259, idt 0.638) | D_A 0.519 D_B 0.583 | gnorm G 37.48 D 17.75 | lr 2.00e-04
[2026-09-28T14:58:08] step 900/80000 | G 3.778 (gan 0.858/0.749, cyc 0.271, idt 0.711) | D_A 0.572 D_B 0.574 | gnorm G 41.76 D 18.88 | lr 2.00e-04
[2026-09-28T14:58:10] step 950/80000 | G 3.614 (gan 0.781/0.728, cyc 0.263, idt 0.611) | D_A 0.581 D_B 0.614 | gnorm G 34.56 D 20.02 | lr 2.00e-04
[2026-09-28T14:58:12] step 1000/80000 | G 3.435 (gan 0.730/0.699, cyc 0.251, idt 0.521) | D_A 0.586 D_B 0.606 | gnorm G 35.89 D 16.18 | lr 2.00e-04
[2026-09-28T14:58:15] step 1050/80000 | G 3.563 (gan 0.799/0.731, cyc 0.254, idt 0.574) | D_A 0.612 D_B 0.618 | gnorm G 35.85 D 16.83 | lr 2.00e-04
[2026-09-28T14:58:18] step 1100/80000 | G 3.593 (gan 0.783/0.757, cyc 0.257, idt 0.587) | D_A 0.545 D_B 0.554 | gnorm G 45.41 D 17.35 | lr 2.00e-04
[2026-09-28T14:58:20] step 1150/80000 | G 3.705 (gan 0.888/0.830, cyc 0.248, idt 0.579) | D_A 0.574 D_B 0.530 | gnorm G 60.33 D 18.96 | lr 2.00e-04
[2026-09-28T14:58:23] step 1200/80000 | G 3.642 (gan 0.850/0.802, cyc 0.249, idt 0.575) | D_A 0.560 D_B 0.587 | gnorm G 49.94 D 23.57 | lr 2.00e-04
[2026-09-28T14:58:25] step 1250/80000 | G 3.411 (gan 0.813/0.681, cyc 0.240, idt 0.835) | D_A 0.559 D_B 0.558 | gnorm G 48.98 D 21.98 | lr 2.00e-04
[2026-09-28T14:58:27] step 1300/80000 | G 3.504 (gan 0.783/0.803, cyc 0.240, idt 0.697) | D_A 0.615 D_B 0.579 | gnorm G 44.61 D 23.01 | lr 2.00e-04
[2026-09-28T14:58:30] step 1350/80000 | G 3.433 (gan 0.797/0.761, cyc 0.234, idt 0.530) | D_A 0.557 D_B 0.570 | gnorm G 47.85 D 20.08 | lr 2.00e-04
[2026-09-28T14:58:32] step 1400/80000 | G 3.523 (gan 0.810/0.737, cyc 0.247, idt 0.634) | D_A 0.567 D_B 0.561 | gnorm G 50.63 D 22.84 | lr 2.00e-04
[2026-09-28T14:58:35] step 1450/80000 | G 3.655 (gan 0.865/0.847, cyc 0.243, idt 0.397) | D_A 0.600 D_B 0.574 | gnorm G 57.07 D 25.18 | lr 2.00e-04
[2026-09-28T14:58:37] step 1500/80000 | G 3.511 (gan 0.805/0.797, cyc 0.239, idt 0.596) | D_A 0.569 D_B 0.604 | gnorm G 62.47 D 23.33 | lr 2.00e-04
[2026-09-28T14:58:40] step 1550/80000 | G 3.518 (gan 0.822/0.766, cyc 0.241, idt 0.605) | D_A 0.565 D_B 0.542 | gnorm G 51.42 D 22.27 | lr 2.00e-04
[2026-09-28T14:58:42] step 1600/80000 | G 3.561 (gan 0.795/0.870, cyc 0.237, idt 0.538) | D_A 0.562 D_B 0.545 | gnorm G 61.91 D 21.74 | lr 2.00e-04
[2026-09-28T14:58:45] step 1650/80000 | G 3.576 (gan 0.925/0.787, cyc 0.233, idt 0.542) | D_A 0.572 D_B 0.561 | gnorm G 64.37 D 24.64 | lr 2.00e-04
[2026-09-28T14:58:47] step 1700/80000 | G 3.560 (gan 0.887/0.794, cyc 0.235, idt 0.560) | D_A 0.531 D_B 0.585 | gnorm G 63.25 D 21.83 | lr 2.00e-04
[2026-09-28T14:58:50] step 1750/80000 | G 3.358 (gan 0.729/0.812, cyc 0.227, idt 0.542) | D_A 0.618 D_B 0.528 | gnorm G 52.33 D 24.08 | lr 2.00e-04
[2026-09-28T14:58:52] step 1800/80000 | G 3.528 (gan 0.858/0.807, cyc 0.233, idt 0.510) | D_A 0.565 D_B 0.579 | gnorm G 54.23 D 22.23 | lr 2.00e-04
[2026-09-28T14:58:55] step 1850/80000 | G 3.480 (gan 0.813/0.801, cyc 0.233, idt 0.523) | D_A 0.548 D_B 0.649 | gnorm G 64.05 D 26.37 | lr 2.00e-04
[2026-09-28T14:58:57] step 1900/80000 | G 3.466 (gan 0.915/0.674, cyc 0.235, idt 0.715) | D_A 0.544 D_B 0.567 | gnorm G 63.74 D 24.64 | lr 2.00e-04
[2026-09-28T14:58:59] step 1950/80000 | G 3.510 (gan 0.798/0.759, cyc 0.244, idt 0.589) | D_A 0.581 D_B 0.565 | gnorm G 63.68 D 25.76 | lr 2.00e-04
[2026-09-28T14:59:02] step 2000/80000 | G 3.610 (gan 0.867/0.824, cyc 0.240, idt 0.571) | D_A 0.556 D_B 0.557 | gnorm G 69.89 D 25.81 | lr 2.00e-04
[2026-09-28T14:59:05] step 2050/80000 | G 3.817 (gan 0.799/0.997, cyc 0.253, idt 0.757) | D_A 0.468 D_B 0.533 | gnorm G 87.41 D 24.18 | lr 2.00e-04
[2026-09-28T14:59:08] step 2100/80000 | G 3.746 (gan 0.895/0.944, cyc 0.238, idt 0.505) | D_A 0.495 D_B 0.526 | gnorm G 97.69 D 24.90 | lr 2.00e-04
[2026-09-28T14:59:10] step 2150/80000 | G 3.779 (gan 1.029/0.948, cyc 0.225, idt 0.311) | D_A 0.557 D_B 0.505 | gnorm G 102.33 D 31.28 | lr 2.00e-04
[2026-09-28T14:59:13] step 2200/80000 | G 3.716 (gan 0.859/1.022, cyc 0.229, idt 0.495) | D_A 0.582 D_B 0.539 | gnorm G 93.90 D 31.87 | lr 2.00e-04
[2026-09-28T14:59:15] step 2250/80000 | G 3.820 (gan 1.174/0.834, cyc 0.227, idt 0.511) | D_A 0.527 D_B 0.486 | gnorm G 100.44 D 27.25 | lr 2.00e-04
[2026-09-28T14:59:18] step 2300/80000 | G 3.799 (gan 1.023/0.878, cyc 0.237, idt 0.548) | D_A 0.533 D_B 0.529 | gnorm G 102.86 D 32.08 | lr 2.00e-04
[2026-09-28T14:59:20] step 2350/80000 | G 3.467 (gan 0.809/0.832, cyc 0.228, idt 0.386) | D_A 0.547 D_B 0.540 | gnorm G 74.39 D 28.30 | lr 2.00e-04
[2026-09-28T14:59:23] step 2400/80000 | G 3.792 (gan 0.894/1.027, cyc 0.234, idt 0.532) | D_A 0.463 D_B 0.519 | gnorm G 113.15 D 27.08 | lr 2.00e-04
[2026-09-28T14:59:26] step 2450/80000 | G 3.796 (gan 0.817/1.151, cyc 0.229, idt 0.578) | D_A 0.424 D_B 0.540 | gnorm G 124.39 D 26.83 | lr 2.00e-04
[2026-09-28T14:59:28] step 2500/80000 | G 4.411 (gan 1.115/1.311, cyc 0.248, idt 0.769) | D_A 0.436 D_B 0.550 | gnorm G 143.15 D 34.23 | lr 2.00e-04
[2026-09-28T14:59:31] step 2550/80000 | G 3.876 (gan 0.931/1.124, cyc 0.228, idt 0.447) | D_A 0.423 D_B 0.540 | gnorm G 128.09 D 29.41 | lr 2.00e-04
[2026-09-28T14:59:33] step 2600/80000 | G 3.866 (gan 1.008/1.025, cyc 0.229, idt 0.628) | D_A 0.541 D_B 0.513 | gnorm G 123.23 D 37.57 | lr 2.00e-04
[2026-09-28T14:59:36] step 2650/80000 | G 3.636 (gan 0.979/0.929, cyc 0.216, idt 0.392) | D_A 0.467 D_B 0.499 | gnorm G 116.93 D 27.89 | lr 2.00e-04
[2026-09-28T14:59:39] step 2700/80000 | G 3.766 (gan 0.954/1.052, cyc 0.220, idt 0.451) | D_A 0.532 D_B 0.495 | gnorm G 134.99 D 31.95 | lr 2.00e-04
[2026-09-28T14:59:41] step 2750/80000 | G 4.136 (gan 1.049/1.188, cyc 0.237, idt 0.431) | D_A 0.438 D_B 0.518 | gnorm G 148.36 D 33.81 | lr 2.00e-04
[2026-09-28T14:59:44] step 2800/80000 | G 3.935 (gan 1.042/1.098, cyc 0.224, idt 0.466) | D_A 0.445 D_B 0.494 | gnorm G 148.90 D 32.45 | lr 2.00e-04
[2026-09-28T14:59:46] step 2850/80000 | G 3.551 (gan 0.905/0.892, cyc 0.219, idt 0.544) | D_A 0.511 D_B 0.497 | gnorm G 120.24 D 31.96 | lr 2.00e-04
[2026-09-28T14:59:49] step 2900/80000 | G 3.892 (gan 1.071/1.060, cyc 0.220, idt 0.706) | D_A 0.503 D_B 0.602 | gnorm G 127.76 D 37.64 | lr 2.00e-04
[2026-09-28T14:59:51] step 2950/80000 | G 3.518 (gan 0.819/0.927, cyc 0.221, idt 0.440) | D_A 0.520 D_B 0.494 | gnorm G 104.49 D 34.55 | lr 2.00e-04
[2026-09-28T14:59:54] step 3000/80000 | G 3.954 (gan 0.923/1.256, cyc 0.222, idt 0.671) | D_A 0.476 D_B 0.496 | gnorm G 168.21 D 30.82 | lr 2.00e-04
[2026-09-28T14:59:57] step 3050/80000 | G 3.770 (gan 0.954/1.024, cyc 0.224, idt 0.575) | D_A 0.494 D_B 0.547 | gnorm G 133.89 D 36.57 | lr 2.00e-04
[2026-09-28T15:00:00] step 3100/80000 | G 3.607 (gan 0.967/0.858, cyc 0.223, idt 0.543) | D_A 0.580 D_B 0.551 | gnorm G 99.32 D 34.70 | lr 2.00e-04
[2026-09-28T15:00:02] step 3150/80000 | G 3.564 (gan 0.936/0.918, cyc 0.214, idt 0.596) | D_A 0.543 D_B 0.527 | gnorm G 107.06 D 35.82 | lr 2.00e-04
[2026-09-28T15:00:05] step 3200/80000 | G 3.555 (gan 0.899/0.872, cyc 0.223, idt 0.692) | D_A 0.535 D_B 0.471 | gnorm G 109.64 D 30.82 | lr 2.00e-04
[2026-09-28T15:00:07] step 3250/80000 | G 3.901 (gan 1.096/0.991, cyc 0.227, idt 0.607) | D_A 0.457 D_B 0.479 | gnorm G 150.51 D 30.83 | lr 2.00e-04
[2026-09-28T15:00:10] step 3300/80000 | G 3.647 (gan 0.981/0.933, cyc 0.217, idt 0.406) | D_A 0.500 D_B 0.610 | gnorm G 127.53 D 34.11 | lr 2.00e-04
[2026-09-28T15:00:12] step 3350/80000 | G 3.775 (gan 1.080/0.989, cyc 0.213, idt 0.565) | D_A 0.479 D_B 0.465 | gnorm G 137.87 D 30.12 | lr 2.00e-04
[2026-09-28T15:00:15] step 3400/80000 | G 3.862 (gan 1.158/0.886, cyc 0.227, idt 0.505) | D_A 0.533 D_B 0.508 | gnorm G 127.48 D 33.75 | lr 2.00e-04
[2026-09-28T15:00:17] step 3450/80000 | G 3.699 (gan 1.039/0.863, cyc 0.225, idt 0.582) | D_A 0.553 D_B 0.457 | gnorm G 125.01 D 32.53 | lr 2.00e-04
[2026-09-28T15:00:20] step 3500/80000 | G 3.617 (gan 1.041/0.886, cyc 0.211, idt 0.609) | D_A 0.549 D_B 0.500 | gnorm G 127.10 D 35.42 | lr 2.00e-04
[2026-09-28T15:00:23] step 3550/80000 | G 3.668 (gan 1.005/0.886, cyc 0.222, idt 0.900) | D_A 0.486 D_B 0.507 | gnorm G 141.43 D 32.82 | lr 2.00e-04
[2026-09-28T15:00:25] step 3600/80000 | G 3.622 (gan 0.998/0.873, cyc 0.219, idt 0.639) | D_A 0.471 D_B 0.497 | gnorm G 125.96 D 31.09 | lr 2.00e-04
[2026-09-28T15:00:28] step 3650/80000 | G 3.921 (gan 1.056/1.083, cyc 0.223, idt 0.507) | D_A 0.509 D_B 0.473 | gnorm G 143.09 D 32.94 | lr 2.00e-04
[2026-09-28T15:00:30] step 3700/80000 | G 3.611 (gan 0.975/0.913, cyc 0.215, idt 0.358) | D_A 0.498 D_B 0.560 | gnorm G 131.19 D 32.98 | lr 2.00e-04
[2026-09-28T15:00:33] step 3750/80000 | G 3.702 (gan 1.037/0.931, cyc 0.217, idt 0.613) | D_A 0.497 D_B 0.565 | gnorm G 144.42 D 36.02 | lr 2.00e-04
[2026-09-28T15:00:36] step 3800/80000 | G 3.913 (gan 1.025/1.086, cyc 0.225, idt 0.478) | D_A 0.477 D_B 0.552 | gnorm G 141.64 D 34.32 | lr 2.00e-04
[2026-09-28T15:00:38] step 3850/80000 | G 3.728 (gan 0.913/1.072, cyc 0.218, idt 0.618) | D_A 0.490 D_B 0.496 | gnorm G 151.92 D 30.77 | lr 2.00e-04
[2026-09-28T15:00:41] step 3900/80000 | G 3.885 (gan 1.072/1.049, cyc 0.220, idt 0.548) | D_A 0.485 D_B 0.524 | gnorm G 151.46 D 36.32 | lr 2.00e-04
[2026-09-28T15:00:43] step 3950/80000 | G 3.484 (gan 0.973/0.829, cyc 0.210, idt 0.645) | D_A 0.481 D_B 0.551 | gnorm G 119.82 D 32.93 | lr 2.00e-04
[2026-09-28T15:00:46] step 4000/80000 | G 3.788 (gan 1.123/0.921, cyc 0.218, idt 0.499) | D_A 0.479 D_B 0.460 | gnorm G 151.09 D 34.71 | lr 2.00e-04
[2026-09-28T15:00:49] step 4050/80000 | G 3.790 (gan 1.080/0.934, cyc 0.222, idt 0.957) | D_A 0.451 D_B 0.446 | gnorm G 158.33 D 32.82 | lr 2.00e-04
[2026-09-28T15:00:51] step 4100/80000 | G 4.003 (gan 1.150/1.017, cyc 0.230, idt 0.557) | D_A 0.437 D_B 0.434 | gnorm G 171.78 D 33.17 | lr 2.00e-04
[2026-09-28T15:00:54] step 4150/80000 | G 3.998 (gan 1.217/0.974, cyc 0.226, idt 0.455) | D_A 0.479 D_B 0.496 | gnorm G 165.36 D 36.05 | lr 2.00e-04
[2026-09-28T15:00:57] step 4200/80000 | G 3.804 (gan 0.937/1.121, cyc 0.218, idt 0.406) | D_A 0.463 D_B 0.505 | gnorm G 164.73 D 32.88 | lr 2.00e-04
[2026-09-28T15:00:59] step 4250/80000 | G 3.919 (gan 1.045/1.071, cyc 0.225, idt 0.507) | D_A 0.485 D_B 0.490 | gnorm G 155.43 D 36.33 | lr 2.00e-04
[2026-09-28T15:01:02] step 4300/80000 | G 3.844 (gan 0.992/1.073, cyc 0.222, idt 0.505) | D_A 0.464 D_B 0.591 | gnorm G 157.16 D 38.78 | lr 2.00e-04
[2026-09-28T15:01:04] step 4350/80000 | G 3.877 (gan 1.077/1.042, cyc 0.220, idt 0.935) | D_A 0.592 D_B 0.478 | gnorm G 135.17 D 36.88 | lr 2.00e-04
[2026-09-28T15:01:07] step 4400/80000 | G 3.710 (gan 1.054/0.994, cyc 0.208, idt 0.742) | D_A 0.491 D_B 0.504 | gnorm G 137.26 D 34.46 | lr 2.00e-04
[2026-09-28T15:01:10] step 4450/80000 | G 3.815 (gan 1.089/1.035, cyc 0.211, idt 0.516) | D_A 0.501 D_B 0.473 | gnorm G 154.08 D 37.88 | lr 2.00e-04
[2026-09-28T15:01:12] step 4500/80000 | G 3.807 (gan 1.200/0.893, cyc 0.214, idt 0.465) | D_A 0.486 D_B 0.493 | gnorm G 140.10 D 33.01 | lr 2.00e-04
[2026-09-28T15:01:15] step 4550/80000 | G 3.686 (gan 1.082/0.858, cyc 0.218, idt 0.587) | D_A 0.485 D_B 0.499 | gnorm G 127.94 D 35.18 | lr 2.00e-04
[2026-09-28T15:01:17] step 4600/80000 | G 3.437 (gan 0.904/0.868, cyc 0.208, idt 0.607) | D_A 0.519 D_B 0.519 | gnorm G 109.12 D 30.60 | lr 2.00e-04
[2026-09-28T15:01:20] step 4650/80000 | G 3.593 (gan 0.966/0.913, cyc 0.214, idt 0.677) | D_A 0.505 D_B 0.499 | gnorm G 130.25 D 34.10 | lr 2.00e-04
[2026-09-28T15:01:22] step 4700/80000 | G 3.814 (gan 0.953/1.083, cyc 0.222, idt 0.545) | D_A 0.492 D_B 0.543 | gnorm G 133.88 D 35.17 | lr 2.00e-04
[2026-09-28T15:01:25] step 4750/80000 | G 3.710 (gan 1.008/0.978, cyc 0.216, idt 0.653) | D_A 0.482 D_B 0.573 | gnorm G 134.35 D 33.78 | lr 2.00e-04
[2026-09-28T15:01:28] step 4800/80000 | G 3.622 (gan 0.938/1.011, cyc 0.209, idt 0.395) | D_A 0.479 D_B 0.506 | gnorm G 120.54 D 34.05 | lr 2.00e-04
[2026-09-28T15:01:30] step 4850/80000 | G 3.788 (gan 1.062/0.974, cyc 0.219, idt 0.443) | D_A 0.496 D_B 0.479 | gnorm G 133.62 D 31.06 | lr 2.00e-04
[2026-09-28T15:01:33] step 4900/80000 | G 3.973 (gan 1.078/1.178, cyc 0.215, idt 0.837) | D_A 0.451 D_B 0.503 | gnorm G 164.90 D 31.85 | lr 2.00e-04
[2026-09-28T15:01:35] step 4950/80000 | G 3.594 (gan 0.923/0.975, cyc 0.212, idt 0.530) | D_A 0.510 D_B 0.528 | gnorm G 136.08 D 35.25 | lr 2.00e-04
[2026-09-28T15:01:38] step 5000/80000 | G 3.616 (gan 1.013/0.925, cyc 0.210, idt 0.639) | D_A 0.482 D_B 0.507 | gnorm G 149.12 D 34.51 | lr 2.00e-04
[2026-09-28T15:01:41] step 5050/80000 | G 3.610 (gan 0.949/0.931, cyc 0.216, idt 0.668) | D_A 0.506 D_B 0.456 | gnorm G 122.35 D 34.18 | lr 2.00e-04
[2026-09-28T15:01:44] step 5100/80000 | G 3.941 (gan 1.180/0.987, cyc 0.222, idt 1.053) | D_A 0.446 D_B 0.464 | gnorm G 155.00 D 32.68 | lr 2.00e-04
[2026-09-28T15:01:46] step 5150/80000 | G 4.040 (gan 1.325/1.006, cyc 0.214, idt 0.899) | D_A 0.482 D_B 0.421 | gnorm G 160.55 D 31.38 | lr 2.00e-04
[2026-09-28T15:01:49] step 5200/80000 | G 4.512 (gan 1.381/1.260, cyc 0.234, idt 0.866) | D_A 0.402 D_B 0.396 | gnorm G 208.07 D 27.81 | lr 2.00e-04
[2026-09-28T15:01:51] step 5250/80000 | G 3.998 (gan 1.149/1.048, cyc 0.225, idt 0.396) | D_A 0.412 D_B 0.406 | gnorm G 171.26 D 33.93 | lr 2.00e-04
[2026-09-28T15:01:54] step 5300/80000 | G 4.177 (gan 1.307/1.026, cyc 0.230, idt 0.711) | D_A 0.470 D_B 0.404 | gnorm G 170.66 D 34.65 | lr 2.00e-04
[2026-09-28T15:01:57] step 5350/80000 | G 4.013 (gan 1.260/0.937, cyc 0.227, idt 0.473) | D_A 0.411 D_B 0.443 | gnorm G 181.66 D 33.33 | lr 2.00e-04
[2026-09-28T15:01:59] step 5400/80000 | G 4.500 (gan 1.593/1.175, cyc 0.216, idt 0.522) | D_A 0.441 D_B 0.341 | gnorm G 225.88 D 32.32 | lr 2.00e-04
[2026-09-28T15:02:02] step 5450/80000 | G 4.119 (gan 1.302/1.092, cyc 0.216, idt 0.533) | D_A 0.395 D_B 0.470 | gnorm G 183.76 D 34.85 | lr 2.00e-04
[2026-09-28T15:02:04] step 5500/80000 | G 3.983 (gan 1.012/1.172, cyc 0.225, idt 0.473) | D_A 0.442 D_B 0.520 | gnorm G 179.07 D 39.66 | lr 2.00e-04
[2026-09-28T15:02:07] step 5550/80000 | G 4.176 (gan 0.996/1.369, cyc 0.226, idt 0.427) | D_A 0.423 D_B 0.457 | gnorm G 190.77 D 35.06 | lr 2.00e-04
[2026-09-28T15:02:09] step 5600/80000 | G 4.288 (gan 1.164/1.392, cyc 0.217, idt 0.469) | D_A 0.526 D_B 0.508 | gnorm G 196.60 D 42.63 | lr 2.00e-04
[2026-09-28T15:02:12] step 5650/80000 | G 4.069 (gan 1.201/1.087, cyc 0.223, idt 0.720) | D_A 0.539 D_B 0.547 | gnorm G 157.51 D 47.57 | lr 2.00e-04
[2026-09-28T15:02:14] step 5700/80000 | G 3.742 (gan 1.051/0.955, cyc 0.217, idt 0.525) | D_A 0.477 D_B 0.537 | gnorm G 127.39 D 37.86 | lr 2.00e-04
[2026-09-28T15:02:17] step 5750/80000 | G 3.702 (gan 1.050/0.880, cyc 0.222, idt 0.363) | D_A 0.443 D_B 0.524 | gnorm G 142.31 D 36.53 | lr 2.00e-04
[2026-09-28T15:02:19] step 5800/80000 | G 3.679 (gan 0.949/1.017, cyc 0.214, idt 0.452) | D_A 0.514 D_B 0.445 | gnorm G 139.88 D 32.56 | lr 2.00e-04
[2026-09-28T15:02:22] step 5850/80000 | G 3.804 (gan 0.995/1.071, cyc 0.217, idt 0.490) | D_A 0.431 D_B 0.517 | gnorm G 159.64 D 34.36 | lr 2.00e-04
[2026-09-28T15:02:25] step 5900/80000 | G 4.080 (gan 1.056/1.198, cyc 0.228, idt 0.579) | D_A 0.439 D_B 0.461 | gnorm G 154.42 D 34.28 | lr 2.00e-04
[2026-09-28T15:02:27] step 5950/80000 | G 3.680 (gan 0.990/0.955, cyc 0.217, idt 0.469) | D_A 0.456 D_B 0.510 | gnorm G 134.90 D 36.94 | lr 2.00e-04
[2026-09-28T15:02:30] step 6000/80000 | G 3.908 (gan 1.086/1.120, cyc 0.213, idt 0.532) | D_A 0.427 D_B 0.464 | gnorm G 178.51 D 35.98 | lr 2.00e-04
[2026-09-28T15:02:33] step 6050/80000 | G 4.261 (gan 1.143/1.288, cyc 0.229, idt 0.473) | D_A 0.444 D_B 0.486 | gnorm G 178.75 D 42.04 | lr 2.00e-04
[2026-09-28T15:02:36] step 6100/80000 | G 3.746 (gan 0.900/1.067, cyc 0.222, idt 0.466) | D_A 0.449 D_B 0.543 | gnorm G 154.35 D 38.05 | lr 2.00e-04
[2026-09-28T15:02:38] step 6150/80000 | G 4.004 (gan 1.157/1.082, cyc 0.221, idt 0.594) | D_A 0.454 D_B 0.464 | gnorm G 166.66 D 34.47 | lr 2.00e-04
[2026-09-28T15:02:41] step 6200/80000 | G 4.297 (gan 1.218/1.261, cyc 0.227, idt 0.736) | D_A 0.515 D_B 0.479 | gnorm G 170.84 D 40.89 | lr 2.00e-04
[2026-09-28T15:02:44] step 6250/80000 | G 3.812 (gan 1.022/0.980, cyc 0.226, idt 0.824) | D_A 0.467 D_B 0.453 | gnorm G 135.12 D 36.52 | lr 2.00e-04
[2026-09-28T15:02:46] step 6300/80000 | G 3.847 (gan 1.074/1.037, cyc 0.217, idt 0.476) | D_A 0.502 D_B 0.471 | gnorm G 171.83 D 37.42 | lr 2.00e-04
[2026-09-28T15:02:49] step 6350/80000 | G 3.967 (gan 1.118/1.108, cyc 0.218, idt 0.752) | D_A 0.439 D_B 0.467 | gnorm G 186.81 D 34.70 | lr 2.00e-04
[2026-09-28T15:02:51] step 6400/80000 | G 4.076 (gan 1.194/1.073, cyc 0.226, idt 0.639) | D_A 0.413 D_B 0.511 | gnorm G 156.61 D 35.52 | lr 2.00e-04
[2026-09-28T15:02:54] step 6450/80000 | G 3.831 (gan 1.066/1.017, cyc 0.219, idt 0.685) | D_A 0.386 D_B 0.525 | gnorm G 153.86 D 33.08 | lr 2.00e-04
[2026-09-28T15:02:56] step 6500/80000 | G 4.213 (gan 1.235/1.229, cyc 0.219, idt 0.530) | D_A 0.426 D_B 0.447 | gnorm G 205.48 D 31.43 | lr 2.00e-04
[2026-09-28T15:02:59] step 6550/80000 | G 3.694 (gan 1.035/0.948, cyc 0.214, idt 0.398) | D_A 0.497 D_B 0.459 | gnorm G 154.63 D 36.84 | lr 2.00e-04
[2026-09-28T15:03:02] step 6600/80000 | G 4.023 (gan 1.071/1.227, cyc 0.216, idt 0.531) | D_A 0.408 D_B 0.454 | gnorm G 204.27 D 34.40 | lr 2.00e-04
[2026-09-28T15:03:04] step 6650/80000 | G 3.872 (gan 1.040/1.123, cyc 0.214, idt 0.429) | D_A 0.393 D_B 0.522 | gnorm G 190.00 D 35.87 | lr 2.00e-04
[2026-09-28T15:03:07] step 6700/80000 | G 4.438 (gan 1.132/1.483, cyc 0.228, idt 0.502) | D_A 0.324 D_B 0.459 | gnorm G 214.29 D 33.81 | lr 2.00e-04
[2026-09-28T15:03:09] step 6750/80000 | G 4.234 (gan 1.187/1.256, cyc 0.224, idt 0.405) | D_A 0.444 D_B 0.493 | gnorm G 198.66 D 41.67 | lr 2.00e-04
[2026-09-28T15:03:12] step 6800/80000 | G 4.126 (gan 1.124/1.289, cyc 0.214, idt 0.687) | D_A 0.406 D_B 0.532 | gnorm G 201.48 D 38.85 | lr 2.00e-04
[2026-09-28T15:03:14] step 6850/80000 | G 3.971 (gan 1.037/1.221, cyc 0.214, idt 0.363) | D_A 0.568 D_B 0.537 | gnorm G 189.55 D 48.36 | lr 2.00e-04
[2026-09-28T15:03:17] step 6900/80000 | G 4.034 (gan 1.211/1.107, cyc 0.214, idt 0.406) | D_A 0.386 D_B 0.567 | gnorm G 183.38 D 36.65 | lr 2.00e-04
[2026-09-28T15:03:20] step 6950/80000 | G 4.076 (gan 1.056/1.230, cyc 0.224, idt 0.555) | D_A 0.407 D_B 0.467 | gnorm G 201.29 D 35.66 | lr 2.00e-04
[2026-09-28T15:03:22] step 7000/80000 | G 4.313 (gan 1.108/1.327, cyc 0.235, idt 0.526) | D_A 0.480 D_B 0.466 | gnorm G 186.67 D 36.36 | lr 2.00e-04
[2026-09-28T15:03:25] step 7050/80000 | G 4.121 (gan 1.049/1.310, cyc 0.220, idt 0.525) | D_A 0.343 D_B 0.439 | gnorm G 219.72 D 29.99 | lr 2.00e-04
[2026-09-28T15:03:28] step 7100/80000 | G 4.076 (gan 1.028/1.271, cyc 0.222, idt 0.433) | D_A 0.397 D_B 0.533 | gnorm G 202.18 D 36.57 | lr 2.00e-04
[2026-09-28T15:03:30] step 7150/80000 | G 3.971 (gan 1.003/1.198, cyc 0.221, idt 0.324) | D_A 0.424 D_B 0.480 | gnorm G 175.58 D 36.04 | lr 2.00e-04
[2026-09-28T15:03:33] step 7200/80000 | G 3.863 (gan 1.076/1.129, cyc 0.207, idt 0.538) | D_A 0.375 D_B 0.473 | gnorm G 168.91 D 33.25 | lr 2.00e-04
[2026-09-28T15:03:36] step 7250/80000 | G 4.201 (gan 1.083/1.422, cyc 0.212, idt 0.605) | D_A 0.445 D_B 0.511 | gnorm G 233.33 D 41.61 | lr 2.00e-04
[2026-09-28T15:03:38] step 7300/80000 | G 4.418 (gan 1.362/1.188, cyc 0.233, idt 0.430) | D_A 0.451 D_B 0.418 | gnorm G 202.19 D 36.43 | lr 2.00e-04
[2026-09-28T15:03:41] step 7350/80000 | G 3.968 (gan 1.072/1.170, cyc 0.216, idt 0.488) | D_A 0.400 D_B 0.480 | gnorm G 196.75 D 36.33 | lr 2.00e-04
[2026-09-28T15:03:44] step 7400/80000 | G 3.762 (gan 1.033/1.120, cyc 0.201, idt 0.505) | D_A 0.474 D_B 0.492 | gnorm G 166.06 D 40.93 | lr 2.00e-04
[2026-09-28T15:03:46] step 7450/80000 | G 3.884 (gan 1.080/1.041, cyc 0.220, idt 0.519) | D_A 0.491 D_B 0.498 | gnorm G 164.37 D 39.76 | lr 2.00e-04
[2026-09-28T15:03:49] step 7500/80000 | G 4.196 (gan 1.240/1.239, cyc 0.215, idt 0.746) | D_A 0.399 D_B 0.426 | gnorm G 188.43 D 34.55 | lr 2.00e-04
[2026-09-28T15:03:51] step 7550/80000 | G 4.178 (gan 1.189/1.212, cyc 0.222, idt 0.548) | D_A 0.417 D_B 0.459 | gnorm G 182.34 D 34.82 | lr 2.00e-04
[2026-09-28T15:03:54] step 7600/80000 | G 4.126 (gan 1.081/1.242, cyc 0.225, idt 0.655) | D_A 0.443 D_B 0.442 | gnorm G 197.15 D 36.10 | lr 2.00e-04
[2026-09-28T15:03:56] step 7650/80000 | G 4.069 (gan 1.204/1.138, cyc 0.216, idt 0.534) | D_A 0.428 D_B 0.456 | gnorm G 214.38 D 38.20 | lr 2.00e-04
[2026-09-28T15:03:59] step 7700/80000 | G 4.098 (gan 1.135/1.224, cyc 0.217, idt 0.450) | D_A 0.379 D_B 0.402 | gnorm G 207.08 D 33.64 | lr 2.00e-04
[2026-09-28T15:04:01] step 7750/80000 | G 4.094 (gan 1.090/1.344, cyc 0.208, idt 0.384) | D_A 0.370 D_B 0.495 | gnorm G 216.92 D 36.64 | lr 2.00e-04
[2026-09-28T15:04:04] step 7800/80000 | G 4.556 (gan 1.161/1.544, cyc 0.231, idt 0.700) | D_A 0.450 D_B 0.516 | gnorm G 195.76 D 43.37 | lr 2.00e-04
[2026-09-28T15:04:06] step 7850/80000 | G 4.126 (gan 1.008/1.417, cyc 0.213, idt 0.680) | D_A 0.388 D_B 0.559 | gnorm G 196.98 D 38.07 | lr 2.00e-04
[2026-09-28T15:04:08] step 7900/80000 | G 4.612 (gan 1.070/1.748, cyc 0.224, idt 0.494) | D_A 0.342 D_B 0.479 | gnorm G 260.81 D 33.23 | lr 2.00e-04
[2026-09-28T15:04:11] step 7950/80000 | G 4.014 (gan 1.186/1.017, cyc 0.226, idt 0.608) | D_A 0.392 D_B 0.515 | gnorm G 169.62 D 33.92 | lr 2.00e-04
[2026-09-28T15:04:13] step 8000/80000 | G 3.856 (gan 0.953/1.191, cyc 0.214, idt 0.542) | D_A 0.401 D_B 0.518 | gnorm G 183.56 D 34.78 | lr 2.00e-04
[2026-09-28T15:04:16] step 8050/80000 | G 4.269 (gan 1.181/1.326, cyc 0.220, idt 0.626) | D_A 0.479 D_B 0.419 | gnorm G 203.29 D 37.47 | lr 2.00e-04
[2026-09-28T15:04:19] step 8100/80000 | G 4.156 (gan 0.984/1.393, cyc 0.222, idt 0.542) | D_A 0.452 D_B 0.489 | gnorm G 205.34 D 41.89 | lr 2.00e-04
[2026-09-28T15:04:21] step 8150/80000 | G 3.952 (gan 1.004/1.238, cyc 0.214, idt 0.523) | D_A 0.449 D_B 0.468 | gnorm G 162.31 D 38.32 | lr 2.00e-04
[2026-09-28T15:04:23] step 8200/80000 | G 3.789 (gan 1.077/1.054, cyc 0.207, idt 0.660) | D_A 0.430 D_B 0.508 | gnorm G 177.36 D 37.99 | lr 2.00e-04
[2026-09-28T15:04:26] step 8250/80000 | G 4.188 (gan 1.206/1.182, cyc 0.225, idt 0.415) | D_A 0.392 D_B 0.417 | gnorm G 186.68 D 33.18 | lr 2.00e-04
[2026-09-28T15:04:28] step 8300/80000 | G 4.157 (gan 1.099/1.257, cyc 0.225, idt 0.747) | D_A 0.383 D_B 0.568 | gnorm G 207.31 D 40.45 | lr 2.00e-04
[2026-09-28T15:04:31] step 8350/80000 | G 3.899 (gan 1.044/1.130, cyc 0.216, idt 0.605) | D_A 0.453 D_B 0.431 | gnorm G 161.60 D 34.08 | lr 2.00e-04
[2026-09-28T15:04:33] step 8400/80000 | G 4.062 (gan 1.168/1.141, cyc 0.219, idt 0.439) | D_A 0.459 D_B 0.476 | gnorm G 178.26 D 36.60 | lr 2.00e-04
[2026-09-28T15:04:36] step 8450/80000 | G 4.162 (gan 1.380/1.126, cyc 0.207, idt 0.471) | D_A 0.521 D_B 0.410 | gnorm G 179.63 D 42.65 | lr 2.00e-04
[2026-09-28T15:04:38] step 8500/80000 | G 4.132 (gan 1.253/1.173, cyc 0.213, idt 0.559) | D_A 0.436 D_B 0.414 | gnorm G 203.55 D 35.23 | lr 2.00e-04
[2026-09-28T15:04:40] step 8550/80000 | G 4.621 (gan 1.414/1.430, cyc 0.222, idt 0.543) | D_A 0.419 D_B 0.434 | gnorm G 258.65 D 39.71 | lr 2.00e-04
[2026-09-28T15:04:43] step 8600/80000 | G 4.160 (gan 1.274/1.105, cyc 0.223, idt 0.462) | D_A 0.377 D_B 0.456 | gnorm G 210.85 D 34.94 | lr 2.00e-04
[2026-09-28T15:04:45] step 8650/80000 | G 4.690 (gan 1.445/1.376, cyc 0.234, idt 0.640) | D_A 0.396 D_B 0.374 | gnorm G 244.60 D 35.02 | lr 2.00e-04
[2026-09-28T15:04:48] step 8700/80000 | G 4.397 (gan 1.432/1.260, cyc 0.213, idt 0.641) | D_A 0.472 D_B 0.372 | gnorm G 246.66 D 41.09 | lr 2.00e-04
[2026-09-28T15:04:50] step 8750/80000 | G 4.280 (gan 1.239/1.253, cyc 0.223, idt 0.565) | D_A 0.580 D_B 0.471 | gnorm G 203.46 D 48.26 | lr 2.00e-04
[2026-09-28T15:04:53] step 8800/80000 | G 3.974 (gan 1.184/1.038, cyc 0.219, idt 0.559) | D_A 0.435 D_B 0.514 | gnorm G 170.90 D 39.60 | lr 2.00e-04
[2026-09-28T15:04:55] step 8850/80000 | G 3.977 (gan 1.031/1.271, cyc 0.209, idt 0.630) | D_A 0.438 D_B 0.455 | gnorm G 189.09 D 37.69 | lr 2.00e-04
[2026-09-28T15:04:58] step 8900/80000 | G 4.056 (gan 1.203/1.125, cyc 0.216, idt 0.452) | D_A 0.393 D_B 0.443 | gnorm G 156.45 D 33.42 | lr 2.00e-04
[2026-09-28T15:05:00] step 8950/80000 | G 3.905 (gan 1.234/0.944, cyc 0.216, idt 0.417) | D_A 0.452 D_B 0.540 | gnorm G 146.20 D 41.84 | lr 2.00e-04
[2026-09-28T15:05:03] step 9000/80000 | G 4.031 (gan 0.987/1.264, cyc 0.223, idt 0.714) | D_A 0.428 D_B 0.520 | gnorm G 189.16 D 38.45 | lr 2.00e-04
[2026-09-28T15:05:06] step 9050/80000 | G 3.932 (gan 0.997/1.138, cyc 0.225, idt 0.614) | D_A 0.382 D_B 0.458 | gnorm G 156.29 D 33.32 | lr 2.00e-04
[2026-09-28T15:05:08] step 9100/80000 | G 4.206 (gan 1.169/1.270, cyc 0.221, idt 0.451) | D_A 0.413 D_B 0.469 | gnorm G 178.86 D 37.36 | lr 2.00e-04
[2026-09-28T15:05:11] step 9150/80000 | G 4.012 (gan 1.177/1.152, cyc 0.210, idt 0.335) | D_A 0.666 D_B 0.471 | gnorm G 170.12 D 42.15 | lr 2.00e-04
[2026-09-28T15:05:13] step 9200/80000 | G 4.091 (gan 1.189/1.188, cyc 0.214, idt 0.469) | D_A 0.422 D_B 0.458 | gnorm G 194.39 D 37.97 | lr 2.00e-04
[2026-09-28T15:05:15] step 9250/80000 | G 4.198 (gan 1.213/1.214, cyc 0.221, idt 0.963) | D_A 0.396 D_B 0.478 | gnorm G 190.01 D 41.21 | lr 2.00e-04
[2026-09-28T15:05:18] step 9300/80000 | G 4.407 (gan 1.269/1.353, cyc 0.223, idt 0.488) | D_A 0.382 D_B 0.501 | gnorm G 220.62 D 38.76 | lr 2.00e-04
[2026-09-28T15:05:20] step 9350/80000 | G 4.166 (gan 1.120/1.351, cyc 0.212, idt 0.415) | D_A 0.367 D_B 0.472 | gnorm G 229.33 D 34.58 | lr 2.00e-04
[2026-09-28T15:05:23] step 9400/80000 | G 4.573 (gan 1.177/1.573, cyc 0.228, idt 0.535) | D_A 0.377 D_B 0.485 | gnorm G 240.26 D 35.79 | lr 2.00e-04
[2026-09-28T15:05:25] step 9450/80000 | G 4.424 (gan 1.132/1.447, cyc 0.231, idt 0.678) | D_A 0.367 D_B 0.449 | gnorm G 215.85 D 36.33 | lr 2.00e-04
[2026-09-28T15:05:27] step 9500/80000 | G 4.271 (gan 1.245/1.265, cyc 0.220, idt 0.477) | D_A 0.383 D_B 0.483 | gnorm G 203.10 D 41.03 | lr 2.00e-04
[2026-09-28T15:05:30] step 9550/80000 | G 4.221 (gan 1.208/1.292, cyc 0.215, idt 0.417) | D_A 0.440 D_B 0.474 | gnorm G 226.52 D 43.38 | lr 2.00e-04
[2026-09-28T15:05:32] step 9600/80000 | G 4.212 (gan 1.073/1.385, cyc 0.219, idt 0.651) | D_A 0.439 D_B 0.480 | gnorm G 233.04 D 44.94 | lr 2.00e-04
[2026-09-28T15:05:35] step 9650/80000 | G 4.292 (gan 1.257/1.333, cyc 0.213, idt 0.394) | D_A 0.389 D_B 0.455 | gnorm G 238.16 D 36.20 | lr 2.00e-04
[2026-09-28T15:05:37] step 9700/80000 | G 3.997 (gan 1.202/1.127, cyc 0.209, idt 0.582) | D_A 0.423 D_B 0.425 | gnorm G 205.70 D 38.19 | lr 2.00e-04
[2026-09-28T15:05:40] step 9750/80000 | G 4.708 (gan 1.500/1.456, cyc 0.219, idt 0.446) | D_A 0.370 D_B 0.360 | gnorm G 258.18 D 37.14 | lr 2.00e-04
[2026-09-28T15:05:42] step 9800/80000 | G 4.548 (gan 1.306/1.479, cyc 0.220, idt 0.577) | D_A 0.285 D_B 0.410 | gnorm G 268.49 D 32.47 | lr 2.00e-04
[2026-09-28T15:05:45] step 9850/80000 | G 4.473 (gan 1.250/1.445, cyc 0.222, idt 0.460) | D_A 0.404 D_B 0.446 | gnorm G 228.53 D 40.38 | lr 2.00e-04
[2026-09-28T15:05:47] step 9900/80000 | G 4.215 (gan 1.229/1.151, cyc 0.229, idt 0.594) | D_A 0.424 D_B 0.382 | gnorm G 191.36 D 35.81 | lr 2.00e-04
[2026-09-28T15:05:49] step 9950/80000 | G 4.445 (gan 1.389/1.277, cyc 0.222, idt 0.569) | D_A 0.372 D_B 0.466 | gnorm G 224.67 D 42.42 | lr 2.00e-04
[2026-09-28T15:05:52] step 10000/80000 | G 4.436 (gan 1.233/1.402, cyc 0.225, idt 0.715) | D_A 0.415 D_B 0.449 | gnorm G 203.38 D 44.08 | lr 2.00e-04
[2026-09-28T15:05:55] step 10050/80000 | G 4.203 (gan 0.988/1.496, cyc 0.215, idt 0.518) | D_A 0.386 D_B 0.498 | gnorm G 205.70 D 39.50 | lr 2.00e-04
[2026-09-28T15:05:57] step 10100/80000 | G 4.474 (gan 1.294/1.361, cyc 0.227, idt 0.511) | D_A 0.449 D_B 0.477 | gnorm G 210.09 D 43.53 | lr 2.00e-04
[2026-09-28T15:06:00] step 10150/80000 | G 4.508 (gan 1.148/1.624, cyc 0.217, idt 0.561) | D_A 0.449 D_B 0.481 | gnorm G 185.85 D 39.67 | lr 2.00e-04
[2026-09-28T15:06:02] step 10200/80000 | G 4.138 (gan 1.197/1.162, cyc 0.222, idt 0.798) | D_A 0.504 D_B 0.542 | gnorm G 159.36 D 47.87 | lr 2.00e-04
[2026-09-28T15:06:05] step 10250/80000 | G 4.090 (gan 1.192/1.163, cyc 0.217, idt 0.575) | D_A 0.447 D_B 0.437 | gnorm G 195.35 D 36.98 | lr 2.00e-04
[2026-09-28T15:06:07] step 10300/80000 | G 4.123 (gan 1.045/1.295, cyc 0.223, idt 0.358) | D_A 0.373 D_B 0.439 | gnorm G 188.35 D 33.47 | lr 2.00e-04
[2026-09-28T15:06:10] step 10350/80000 | G 4.023 (gan 1.151/1.197, cyc 0.209, idt 0.483) | D_A 0.424 D_B 0.490 | gnorm G 177.97 D 40.03 | lr 2.00e-04
[2026-09-28T15:06:12] step 10400/80000 | G 4.008 (gan 1.074/1.225, cyc 0.214, idt 0.462) | D_A 0.407 D_B 0.501 | gnorm G 174.37 D 37.68 | lr 2.00e-04
[2026-09-28T15:06:15] step 10450/80000 | G 3.975 (gan 1.071/1.188, cyc 0.214, idt 0.514) | D_A 0.465 D_B 0.495 | gnorm G 170.23 D 39.82 | lr 2.00e-04
[2026-09-28T15:06:17] step 10500/80000 | G 4.303 (gan 1.130/1.371, cyc 0.225, idt 0.596) | D_A 0.455 D_B 0.573 | gnorm G 181.10 D 44.28 | lr 2.00e-04
[2026-09-28T15:06:20] step 10550/80000 | G 4.389 (gan 1.188/1.430, cyc 0.221, idt 0.526) | D_A 0.410 D_B 0.434 | gnorm G 217.81 D 34.07 | lr 2.00e-04
[2026-09-28T15:06:22] step 10600/80000 | G 4.154 (gan 1.088/1.217, cyc 0.231, idt 0.603) | D_A 0.379 D_B 0.470 | gnorm G 180.25 D 36.93 | lr 2.00e-04
[2026-09-28T15:06:25] step 10650/80000 | G 4.280 (gan 1.261/1.280, cyc 0.217, idt 0.583) | D_A 0.358 D_B 0.556 | gnorm G 204.97 D 41.06 | lr 2.00e-04
[2026-09-28T15:06:27] step 10700/80000 | G 3.954 (gan 1.134/1.162, cyc 0.207, idt 0.590) | D_A 0.474 D_B 0.536 | gnorm G 168.88 D 42.44 | lr 2.00e-04
[2026-09-28T15:06:29] step 10750/80000 | G 4.159 (gan 1.216/1.293, cyc 0.206, idt 0.593) | D_A 0.482 D_B 0.433 | gnorm G 194.64 D 40.35 | lr 2.00e-04
[2026-09-28T15:06:32] step 10800/80000 | G 4.347 (gan 1.259/1.295, cyc 0.224, idt 0.617) | D_A 0.382 D_B 0.401 | gnorm G 205.49 D 34.10 | lr 2.00e-04
[2026-09-28T15:06:34] step 10850/80000 | G 4.404 (gan 1.179/1.492, cyc 0.217, idt 0.736) | D_A 0.335 D_B 0.468 | gnorm G 237.61 D 37.97 | lr 2.00e-04
[2026-09-28T15:06:37] step 10900/80000 | G 4.135 (gan 1.042/1.268, cyc 0.228, idt 0.546) | D_A 0.424 D_B 0.442 | gnorm G 174.03 D 38.40 | lr 2.00e-04
[2026-09-28T15:06:39] step 10950/80000 | G 4.328 (gan 1.289/1.288, cyc 0.219, idt 0.543) | D_A 0.430 D_B 0.416 | gnorm G 189.03 D 38.23 | lr 2.00e-04
[2026-09-28T15:06:41] step 11000/80000 | G 4.426 (gan 1.321/1.283, cyc 0.228, idt 0.417) | D_A 0.417 D_B 0.509 | gnorm G 180.71 D 40.21 | lr 2.00e-04
[2026-09-28T15:06:45] step 11050/80000 | G 4.193 (gan 1.218/1.230, cyc 0.218, idt 0.567) | D_A 0.391 D_B 0.435 | gnorm G 181.79 D 35.23 | lr 2.00e-04
[2026-09-28T15:06:47] step 11100/80000 | G 4.326 (gan 1.215/1.367, cyc 0.218, idt 0.460) | D_A 0.660 D_B 0.476 | gnorm G 193.35 D 50.48 | lr 2.00e-04
[2026-09-28T15:06:49] step 11150/80000 | G 4.367 (gan 1.268/1.311, cyc 0.223, idt 0.558) | D_A 0.348 D_B 0.396 | gnorm G 226.85 D 31.07 | lr 2.00e-04
[2026-09-28T15:06:52] step 11200/80000 | G 4.697 (gan 1.400/1.580, cyc 0.215, idt 0.440) | D_A 0.392 D_B 0.396 | gnorm G 233.20 D 37.57 | lr 2.00e-04
[2026-09-28T15:06:54] step 11250/80000 | G 4.164 (gan 1.146/1.269, cyc 0.219, idt 0.509) | D_A 0.379 D_B 0.446 | gnorm G 214.45 D 38.22 | lr 2.00e-04
[2026-09-28T15:06:57] step 11300/80000 | G 4.485 (gan 1.278/1.394, cyc 0.227, idt 0.654) | D_A 0.370 D_B 0.504 | gnorm G 225.71 D 40.46 | lr 2.00e-04
[2026-09-28T15:06:59] step 11350/80000 | G 4.349 (gan 1.256/1.326, cyc 0.221, idt 0.598) | D_A 0.385 D_B 0.392 | gnorm G 214.37 D 32.30 | lr 2.00e-04
[2026-09-28T15:07:01] step 11400/80000 | G 4.661 (gan 1.462/1.495, cyc 0.213, idt 0.562) | D_A 0.582 D_B 0.427 | gnorm G 242.89 D 49.86 | lr 2.00e-04
[2026-09-28T15:07:04] step 11450/80000 | G 3.987 (gan 1.182/1.101, cyc 0.213, idt 0.531) | D_A 0.547 D_B 0.440 | gnorm G 160.86 D 45.58 | lr 2.00e-04
[2026-09-28T15:07:06] step 11500/80000 | G 3.926 (gan 1.204/1.109, cyc 0.202, idt 0.414) | D_A 0.460 D_B 0.485 | gnorm G 132.36 D 40.93 | lr 2.00e-04
[2026-09-28T15:07:09] step 11550/80000 | G 4.027 (gan 1.241/1.118, cyc 0.209, idt 0.458) | D_A 0.427 D_B 0.457 | gnorm G 159.50 D 40.21 | lr 2.00e-04
[2026-09-28T15:07:11] step 11600/80000 | G 4.352 (gan 1.095/1.473, cyc 0.223, idt 0.542) | D_A 0.401 D_B 0.464 | gnorm G 207.61 D 38.70 | lr 2.00e-04
[2026-09-28T15:07:13] step 11650/80000 | G 4.481 (gan 1.158/1.461, cyc 0.233, idt 0.510) | D_A 0.354 D_B 0.427 | gnorm G 216.15 D 31.54 | lr 2.00e-04
[2026-09-28T15:07:16] step 11700/80000 | G 4.318 (gan 1.166/1.309, cyc 0.230, idt 0.475) | D_A 0.378 D_B 0.506 | gnorm G 196.43 D 39.96 | lr 2.00e-04
[2026-09-28T15:07:18] step 11750/80000 | G 4.429 (gan 1.201/1.397, cyc 0.229, idt 0.506) | D_A 0.490 D_B 0.509 | gnorm G 205.33 D 47.55 | lr 2.00e-04
[2026-09-28T15:07:21] step 11800/80000 | G 4.084 (gan 1.094/1.243, cyc 0.218, idt 0.671) | D_A 0.427 D_B 0.485 | gnorm G 157.39 D 41.95 | lr 2.00e-04
[2026-09-28T15:07:23] step 11850/80000 | G 4.388 (gan 1.253/1.440, cyc 0.212, idt 0.490) | D_A 0.454 D_B 0.427 | gnorm G 213.89 D 43.07 | lr 2.00e-04
[2026-09-28T15:07:26] step 11900/80000 | G 4.486 (gan 1.382/1.310, cyc 0.224, idt 0.640) | D_A 0.397 D_B 0.432 | gnorm G 198.60 D 37.71 | lr 2.00e-04
[2026-09-28T15:07:28] step 11950/80000 | G 4.460 (gan 1.340/1.404, cyc 0.215, idt 0.688) | D_A 0.382 D_B 0.435 | gnorm G 198.75 D 42.07 | lr 2.00e-04
[2026-09-28T15:07:31] step 12000/80000 | G 4.324 (gan 1.428/1.144, cyc 0.219, idt 0.483) | D_A 0.425 D_B 0.390 | gnorm G 176.52 D 36.18 | lr 2.00e-04
[2026-09-28T15:07:34] step 12050/80000 | G 4.227 (gan 1.190/1.243, cyc 0.224, idt 1.010) | D_A 0.388 D_B 0.483 | gnorm G 192.57 D 37.14 | lr 2.00e-04
[2026-09-28T15:07:36] step 12100/80000 | G 4.403 (gan 1.273/1.435, cyc 0.212, idt 0.739) | D_A 0.371 D_B 0.424 | gnorm G 235.31 D 37.23 | lr 2.00e-04
[2026-09-28T15:07:38] step 12150/80000 | G 4.280 (gan 1.207/1.415, cyc 0.207, idt 0.476) | D_A 0.402 D_B 0.514 | gnorm G 203.48 D 44.05 | lr 2.00e-04
[2026-09-28T15:07:41] step 12200/80000 | G 4.244 (gan 1.241/1.203, cyc 0.225, idt 0.566) | D_A 0.421 D_B 0.511 | gnorm G 196.07 D 44.06 | lr 2.00e-04
[2026-09-28T15:07:43] step 12250/80000 | G 4.294 (gan 1.243/1.318, cyc 0.217, idt 0.618) | D_A 0.411 D_B 0.485 | gnorm G 195.42 D 44.79 | lr 2.00e-04
[2026-09-28T15:07:46] step 12300/80000 | G 4.570 (gan 1.302/1.551, cyc 0.215, idt 0.834) | D_A 0.396 D_B 0.449 | gnorm G 235.14 D 39.78 | lr 2.00e-04
[2026-09-28T15:07:48] step 12350/80000 | G 4.874 (gan 1.420/1.597, cyc 0.232, idt 0.469) | D_A 0.402 D_B 0.449 | gnorm G 238.61 D 43.77 | lr 2.00e-04
[2026-09-28T15:07:51] step 12400/80000 | G 4.330 (gan 1.177/1.294, cyc 0.232, idt 0.472) | D_A 0.360 D_B 0.444 | gnorm G 199.66 D 35.80 | lr 2.00e-04
[2026-09-28T15:07:53] step 12450/80000 | G 4.662 (gan 1.531/1.337, cyc 0.224, idt 0.441) | D_A 0.426 D_B 0.388 | gnorm G 202.92 D 41.94 | lr 2.00e-04
[2026-09-28T15:07:56] step 12500/80000 | G 5.059 (gan 1.515/1.660, cyc 0.236, idt 0.695) | D_A 0.458 D_B 0.488 | gnorm G 235.68 D 44.37 | lr 2.00e-04
[2026-09-28T15:07:58] step 12550/80000 | G 4.341 (gan 1.290/1.268, cyc 0.223, idt 0.471) | D_A 0.364 D_B 0.465 | gnorm G 199.68 D 37.60 | lr 2.00e-04
[2026-09-28T15:08:00] step 12600/80000 | G 4.387 (gan 1.136/1.462, cyc 0.224, idt 0.551) | D_A 0.424 D_B 0.396 | gnorm G 226.13 D 36.81 | lr 2.00e-04
[2026-09-28T15:08:03] step 12650/80000 | G 4.447 (gan 1.225/1.497, cyc 0.216, idt 0.492) | D_A 0.319 D_B 0.429 | gnorm G 234.06 D 35.12 | lr 2.00e-04
[2026-09-28T15:08:05] step 12700/80000 | G 4.390 (gan 1.212/1.430, cyc 0.218, idt 0.628) | D_A 0.465 D_B 0.456 | gnorm G 191.32 D 45.70 | lr 2.00e-04
[2026-09-28T15:08:07] step 12750/80000 | G 4.446 (gan 1.206/1.386, cyc 0.232, idt 0.490) | D_A 0.414 D_B 0.465 | gnorm G 233.40 D 39.46 | lr 2.00e-04
[2026-09-28T15:08:10] step 12800/80000 | G 4.543 (gan 1.287/1.447, cyc 0.226, idt 0.494) | D_A 0.409 D_B 0.536 | gnorm G 208.13 D 40.29 | lr 2.00e-04
[2026-09-28T15:08:12] step 12850/80000 | G 4.132 (gan 1.136/1.273, cyc 0.215, idt 0.432) | D_A 0.427 D_B 0.460 | gnorm G 155.23 D 38.15 | lr 2.00e-04
[2026-09-28T15:08:14] step 12900/80000 | G 4.361 (gan 1.220/1.381, cyc 0.220, idt 0.441) | D_A 0.436 D_B 0.489 | gnorm G 165.54 D 41.12 | lr 2.00e-04
[2026-09-28T15:08:16] step 12950/80000 | G 4.076 (gan 1.077/1.248, cyc 0.219, idt 0.503) | D_A 0.443 D_B 0.413 | gnorm G 166.77 D 37.14 | lr 2.00e-04
[2026-09-28T15:08:19] step 13000/80000 | G 4.134 (gan 1.110/1.297, cyc 0.216, idt 0.485) | D_A 0.480 D_B 0.500 | gnorm G 179.98 D 44.60 | lr 2.00e-04
[2026-09-28T15:08:22] step 13050/80000 | G 4.003 (gan 1.347/1.011, cyc 0.206, idt 0.638) | D_A 0.419 D_B 0.443 | gnorm G 156.99 D 38.91 | lr 2.00e-04
[2026-09-28T15:08:24] step 13100/80000 | G 4.206 (gan 1.368/1.077, cyc 0.220, idt 0.514) | D_A 0.437 D_B 0.412 | gnorm G 179.35 D 38.41 | lr 2.00e-04
[2026-09-28T15:08:26] step 13150/80000 | G 4.617 (gan 1.272/1.464, cyc 0.235, idt 0.684) | D_A 0.448 D_B 0.434 | gnorm G 225.54 D 40.16 | lr 2.00e-04
[2026-09-28T15:08:29] step 13200/80000 | G 4.311 (gan 1.200/1.280, cyc 0.229, idt 0.516) | D_A 0.352 D_B 0.486 | gnorm G 205.99 D 39.61 | lr 2.00e-04
[2026-09-28T15:08:31] step 13250/80000 | G 4.189 (gan 1.196/1.251, cyc 0.218, idt 0.557) | D_A 0.400 D_B 0.521 | gnorm G 184.07 D 42.24 | lr 2.00e-04
[2026-09-28T15:08:33] step 13300/80000 | G 4.603 (gan 1.373/1.357, cyc 0.234, idt 0.487) | D_A 0.398 D_B 0.399 | gnorm G 193.84 D 35.95 | lr 2.00e-04
[2026-09-28T15:08:36] step 13350/80000 | G 4.134 (gan 1.268/1.127, cyc 0.217, idt 0.640) | D_A 0.365 D_B 0.421 | gnorm G 174.79 D 37.78 | lr 2.00e-04
[2026-09-28T15:08:38] step 13400/80000 | G 4.715 (gan 1.187/1.707, cyc 0.228, idt 0.556) | D_A 0.372 D_B 0.436 | gnorm G 258.76 D 37.22 | lr 2.00e-04
[2026-09-28T15:08:40] step 13450/80000 | G 4.540 (gan 1.436/1.303, cyc 0.225, idt 0.496) | D_A 0.419 D_B 0.448 | gnorm G 225.08 D 39.90 | lr 2.00e-04
[2026-09-28T15:08:43] step 13500/80000 | G 4.161 (gan 1.200/1.227, cyc 0.217, idt 0.427) | D_A 0.360 D_B 0.417 | gnorm G 192.66 D 35.02 | lr 2.00e-04
[2026-09-28T15:08:45] step 13550/80000 | G 4.309 (gan 1.322/1.320, cyc 0.208, idt 0.451) | D_A 0.423 D_B 0.367 | gnorm G 195.89 D 36.03 | lr 2.00e-04
[2026-09-28T15:08:47] step 13600/80000 | G 4.680 (gan 1.211/1.641, cyc 0.229, idt 0.587) | D_A 0.506 D_B 0.457 | gnorm G 230.77 D 44.95 | lr 2.00e-04
[2026-09-28T15:08:50] step 13650/80000 | G 4.449 (gan 1.222/1.425, cyc 0.225, idt 0.536) | D_A 0.376 D_B 0.510 | gnorm G 199.66 D 41.57 | lr 2.00e-04
[2026-09-28T15:08:52] step 13700/80000 | G 4.645 (gan 1.209/1.656, cyc 0.223, idt 0.551) | D_A 0.369 D_B 0.393 | gnorm G 231.51 D 38.72 | lr 2.00e-04
[2026-09-28T15:08:54] step 13750/80000 | G 4.270 (gan 1.288/1.264, cyc 0.215, idt 0.528) | D_A 0.436 D_B 0.435 | gnorm G 187.89 D 40.64 | lr 2.00e-04
[2026-09-28T15:08:56] step 13800/80000 | G 4.413 (gan 1.200/1.433, cyc 0.223, idt 0.464) | D_A 0.455 D_B 0.514 | gnorm G 202.39 D 46.78 | lr 2.00e-04
[2026-09-28T15:08:59] step 13850/80000 | G 4.255 (gan 1.179/1.273, cyc 0.225, idt 0.535) | D_A 0.402 D_B 0.503 | gnorm G 203.13 D 40.31 | lr 2.00e-04
[2026-09-28T15:09:01] step 13900/80000 | G 4.484 (gan 1.160/1.557, cyc 0.221, idt 0.455) | D_A 0.346 D_B 0.478 | gnorm G 222.10 D 40.08 | lr 2.00e-04
[2026-09-28T15:09:03] step 13950/80000 | G 4.374 (gan 1.186/1.466, cyc 0.215, idt 0.820) | D_A 0.396 D_B 0.488 | gnorm G 165.59 D 40.94 | lr 2.00e-04
[2026-09-28T15:09:06] step 14000/80000 | G 4.505 (gan 1.362/1.428, cyc 0.214, idt 0.513) | D_A 0.424 D_B 0.372 | gnorm G 228.46 D 38.20 | lr 2.00e-04
[2026-09-28T15:09:09] step 14050/80000 | G 4.458 (gan 1.354/1.348, cyc 0.219, idt 0.628) | D_A 0.342 D_B 0.419 | gnorm G 206.65 D 36.47 | lr 2.00e-04
[2026-09-28T15:09:11] step 14100/80000 | G 4.555 (gan 1.203/1.457, cyc 0.237, idt 0.626) | D_A 0.519 D_B 0.404 | gnorm G 198.74 D 45.15 | lr 2.00e-04
[2026-09-28T15:09:13] step 14150/80000 | G 4.396 (gan 1.360/1.182, cyc 0.232, idt 0.862) | D_A 0.408 D_B 0.430 | gnorm G 159.16 D 38.71 | lr 2.00e-04
[2026-09-28T15:09:15] step 14200/80000 | G 4.156 (gan 1.164/1.252, cyc 0.218, idt 0.624) | D_A 0.404 D_B 0.477 | gnorm G 143.98 D 41.12 | lr 2.00e-04
[2026-09-28T15:09:18] step 14250/80000 | G 4.345 (gan 1.099/1.472, cyc 0.222, idt 0.835) | D_A 0.393 D_B 0.466 | gnorm G 220.60 D 40.37 | lr 2.00e-04
[2026-09-28T15:09:20] step 14300/80000 | G 4.139 (gan 1.291/1.161, cyc 0.211, idt 0.474) | D_A 0.463 D_B 0.519 | gnorm G 157.55 D 47.58 | lr 2.00e-04
[2026-09-28T15:09:23] step 14350/80000 | G 4.157 (gan 1.189/1.227, cyc 0.218, idt 0.610) | D_A 0.462 D_B 0.492 | gnorm G 182.69 D 43.46 | lr 2.00e-04
[2026-09-28T15:09:25] step 14400/80000 | G 4.299 (gan 1.188/1.330, cyc 0.223, idt 0.360) | D_A 0.401 D_B 0.527 | gnorm G 197.34 D 41.24 | lr 2.00e-04
[2026-09-28T15:09:28] step 14450/80000 | G 4.066 (gan 1.162/1.206, cyc 0.212, idt 0.305) | D_A 0.434 D_B 0.464 | gnorm G 147.11 D 38.57 | lr 2.00e-04
[2026-09-28T15:09:30] step 14500/80000 | G 4.444 (gan 1.309/1.385, cyc 0.219, idt 0.564) | D_A 0.506 D_B 0.433 | gnorm G 165.12 D 43.21 | lr 2.00e-04
[2026-09-28T15:09:32] step 14550/80000 | G 4.103 (gan 1.279/1.129, cyc 0.212, idt 0.541) | D_A 0.446 D_B 0.441 | gnorm G 155.27 D 36.04 | lr 2.00e-04
[2026-09-28T15:09:35] step 14600/80000 | G 4.246 (gan 1.184/1.274, cyc 0.224, idt 0.768) | D_A 0.408 D_B 0.439 | gnorm G 192.25 D 35.56 | lr 2.00e-04
[2026-09-28T15:09:37] step 14650/80000 | G 4.453 (gan 1.357/1.435, cyc 0.208, idt 0.557) | D_A 0.344 D_B 0.406 | gnorm G 172.58 D 34.81 | lr 2.00e-04
[2026-09-28T15:09:40] step 14700/80000 | G 4.166 (gan 1.074/1.322, cyc 0.221, idt 0.902) | D_A 0.423 D_B 0.500 | gnorm G 197.41 D 43.36 | lr 2.00e-04
[2026-09-28T15:09:42] step 14750/80000 | G 4.197 (gan 1.236/1.175, cyc 0.223, idt 0.504) | D_A 0.459 D_B 0.479 | gnorm G 163.18 D 40.63 | lr 2.00e-04
[2026-09-28T15:09:44] step 14800/80000 | G 4.345 (gan 1.322/1.286, cyc 0.217, idt 0.607) | D_A 0.532 D_B 0.437 | gnorm G 178.56 D 46.94 | lr 2.00e-04
[2026-09-28T15:09:47] step 14850/80000 | G 4.198 (gan 1.244/1.100, cyc 0.232, idt 0.619) | D_A 0.448 D_B 0.448 | gnorm G 134.76 D 42.51 | lr 2.00e-04
[2026-09-28T15:09:49] step 14900/80000 | G 4.230 (gan 1.187/1.343, cyc 0.213, idt 0.422) | D_A 0.396 D_B 0.456 | gnorm G 175.04 D 38.83 | lr 2.00e-04
[2026-09-28T15:09:52] step 14950/80000 | G 4.398 (gan 1.134/1.520, cyc 0.218, idt 0.506) | D_A 0.438 D_B 0.472 | gnorm G 210.48 D 41.40 | lr 2.00e-04
[2026-09-28T15:09:54] step 15000/80000 | G 4.539 (gan 1.284/1.520, cyc 0.217, idt 0.442) | D_A 0.482 D_B 0.430 | gnorm G 201.60 D 46.61 | lr 2.00e-04
[2026-09-28T15:09:57] step 15050/80000 | G 4.275 (gan 1.185/1.288, cyc 0.225, idt 0.547) | D_A 0.468 D_B 0.462 | gnorm G 181.73 D 41.21 | lr 2.00e-04
[2026-09-28T15:09:59] step 15100/80000 | G 4.368 (gan 1.345/1.294, cyc 0.216, idt 0.558) | D_A 0.399 D_B 0.442 | gnorm G 166.86 D 40.63 | lr 2.00e-04
[2026-09-28T15:10:02] step 15150/80000 | G 4.160 (gan 1.318/1.114, cyc 0.216, idt 0.520) | D_A 0.394 D_B 0.502 | gnorm G 160.78 D 39.72 | lr 2.00e-04
[2026-09-28T15:10:04] step 15200/80000 | G 4.227 (gan 1.220/1.229, cyc 0.222, idt 0.565) | D_A 0.437 D_B 0.401 | gnorm G 171.39 D 36.55 | lr 2.00e-04
[2026-09-28T15:10:07] step 15250/80000 | G 4.312 (gan 1.326/1.268, cyc 0.215, idt 0.595) | D_A 0.435 D_B 0.434 | gnorm G 162.76 D 41.49 | lr 2.00e-04
[2026-09-28T15:10:09] step 15300/80000 | G 4.181 (gan 1.209/1.171, cyc 0.225, idt 0.871) | D_A 0.393 D_B 0.461 | gnorm G 151.34 D 37.35 | lr 2.00e-04
[2026-09-28T15:10:11] step 15350/80000 | G 4.744 (gan 1.345/1.513, cyc 0.236, idt 0.560) | D_A 0.345 D_B 0.395 | gnorm G 209.46 D 39.73 | lr 2.00e-04
[2026-09-28T15:10:14] step 15400/80000 | G 4.826 (gan 1.390/1.708, cyc 0.216, idt 0.615) | D_A 0.387 D_B 0.422 | gnorm G 257.06 D 38.05 | lr 2.00e-04
[2026-09-28T15:10:16] step 15450/80000 | G 4.853 (gan 1.403/1.611, cyc 0.230, idt 0.442) | D_A 0.364 D_B 0.403 | gnorm G 223.27 D 39.61 | lr 2.00e-04
[2026-09-28T15:10:19] step 15500/80000 | G 4.696 (gan 1.378/1.483, cyc 0.229, idt 0.727) | D_A 0.379 D_B 0.404 | gnorm G 200.30 D 38.62 | lr 2.00e-04
[2026-09-28T15:10:21] step 15550/80000 | G 4.553 (gan 1.243/1.552, cyc 0.220, idt 0.437) | D_A 0.388 D_B 0.420 | gnorm G 213.91 D 41.47 | lr 2.00e-04
[2026-09-28T15:10:24] step 15600/80000 | G 4.301 (gan 1.246/1.267, cyc 0.224, idt 0.713) | D_A 0.430 D_B 0.483 | gnorm G 169.11 D 43.34 | lr 2.00e-04
[2026-09-28T15:10:26] step 15650/80000 | G 4.881 (gan 1.338/1.725, cyc 0.227, idt 0.826) | D_A 0.391 D_B 0.472 | gnorm G 212.65 D 42.76 | lr 2.00e-04
[2026-09-28T15:10:29] step 15700/80000 | G 4.410 (gan 1.304/1.449, cyc 0.207, idt 0.597) | D_A 0.438 D_B 0.486 | gnorm G 166.79 D 44.24 | lr 2.00e-04
[2026-09-28T15:10:31] step 15750/80000 | G 4.281 (gan 1.228/1.330, cyc 0.215, idt 0.536) | D_A 0.432 D_B 0.456 | gnorm G 173.31 D 40.09 | lr 2.00e-04
[2026-09-28T15:10:34] step 15800/80000 | G 4.575 (gan 1.285/1.439, cyc 0.231, idt 0.606) | D_A 0.372 D_B 0.405 | gnorm G 201.22 D 38.22 | lr 2.00e-04
[2026-09-28T15:10:36] step 15850/80000 | G 4.395 (gan 1.244/1.331, cyc 0.228, idt 0.554) | D_A 0.406 D_B 0.506 | gnorm G 182.11 D 43.09 | lr 2.00e-04
[2026-09-28T15:10:39] step 15900/80000 | G 4.337 (gan 1.185/1.339, cyc 0.227, idt 0.601) | D_A 0.353 D_B 0.432 | gnorm G 164.31 D 35.55 | lr 2.00e-04
[2026-09-28T15:10:41] step 15950/80000 | G 4.504 (gan 1.258/1.439, cyc 0.226, idt 0.606) | D_A 0.395 D_B 0.447 | gnorm G 170.62 D 40.32 | lr 2.00e-04
[2026-09-28T15:10:43] step 16000/80000 | G 4.503 (gan 1.345/1.348, cyc 0.226, idt 0.490) | D_A 0.460 D_B 0.426 | gnorm G 178.90 D 44.84 | lr 2.00e-04
[2026-09-28T15:10:46] step 16050/80000 | G 4.170 (gan 1.223/1.242, cyc 0.213, idt 0.587) | D_A 0.443 D_B 0.426 | gnorm G 151.84 D 37.55 | lr 2.00e-04
[2026-09-28T15:10:49] step 16100/80000 | G 4.581 (gan 1.457/1.215, cyc 0.239, idt 0.351) | D_A 0.422 D_B 0.391 | gnorm G 175.79 D 39.56 | lr 2.00e-04
[2026-09-28T15:10:51] step 16150/80000 | G 4.226 (gan 1.347/1.112, cyc 0.221, idt 0.562) | D_A 0.435 D_B 0.468 | gnorm G 176.27 D 41.49 | lr 2.00e-04
[2026-09-28T15:10:54] step 16200/80000 | G 4.450 (gan 1.436/1.202, cyc 0.226, idt 0.376) | D_A 0.406 D_B 0.447 | gnorm G 161.02 D 38.52 | lr 2.00e-04
[2026-09-28T15:10:56] step 16250/80000 | G 4.309 (gan 1.157/1.401, cyc 0.219, idt 0.832) | D_A 0.410 D_B 0.398 | gnorm G 187.96 D 39.38 | lr 2.00e-04
[2026-09-28T15:10:58] step 16300/80000 | G 4.637 (gan 1.385/1.459, cyc 0.224, idt 0.550) | D_A 0.392 D_B 0.490 | gnorm G 181.25 D 40.71 | lr 2.00e-04
[2026-09-28T15:11:01] step 16350/80000 | G 4.250 (gan 1.186/1.220, cyc 0.230, idt 0.408) | D_A 0.390 D_B 0.427 | gnorm G 168.09 D 40.34 | lr 2.00e-04
[2026-09-28T15:11:03] step 16400/80000 | G 4.477 (gan 1.362/1.311, cyc 0.225, idt 0.914) | D_A 0.352 D_B 0.399 | gnorm G 198.49 D 35.21 | lr 2.00e-04
[2026-09-28T15:11:06] step 16450/80000 | G 4.476 (gan 1.177/1.602, cyc 0.212, idt 0.764) | D_A 0.361 D_B 0.419 | gnorm G 204.16 D 38.66 | lr 2.00e-04
[2026-09-28T15:11:08] step 16500/80000 | G 4.492 (gan 1.293/1.370, cyc 0.229, idt 0.457) | D_A 0.452 D_B 0.498 | gnorm G 171.63 D 44.24 | lr 2.00e-04
[2026-09-28T15:11:11] step 16550/80000 | G 5.032 (gan 1.683/1.492, cyc 0.232, idt 0.470) | D_A 0.369 D_B 0.374 | gnorm G 222.11 D 36.07 | lr 2.00e-04
[2026-09-28T15:11:13] step 16600/80000 | G 4.403 (gan 1.189/1.433, cyc 0.223, idt 0.540) | D_A 0.402 D_B 0.480 | gnorm G 187.46 D 45.99 | lr 2.00e-04
[2026-09-28T15:11:15] step 16650/80000 | G 4.359 (gan 1.264/1.315, cyc 0.222, idt 0.499) | D_A 0.418 D_B 0.504 | gnorm G 172.55 D 44.35 | lr 2.00e-04
[2026-09-28T15:11:18] step 16700/80000 | G 4.533 (gan 1.322/1.364, cyc 0.231, idt 0.430) | D_A 0.435 D_B 0.397 | gnorm G 179.63 D 43.12 | lr 2.00e-04
[2026-09-28T15:11:20] step 16750/80000 | G 4.806 (gan 1.406/1.576, cyc 0.228, idt 0.514) | D_A 0.375 D_B 0.479 | gnorm G 206.55 D 42.80 | lr 2.00e-04
[2026-09-28T15:11:23] step 16800/80000 | G 4.736 (gan 1.528/1.354, cyc 0.232, idt 0.597) | D_A 0.373 D_B 0.384 | gnorm G 217.69 D 39.51 | lr 2.00e-04
[2026-09-28T15:11:25] step 16850/80000 | G 4.547 (gan 1.211/1.416, cyc 0.240, idt 0.642) | D_A 0.377 D_B 0.512 | gnorm G 207.36 D 42.51 | lr 2.00e-04
[2026-09-28T15:11:28] step 16900/80000 | G 4.478 (gan 1.387/1.292, cyc 0.225, idt 0.553) | D_A 0.491 D_B 0.407 | gnorm G 165.93 D 45.40 | lr 2.00e-04
[2026-09-28T15:11:30] step 16950/80000 | G 4.481 (gan 1.391/1.301, cyc 0.224, idt 0.449) | D_A 0.384 D_B 0.465 | gnorm G 183.75 D 39.43 | lr 2.00e-04
[2026-09-28T15:11:33] step 17000/80000 | G 4.280 (gan 1.180/1.368, cyc 0.217, idt 0.625) | D_A 0.373 D_B 0.462 | gnorm G 173.43 D 36.67 | lr 2.00e-04
[2026-09-28T15:11:36] step 17050/80000 | G 4.493 (gan 1.292/1.526, cyc 0.209, idt 0.394) | D_A 0.408 D_B 0.421 | gnorm G 179.47 D 40.30 | lr 2.00e-04
[2026-09-28T15:11:38] step 17100/80000 | G 4.261 (gan 1.130/1.296, cyc 0.229, idt 0.436) | D_A 0.478 D_B 0.431 | gnorm G 162.89 D 36.94 | lr 2.00e-04
[2026-09-28T15:11:41] step 17150/80000 | G 4.372 (gan 1.365/1.206, cyc 0.225, idt 0.598) | D_A 0.403 D_B 0.432 | gnorm G 159.35 D 38.51 | lr 2.00e-04
[2026-09-28T15:11:43] step 17200/80000 | G 4.547 (gan 1.391/1.348, cyc 0.226, idt 0.460) | D_A 0.412 D_B 0.486 | gnorm G 168.86 D 40.91 | lr 2.00e-04
[2026-09-28T15:11:46] step 17250/80000 | G 4.300 (gan 1.296/1.271, cyc 0.217, idt 0.683) | D_A 0.380 D_B 0.456 | gnorm G 168.28 D 39.40 | lr 2.00e-04
[2026-09-28T15:11:48] step 17300/80000 | G 4.599 (gan 1.351/1.455, cyc 0.224, idt 0.297) | D_A 0.428 D_B 0.462 | gnorm G 193.86 D 45.03 | lr 2.00e-04
[2026-09-28T15:11:51] step 17350/80000 | G 4.537 (gan 1.286/1.485, cyc 0.221, idt 0.570) | D_A 0.419 D_B 0.418 | gnorm G 182.50 D 39.55 | lr 2.00e-04
[2026-09-28T15:11:53] step 17400/80000 | G 4.412 (gan 1.137/1.487, cyc 0.224, idt 0.628) | D_A 0.401 D_B 0.447 | gnorm G 163.19 D 39.34 | lr 2.00e-04
[2026-09-28T15:11:56] step 17450/80000 | G 4.412 (gan 1.261/1.475, cyc 0.210, idt 0.446) | D_A 0.391 D_B 0.498 | gnorm G 153.86 D 37.94 | lr 2.00e-04
[2026-09-28T15:11:58] step 17500/80000 | G 4.588 (gan 1.353/1.421, cyc 0.227, idt 0.686) | D_A 0.380 D_B 0.400 | gnorm G 197.35 D 37.38 | lr 2.00e-04
[2026-09-28T15:12:00] step 17550/80000 | G 4.611 (gan 1.447/1.292, cyc 0.234, idt 0.672) | D_A 0.426 D_B 0.392 | gnorm G 175.92 D 34.43 | lr 2.00e-04
[2026-09-28T15:12:03] step 17600/80000 | G 4.732 (gan 1.264/1.646, cyc 0.228, idt 0.690) | D_A 0.324 D_B 0.471 | gnorm G 190.39 D 43.04 | lr 2.00e-04
[2026-09-28T15:12:05] step 17650/80000 | G 5.077 (gan 1.518/1.718, cyc 0.230, idt 0.400) | D_A 0.337 D_B 0.446 | gnorm G 213.84 D 39.38 | lr 2.00e-04
[2026-09-28T15:12:08] step 17700/80000 | G 4.731 (gan 1.382/1.541, cyc 0.226, idt 0.874) | D_A 0.429 D_B 0.382 | gnorm G 208.52 D 41.43 | lr 2.00e-04
[2026-09-28T15:12:10] step 17750/80000 | G 4.186 (gan 1.224/1.274, cyc 0.211, idt 0.493) | D_A 0.366 D_B 0.515 | gnorm G 162.88 D 44.17 | lr 2.00e-04
[2026-09-28T15:12:13] step 17800/80000 | G 4.493 (gan 1.274/1.455, cyc 0.220, idt 0.526) | D_A 0.343 D_B 0.434 | gnorm G 197.86 D 36.79 | lr 2.00e-04
[2026-09-28T15:12:15] step 17850/80000 | G 4.317 (gan 1.271/1.225, cyc 0.228, idt 0.562) | D_A 0.421 D_B 0.409 | gnorm G 172.25 D 41.87 | lr 2.00e-04
[2026-09-28T15:12:17] step 17900/80000 | G 4.527 (gan 1.233/1.458, cyc 0.230, idt 0.532) | D_A 0.401 D_B 0.478 | gnorm G 176.35 D 44.33 | lr 2.00e-04
[2026-09-28T15:12:20] step 17950/80000 | G 4.790 (gan 1.322/1.711, cyc 0.220, idt 0.655) | D_A 0.322 D_B 0.372 | gnorm G 211.40 D 33.27 | lr 2.00e-04
[2026-09-28T15:12:22] step 18000/80000 | G 4.688 (gan 1.428/1.376, cyc 0.236, idt 0.523) | D_A 0.464 D_B 0.385 | gnorm G 182.43 D 42.24 | lr 2.00e-04
[2026-09-28T15:12:25] step 18050/80000 | G 4.850 (gan 1.491/1.499, cyc 0.233, idt 0.616) | D_A 0.405 D_B 0.378 | gnorm G 177.92 D 39.67 | lr 2.00e-04
[2026-09-28T15:12:28] step 18100/80000 | G 4.332 (gan 1.345/1.229, cyc 0.220, idt 0.566) | D_A 0.405 D_B 0.418 | gnorm G 153.89 D 39.29 | lr 2.00e-04
[2026-09-28T15:12:30] step 18150/80000 | G 4.692 (gan 1.451/1.501, cyc 0.217, idt 0.623) | D_A 0.569 D_B 0.423 | gnorm G 174.15 D 49.56 | lr 2.00e-04
[2026-09-28T15:12:33] step 18200/80000 | G 4.719 (gan 1.491/1.318, cyc 0.239, idt 0.572) | D_A 0.443 D_B 0.364 | gnorm G 164.93 D 38.79 | lr 2.00e-04
[2026-09-28T15:12:35] step 18250/80000 | G 4.324 (gan 1.523/1.096, cyc 0.213, idt 0.540) | D_A 0.454 D_B 0.395 | gnorm G 152.99 D 37.73 | lr 2.00e-04
[2026-09-28T15:12:38] step 18300/80000 | G 4.601 (gan 1.321/1.469, cyc 0.226, idt 0.525) | D_A 0.380 D_B 0.515 | gnorm G 170.70 D 44.37 | lr 2.00e-04
[2026-09-28T15:12:40] step 18350/80000 | G 4.340 (gan 1.275/1.316, cyc 0.219, idt 0.604) | D_A 0.384 D_B 0.474 | gnorm G 158.52 D 39.76 | lr 2.00e-04
[2026-09-28T15:12:43] step 18400/80000 | G 4.214 (gan 1.185/1.334, cyc 0.212, idt 0.528) | D_A 0.420 D_B 0.447 | gnorm G 162.97 D 41.70 | lr 2.00e-04
[2026-09-28T15:12:45] step 18450/80000 | G 4.182 (gan 1.142/1.334, cyc 0.213, idt 0.573) | D_A 0.396 D_B 0.432 | gnorm G 151.49 D 38.64 | lr 2.00e-04
[2026-09-28T15:12:48] step 18500/80000 | G 4.425 (gan 1.251/1.405, cyc 0.221, idt 0.646) | D_A 0.339 D_B 0.478 | gnorm G 166.68 D 38.37 | lr 2.00e-04
[2026-09-28T15:12:50] step 18550/80000 | G 4.510 (gan 1.315/1.440, cyc 0.219, idt 0.428) | D_A 0.345 D_B 0.420 | gnorm G 144.92 D 38.48 | lr 2.00e-04
[2026-09-28T15:12:52] step 18600/80000 | G 4.612 (gan 1.335/1.487, cyc 0.224, idt 0.563) | D_A 0.388 D_B 0.410 | gnorm G 205.73 D 35.96 | lr 2.00e-04
[2026-09-28T15:12:55] step 18650/80000 | G 4.766 (gan 1.638/1.364, cyc 0.221, idt 0.473) | D_A 0.371 D_B 0.371 | gnorm G 180.51 D 35.18 | lr 2.00e-04
[2026-09-28T15:12:57] step 18700/80000 | G 4.096 (gan 1.194/1.169, cyc 0.217, idt 0.664) | D_A 0.421 D_B 0.376 | gnorm G 152.06 D 41.96 | lr 2.00e-04
[2026-09-28T15:13:00] step 18750/80000 | G 4.663 (gan 1.439/1.403, cyc 0.228, idt 0.600) | D_A 0.380 D_B 0.526 | gnorm G 174.88 D 40.49 | lr 2.00e-04
[2026-09-28T15:13:02] step 18800/80000 | G 4.534 (gan 1.399/1.400, cyc 0.217, idt 0.430) | D_A 0.385 D_B 0.406 | gnorm G 162.13 D 40.17 | lr 2.00e-04
[2026-09-28T15:13:05] step 18850/80000 | G 4.485 (gan 1.215/1.450, cyc 0.228, idt 0.602) | D_A 0.395 D_B 0.431 | gnorm G 162.82 D 42.67 | lr 2.00e-04
[2026-09-28T15:13:07] step 18900/80000 | G 4.944 (gan 1.359/1.765, cyc 0.228, idt 0.554) | D_A 0.404 D_B 0.406 | gnorm G 224.78 D 40.93 | lr 2.00e-04
[2026-09-28T15:13:10] step 18950/80000 | G 4.641 (gan 1.451/1.353, cyc 0.230, idt 0.700) | D_A 0.405 D_B 0.396 | gnorm G 175.86 D 39.45 | lr 2.00e-04
[2026-09-28T15:13:12] step 19000/80000 | G 4.600 (gan 1.282/1.550, cyc 0.221, idt 0.628) | D_A 0.333 D_B 0.541 | gnorm G 140.47 D 45.32 | lr 2.00e-04
[2026-09-28T15:13:15] step 19050/80000 | G 4.425 (gan 1.269/1.389, cyc 0.221, idt 0.592) | D_A 0.388 D_B 0.367 | gnorm G 189.38 D 35.54 | lr 2.00e-04
[2026-09-28T15:13:18] step 19100/80000 | G 4.624 (gan 1.492/1.321, cyc 0.226, idt 0.757) | D_A 0.443 D_B 0.387 | gnorm G 177.69 D 41.49 | lr 2.00e-04
[2026-09-28T15:13:20] step 19150/80000 | G 4.934 (gan 1.599/1.460, cyc 0.234, idt 0.725) | D_A 0.424 D_B 0.358 | gnorm G 175.92 D 38.11 | lr 2.00e-04
[2026-09-28T15:13:22] step 19200/80000 | G 4.527 (gan 1.393/1.365, cyc 0.221, idt 0.541) | D_A 0.418 D_B 0.462 | gnorm G 141.75 D 41.42 | lr 2.00e-04
[2026-09-28T15:13:25] step 19250/80000 | G 4.390 (gan 1.427/1.240, cyc 0.215, idt 0.592) | D_A 0.403 D_B 0.399 | gnorm G 141.03 D 37.89 | lr 2.00e-04
[2026-09-28T15:13:27] step 19300/80000 | G 4.284 (gan 1.281/1.275, cyc 0.216, idt 0.708) | D_A 0.437 D_B 0.430 | gnorm G 146.40 D 40.78 | lr 2.00e-04
[2026-09-28T15:13:30] step 19350/80000 | G 4.391 (gan 1.160/1.451, cyc 0.223, idt 0.458) | D_A 0.395 D_B 0.529 | gnorm G 153.41 D 43.70 | lr 2.00e-04
[2026-09-28T15:13:32] step 19400/80000 | G 4.150 (gan 1.264/1.240, cyc 0.206, idt 0.766) | D_A 0.466 D_B 0.520 | gnorm G 148.57 D 42.85 | lr 2.00e-04
[2026-09-28T15:13:34] step 19450/80000 | G 4.308 (gan 1.210/1.360, cyc 0.217, idt 0.496) | D_A 0.396 D_B 0.456 | gnorm G 134.80 D 34.35 | lr 2.00e-04
[2026-09-28T15:13:37] step 19500/80000 | G 4.146 (gan 1.210/1.293, cyc 0.205, idt 0.608) | D_A 0.409 D_B 0.413 | gnorm G 150.22 D 37.51 | lr 2.00e-04
[2026-09-28T15:13:39] step 19550/80000 | G 4.385 (gan 1.232/1.448, cyc 0.213, idt 0.478) | D_A 0.378 D_B 0.438 | gnorm G 130.97 D 38.49 | lr 2.00e-04
[2026-09-28T15:13:42] step 19600/80000 | G 5.062 (gan 1.528/1.673, cyc 0.233, idt 0.556) | D_A 0.362 D_B 0.368 | gnorm G 200.42 D 37.29 | lr 2.00e-04
[2026-09-28T15:13:44] step 19650/80000 | G 4.461 (gan 1.278/1.418, cyc 0.221, idt 0.416) | D_A 0.405 D_B 0.404 | gnorm G 154.63 D 36.40 | lr 2.00e-04
[2026-09-28T15:13:46] step 19700/80000 | G 4.415 (gan 1.303/1.355, cyc 0.220, idt 0.684) | D_A 0.420 D_B 0.441 | gnorm G 134.83 D 40.69 | lr 2.00e-04
[2026-09-28T15:13:49] step 19750/80000 | G 4.530 (gan 1.415/1.282, cyc 0.229, idt 0.532) | D_A 0.459 D_B 0.445 | gnorm G 147.17 D 40.98 | lr 2.00e-04
[2026-09-28T15:13:51] step 19800/80000 | G 4.643 (gan 1.481/1.350, cyc 0.226, idt 0.527) | D_A 0.424 D_B 0.400 | gnorm G 148.85 D 37.87 | lr 2.00e-04
[2026-09-28T15:13:54] step 19850/80000 | G 4.593 (gan 1.445/1.469, cyc 0.210, idt 0.523) | D_A 0.356 D_B 0.386 | gnorm G 161.05 D 36.89 | lr 2.00e-04
[2026-09-28T15:13:56] step 19900/80000 | G 4.889 (gan 1.361/1.669, cyc 0.232, idt 0.543) | D_A 0.333 D_B 0.425 | gnorm G 208.64 D 35.69 | lr 2.00e-04
[2026-09-28T15:13:58] step 19950/80000 | G 5.006 (gan 1.627/1.492, cyc 0.236, idt 0.557) | D_A 0.335 D_B 0.404 | gnorm G 180.51 D 33.84 | lr 2.00e-04
[2026-09-28T15:14:01] step 20000/80000 | G 5.309 (gan 1.992/1.469, cyc 0.231, idt 0.560) | D_A 0.347 D_B 0.404 | gnorm G 185.26 D 35.05 | lr 2.00e-04
[2026-09-28T15:14:04] step 20050/80000 | G 4.786 (gan 1.624/1.321, cyc 0.230, idt 0.579) | D_A 0.456 D_B 0.418 | gnorm G 142.43 D 42.44 | lr 2.00e-04
[2026-09-28T15:14:06] step 20100/80000 | G 4.510 (gan 1.248/1.512, cyc 0.219, idt 0.495) | D_A 0.367 D_B 0.403 | gnorm G 183.96 D 35.39 | lr 2.00e-04
[2026-09-28T15:14:09] step 20150/80000 | G 4.513 (gan 1.450/1.273, cyc 0.224, idt 0.472) | D_A 0.491 D_B 0.356 | gnorm G 147.40 D 43.81 | lr 2.00e-04
[2026-09-28T15:14:11] step 20200/80000 | G 4.399 (gan 1.228/1.465, cyc 0.213, idt 0.584) | D_A 0.397 D_B 0.477 | gnorm G 135.26 D 39.07 | lr 2.00e-04
[2026-09-28T15:14:13] step 20250/80000 | G 4.365 (gan 1.310/1.301, cyc 0.219, idt 0.668) | D_A 0.441 D_B 0.472 | gnorm G 119.89 D 40.32 | lr 2.00e-04
[2026-09-28T15:14:16] step 20300/80000 | G 4.420 (gan 1.354/1.310, cyc 0.220, idt 0.805) | D_A 0.426 D_B 0.436 | gnorm G 121.92 D 38.11 | lr 2.00e-04
[2026-09-28T15:14:18] step 20350/80000 | G 4.381 (gan 1.527/1.154, cyc 0.213, idt 0.706) | D_A 0.396 D_B 0.433 | gnorm G 122.09 D 36.16 | lr 2.00e-04
[2026-09-28T15:14:21] step 20400/80000 | G 4.555 (gan 1.459/1.418, cyc 0.210, idt 0.510) | D_A 0.438 D_B 0.376 | gnorm G 172.52 D 36.23 | lr 2.00e-04
[2026-09-28T15:14:23] step 20450/80000 | G 4.631 (gan 1.328/1.541, cyc 0.220, idt 0.722) | D_A 0.490 D_B 0.444 | gnorm G 146.86 D 44.72 | lr 2.00e-04
[2026-09-28T15:14:25] step 20500/80000 | G 4.465 (gan 1.396/1.266, cyc 0.225, idt 0.734) | D_A 0.434 D_B 0.435 | gnorm G 136.31 D 39.56 | lr 2.00e-04
[2026-09-28T15:14:28] step 20550/80000 | G 4.456 (gan 1.303/1.360, cyc 0.224, idt 0.638) | D_A 0.404 D_B 0.368 | gnorm G 116.63 D 32.83 | lr 2.00e-04
[2026-09-28T15:14:30] step 20600/80000 | G 4.557 (gan 1.394/1.477, cyc 0.211, idt 0.751) | D_A 0.399 D_B 0.387 | gnorm G 186.18 D 38.82 | lr 2.00e-04
[2026-09-28T15:14:33] step 20650/80000 | G 4.538 (gan 1.367/1.425, cyc 0.218, idt 0.420) | D_A 0.379 D_B 0.427 | gnorm G 143.44 D 37.65 | lr 2.00e-04
[2026-09-28T15:14:35] step 20700/80000 | G 4.315 (gan 1.331/1.238, cyc 0.218, idt 0.648) | D_A 0.420 D_B 0.471 | gnorm G 128.81 D 38.82 | lr 2.00e-04
[2026-09-28T15:14:38] step 20750/80000 | G 4.806 (gan 1.380/1.670, cyc 0.219, idt 0.542) | D_A 0.375 D_B 0.410 | gnorm G 176.86 D 36.64 | lr 2.00e-04
[2026-09-28T15:14:40] step 20800/80000 | G 4.543 (gan 1.334/1.440, cyc 0.221, idt 0.566) | D_A 0.362 D_B 0.402 | gnorm G 158.13 D 36.88 | lr 2.00e-04
[2026-09-28T15:14:42] step 20850/80000 | G 4.558 (gan 1.394/1.371, cyc 0.224, idt 0.493) | D_A 0.437 D_B 0.438 | gnorm G 132.32 D 37.05 | lr 2.00e-04
[2026-09-28T15:14:45] step 20900/80000 | G 4.768 (gan 1.441/1.459, cyc 0.233, idt 0.399) | D_A 0.396 D_B 0.418 | gnorm G 174.05 D 41.94 | lr 2.00e-04
[2026-09-28T15:14:47] step 20950/80000 | G 5.118 (gan 1.344/1.970, cyc 0.226, idt 0.596) | D_A 0.379 D_B 0.496 | gnorm G 211.46 D 47.27 | lr 2.00e-04
[2026-09-28T15:14:49] step 21000/80000 | G 4.377 (gan 1.162/1.497, cyc 0.215, idt 0.432) | D_A 0.329 D_B 0.452 | gnorm G 156.68 D 33.73 | lr 2.00e-04
[2026-09-28T15:14:53] step 21050/80000 | G 4.186 (gan 1.203/1.314, cyc 0.209, idt 0.662) | D_A 0.395 D_B 0.443 | gnorm G 133.81 D 38.95 | lr 2.00e-04
[2026-09-28T15:14:55] step 21100/80000 | G 4.684 (gan 1.371/1.521, cyc 0.224, idt 0.538) | D_A 0.382 D_B 0.465 | gnorm G 120.00 D 43.70 | lr 2.00e-04
[2026-09-28T15:14:57] step 21150/80000 | G 4.724 (gan 1.318/1.609, cyc 0.225, idt 0.608) | D_A 0.451 D_B 0.415 | gnorm G 145.15 D 39.23 | lr 2.00e-04
[2026-09-28T15:15:00] step 21200/80000 | G 4.734 (gan 1.404/1.495, cyc 0.229, idt 0.646) | D_A 0.432 D_B 0.398 | gnorm G 175.52 D 38.39 | lr 2.00e-04
[2026-09-28T15:15:02] step 21250/80000 | G 4.642 (gan 1.403/1.382, cyc 0.232, idt 0.541) | D_A 0.397 D_B 0.434 | gnorm G 141.75 D 34.28 | lr 2.00e-04
[2026-09-28T15:15:05] step 21300/80000 | G 4.695 (gan 1.331/1.511, cyc 0.232, idt 0.921) | D_A 0.314 D_B 0.492 | gnorm G 175.53 D 42.01 | lr 2.00e-04
[2026-09-28T15:15:07] step 21350/80000 | G 4.642 (gan 1.251/1.629, cyc 0.220, idt 0.552) | D_A 0.359 D_B 0.392 | gnorm G 167.81 D 35.99 | lr 2.00e-04
[2026-09-28T15:15:10] step 21400/80000 | G 4.413 (gan 1.407/1.269, cyc 0.217, idt 0.987) | D_A 0.391 D_B 0.417 | gnorm G 123.91 D 34.66 | lr 2.00e-04
[2026-09-28T15:15:12] step 21450/80000 | G 4.606 (gan 1.199/1.719, cyc 0.211, idt 0.573) | D_A 0.355 D_B 0.450 | gnorm G 137.83 D 39.00 | lr 2.00e-04
[2026-09-28T15:15:15] step 21500/80000 | G 4.862 (gan 1.426/1.705, cyc 0.216, idt 0.459) | D_A 0.429 D_B 0.424 | gnorm G 173.42 D 39.46 | lr 2.00e-04
[2026-09-28T15:15:17] step 21550/80000 | G 4.678 (gan 1.437/1.502, cyc 0.217, idt 0.478) | D_A 0.375 D_B 0.431 | gnorm G 160.81 D 35.49 | lr 2.00e-04
[2026-09-28T15:15:20] step 21600/80000 | G 4.631 (gan 1.436/1.365, cyc 0.229, idt 0.531) | D_A 0.451 D_B 0.412 | gnorm G 160.11 D 42.81 | lr 2.00e-04
[2026-09-28T15:15:22] step 21650/80000 | G 4.215 (gan 1.285/1.236, cyc 0.212, idt 0.628) | D_A 0.365 D_B 0.571 | gnorm G 159.21 D 42.51 | lr 2.00e-04
[2026-09-28T15:15:24] step 21700/80000 | G 4.263 (gan 1.405/1.182, cyc 0.210, idt 0.561) | D_A 0.413 D_B 0.430 | gnorm G 158.37 D 43.50 | lr 2.00e-04
[2026-09-28T15:15:27] step 21750/80000 | G 4.653 (gan 1.474/1.400, cyc 0.222, idt 0.449) | D_A 0.381 D_B 0.508 | gnorm G 149.72 D 40.10 | lr 2.00e-04
[2026-09-28T15:15:29] step 21800/80000 | G 4.452 (gan 1.206/1.460, cyc 0.223, idt 0.792) | D_A 0.403 D_B 0.420 | gnorm G 135.30 D 37.57 | lr 2.00e-04
[2026-09-28T15:15:32] step 21850/80000 | G 4.672 (gan 1.448/1.398, cyc 0.228, idt 0.684) | D_A 0.377 D_B 0.459 | gnorm G 156.32 D 38.85 | lr 2.00e-04
[2026-09-28T15:15:34] step 21900/80000 | G 4.313 (gan 1.174/1.390, cyc 0.219, idt 0.571) | D_A 0.515 D_B 0.438 | gnorm G 135.96 D 48.32 | lr 2.00e-04
[2026-09-28T15:15:36] step 21950/80000 | G 4.741 (gan 1.348/1.580, cyc 0.227, idt 0.557) | D_A 0.350 D_B 0.379 | gnorm G 172.36 D 31.42 | lr 2.00e-04
[2026-09-28T15:15:39] step 22000/80000 | G 4.620 (gan 1.484/1.340, cyc 0.224, idt 0.496) | D_A 0.361 D_B 0.409 | gnorm G 128.02 D 37.41 | lr 2.00e-04
[2026-09-28T15:15:42] step 22050/80000 | G 4.208 (gan 1.176/1.304, cyc 0.216, idt 0.576) | D_A 0.453 D_B 0.431 | gnorm G 112.77 D 43.50 | lr 2.00e-04
[2026-09-28T15:15:44] step 22100/80000 | G 4.437 (gan 1.423/1.338, cyc 0.210, idt 0.587) | D_A 0.431 D_B 0.435 | gnorm G 144.01 D 38.29 | lr 2.00e-04
[2026-09-28T15:15:47] step 22150/80000 | G 4.720 (gan 1.445/1.477, cyc 0.225, idt 0.521) | D_A 0.368 D_B 0.401 | gnorm G 147.77 D 40.01 | lr 2.00e-04
[2026-09-28T15:15:49] step 22200/80000 | G 4.837 (gan 1.494/1.556, cyc 0.223, idt 0.447) | D_A 0.393 D_B 0.362 | gnorm G 163.98 D 38.13 | lr 2.00e-04
[2026-09-28T15:15:51] step 22250/80000 | G 4.163 (gan 1.214/1.315, cyc 0.204, idt 0.722) | D_A 0.396 D_B 0.480 | gnorm G 141.95 D 38.70 | lr 2.00e-04
[2026-09-28T15:15:54] step 22300/80000 | G 4.451 (gan 1.281/1.453, cyc 0.215, idt 0.388) | D_A 0.348 D_B 0.450 | gnorm G 154.42 D 38.51 | lr 2.00e-04
[2026-09-28T15:15:56] step 22350/80000 | G 4.785 (gan 1.522/1.492, cyc 0.221, idt 0.624) | D_A 0.316 D_B 0.447 | gnorm G 169.83 D 33.70 | lr 2.00e-04
[2026-09-28T15:15:58] step 22400/80000 | G 4.559 (gan 1.257/1.608, cyc 0.212, idt 0.521) | D_A 0.389 D_B 0.391 | gnorm G 118.83 D 35.85 | lr 2.00e-04
[2026-09-28T15:16:01] step 22450/80000 | G 4.726 (gan 1.446/1.478, cyc 0.225, idt 0.646) | D_A 0.364 D_B 0.444 | gnorm G 164.46 D 40.00 | lr 2.00e-04
[2026-09-28T15:16:03] step 22500/80000 | G 4.891 (gan 1.628/1.461, cyc 0.225, idt 0.604) | D_A 0.437 D_B 0.417 | gnorm G 166.89 D 44.14 | lr 2.00e-04
[2026-09-28T15:16:06] step 22550/80000 | G 5.152 (gan 1.443/1.864, cyc 0.231, idt 0.581) | D_A 0.338 D_B 0.369 | gnorm G 181.85 D 37.93 | lr 2.00e-04
[2026-09-28T15:16:08] step 22600/80000 | G 4.427 (gan 1.302/1.304, cyc 0.228, idt 0.689) | D_A 0.382 D_B 0.394 | gnorm G 140.98 D 37.37 | lr 2.00e-04
[2026-09-28T15:16:10] step 22650/80000 | G 4.403 (gan 1.296/1.421, cyc 0.211, idt 0.545) | D_A 0.388 D_B 0.397 | gnorm G 146.57 D 39.80 | lr 2.00e-04
[2026-09-28T15:16:13] step 22700/80000 | G 4.324 (gan 1.284/1.321, cyc 0.215, idt 0.401) | D_A 0.410 D_B 0.454 | gnorm G 120.20 D 39.09 | lr 2.00e-04
[2026-09-28T15:16:15] step 22750/80000 | G 4.492 (gan 1.340/1.297, cyc 0.232, idt 0.535) | D_A 0.387 D_B 0.419 | gnorm G 133.38 D 41.05 | lr 2.00e-04
[2026-09-28T15:16:18] step 22800/80000 | G 4.841 (gan 1.589/1.427, cyc 0.228, idt 0.633) | D_A 0.382 D_B 0.471 | gnorm G 135.07 D 40.88 | lr 2.00e-04
[2026-09-28T15:16:20] step 22850/80000 | G 4.713 (gan 1.453/1.496, cyc 0.221, idt 0.636) | D_A 0.373 D_B 0.527 | gnorm G 135.89 D 41.44 | lr 2.00e-04
[2026-09-28T15:16:22] step 22900/80000 | G 4.838 (gan 1.331/1.697, cyc 0.226, idt 0.536) | D_A 0.399 D_B 0.404 | gnorm G 192.71 D 37.02 | lr 2.00e-04
[2026-09-28T15:16:25] step 22950/80000 | G 4.525 (gan 1.365/1.451, cyc 0.214, idt 0.526) | D_A 0.358 D_B 0.417 | gnorm G 115.75 D 36.76 | lr 2.00e-04
[2026-09-28T15:16:27] step 23000/80000 | G 4.614 (gan 1.288/1.514, cyc 0.227, idt 0.472) | D_A 0.395 D_B 0.431 | gnorm G 106.54 D 39.72 | lr 2.00e-04
[2026-09-28T15:16:30] step 23050/80000 | G 5.276 (gan 1.712/1.667, cyc 0.237, idt 0.411) | D_A 0.358 D_B 0.360 | gnorm G 171.07 D 39.64 | lr 2.00e-04
[2026-09-28T15:16:33] step 23100/80000 | G 4.359 (gan 1.387/1.240, cyc 0.216, idt 0.469) | D_A 0.360 D_B 0.445 | gnorm G 142.88 D 37.24 | lr 2.00e-04
[2026-09-28T15:16:35] step 23150/80000 | G 4.294 (gan 1.213/1.410, cyc 0.209, idt 0.571) | D_A 0.402 D_B 0.379 | gnorm G 96.22 D 37.58 | lr 2.00e-04
[2026-09-28T15:16:37] step 23200/80000 | G 4.555 (gan 1.332/1.473, cyc 0.219, idt 0.697) | D_A 0.460 D_B 0.439 | gnorm G 183.27 D 43.16 | lr 2.00e-04
[2026-09-28T15:16:40] step 23250/80000 | G 4.551 (gan 1.438/1.402, cyc 0.214, idt 0.493) | D_A 0.327 D_B 0.405 | gnorm G 116.84 D 31.54 | lr 2.00e-04
[2026-09-28T15:16:42] step 23300/80000 | G 4.450 (gan 1.425/1.267, cyc 0.220, idt 0.447) | D_A 0.415 D_B 0.382 | gnorm G 160.56 D 41.10 | lr 2.00e-04
[2026-09-28T15:16:44] step 23350/80000 | G 4.598 (gan 1.408/1.421, cyc 0.221, idt 0.746) | D_A 0.385 D_B 0.384 | gnorm G 146.23 D 40.43 | lr 2.00e-04
[2026-09-28T15:16:47] step 23400/80000 | G 4.659 (gan 1.456/1.468, cyc 0.217, idt 0.534) | D_A 0.406 D_B 0.426 | gnorm G 137.39 D 43.09 | lr 2.00e-04
[2026-09-28T15:16:49] step 23450/80000 | G 4.195 (gan 1.294/1.227, cyc 0.209, idt 0.581) | D_A 0.469 D_B 0.534 | gnorm G 127.83 D 46.00 | lr 2.00e-04
[2026-09-28T15:16:52] step 23500/80000 | G 4.344 (gan 1.305/1.329, cyc 0.214, idt 0.754) | D_A 0.394 D_B 0.446 | gnorm G 100.82 D 36.03 | lr 2.00e-04
[2026-09-28T15:16:54] step 23550/80000 | G 4.703 (gan 1.264/1.564, cyc 0.234, idt 0.519) | D_A 0.462 D_B 0.431 | gnorm G 152.55 D 44.48 | lr 2.00e-04
[2026-09-28T15:16:56] step 23600/80000 | G 4.352 (gan 1.252/1.363, cyc 0.217, idt 0.549) | D_A 0.398 D_B 0.451 | gnorm G 124.68 D 36.04 | lr 2.00e-04
[2026-09-28T15:16:59] step 23650/80000 | G 4.709 (gan 1.480/1.435, cyc 0.224, idt 0.651) | D_A 0.365 D_B 0.419 | gnorm G 141.48 D 37.15 | lr 2.00e-04
[2026-09-28T15:17:01] step 23700/80000 | G 4.809 (gan 1.400/1.645, cyc 0.220, idt 0.458) | D_A 0.379 D_B 0.394 | gnorm G 186.47 D 38.25 | lr 2.00e-04
[2026-09-28T15:17:04] step 23750/80000 | G 4.535 (gan 1.431/1.363, cyc 0.218, idt 0.706) | D_A 0.436 D_B 0.422 | gnorm G 121.08 D 40.81 | lr 2.00e-04
[2026-09-28T15:17:06] step 23800/80000 | G 4.766 (gan 1.503/1.378, cyc 0.236, idt 0.431) | D_A 0.436 D_B 0.414 | gnorm G 135.39 D 40.24 | lr 2.00e-04
[2026-09-28T15:17:09] step 23850/80000 | G 4.646 (gan 1.508/1.355, cyc 0.223, idt 0.668) | D_A 0.418 D_B 0.459 | gnorm G 134.54 D 42.27 | lr 2.00e-04
[2026-09-28T15:17:11] step 23900/80000 | G 4.449 (gan 1.465/1.229, cyc 0.219, idt 0.485) | D_A 0.417 D_B 0.535 | gnorm G 132.77 D 41.28 | lr 2.00e-04
[2026-09-28T15:17:14] step 23950/80000 | G 4.632 (gan 1.445/1.518, cyc 0.209, idt 0.498) | D_A 0.331 D_B 0.411 | gnorm G 130.53 D 31.77 | lr 2.00e-04
[2026-09-28T15:17:16] step 24000/80000 | G 4.368 (gan 1.194/1.454, cyc 0.215, idt 0.519) | D_A 0.342 D_B 0.433 | gnorm G 148.61 D 37.52 | lr 2.00e-04
[2026-09-28T15:17:19] step 24050/80000 | G 4.766 (gan 1.453/1.548, cyc 0.221, idt 0.438) | D_A 0.352 D_B 0.377 | gnorm G 174.55 D 38.24 | lr 2.00e-04
[2026-09-28T15:17:22] step 24100/80000 | G 4.707 (gan 1.495/1.422, cyc 0.224, idt 0.472) | D_A 0.343 D_B 0.467 | gnorm G 133.12 D 39.98 | lr 2.00e-04
[2026-09-28T15:17:24] step 24150/80000 | G 5.007 (gan 1.523/1.695, cyc 0.224, idt 0.554) | D_A 0.398 D_B 0.403 | gnorm G 179.95 D 38.08 | lr 2.00e-04
[2026-09-28T15:17:27] step 24200/80000 | G 4.555 (gan 1.395/1.427, cyc 0.217, idt 0.510) | D_A 0.398 D_B 0.421 | gnorm G 143.95 D 38.89 | lr 2.00e-04
[2026-09-28T15:17:29] step 24250/80000 | G 4.237 (gan 1.238/1.232, cyc 0.221, idt 0.556) | D_A 0.410 D_B 0.387 | gnorm G 109.87 D 35.01 | lr 2.00e-04
[2026-09-28T15:17:32] step 24300/80000 | G 4.570 (gan 1.271/1.543, cyc 0.219, idt 0.712) | D_A 0.355 D_B 0.421 | gnorm G 155.84 D 37.94 | lr 2.00e-04
[2026-09-28T15:17:34] step 24350/80000 | G 4.899 (gan 1.688/1.399, cyc 0.227, idt 0.629) | D_A 0.431 D_B 0.410 | gnorm G 128.02 D 36.69 | lr 2.00e-04
[2026-09-28T15:17:36] step 24400/80000 | G 4.573 (gan 1.450/1.426, cyc 0.212, idt 0.263) | D_A 0.401 D_B 0.623 | gnorm G 127.68 D 44.01 | lr 2.00e-04
[2026-09-28T15:17:39] step 24450/80000 | G 4.100 (gan 1.206/1.150, cyc 0.218, idt 0.436) | D_A 0.402 D_B 0.454 | gnorm G 157.43 D 35.73 | lr 2.00e-04
[2026-09-28T15:17:41] step 24500/80000 | G 4.424 (gan 1.237/1.488, cyc 0.212, idt 0.740) | D_A 0.398 D_B 0.453 | gnorm G 154.23 D 40.99 | lr 2.00e-04
[2026-09-28T15:17:44] step 24550/80000 | G 4.550 (gan 1.378/1.431, cyc 0.218, idt 0.476) | D_A 0.406 D_B 0.399 | gnorm G 114.07 D 40.04 | lr 2.00e-04
[2026-09-28T15:17:46] step 24600/80000 | G 4.157 (gan 1.179/1.274, cyc 0.213, idt 0.585) | D_A 0.441 D_B 0.387 | gnorm G 134.90 D 39.60 | lr 2.00e-04
[2026-09-28T15:17:48] step 24650/80000 | G 4.716 (gan 1.431/1.579, cyc 0.213, idt 0.448) | D_A 0.362 D_B 0.423 | gnorm G 172.91 D 35.91 | lr 2.00e-04
[2026-09-28T15:17:51] step 24700/80000 | G 4.197 (gan 1.207/1.355, cyc 0.204, idt 0.555) | D_A 0.408 D_B 0.504 | gnorm G 115.09 D 37.97 | lr 2.00e-04
[2026-09-28T15:17:53] step 24750/80000 | G 4.451 (gan 1.316/1.436, cyc 0.212, idt 0.688) | D_A 0.343 D_B 0.426 | gnorm G 140.12 D 34.28 | lr 2.00e-04
[2026-09-28T15:17:56] step 24800/80000 | G 4.782 (gan 1.501/1.517, cyc 0.221, idt 0.557) | D_A 0.379 D_B 0.389 | gnorm G 114.75 D 37.50 | lr 2.00e-04
[2026-09-28T15:17:58] step 24850/80000 | G 4.408 (gan 1.166/1.431, cyc 0.226, idt 0.762) | D_A 0.440 D_B 0.447 | gnorm G 112.05 D 37.70 | lr 2.00e-04
[2026-09-28T15:18:00] step 24900/80000 | G 4.559 (gan 1.484/1.377, cyc 0.212, idt 0.582) | D_A 0.407 D_B 0.436 | gnorm G 135.23 D 39.26 | lr 2.00e-04
[2026-09-28T15:18:03] step 24950/80000 | G 4.605 (gan 1.417/1.466, cyc 0.215, idt 0.450) | D_A 0.414 D_B 0.376 | gnorm G 161.05 D 40.10 | lr 2.00e-04
[2026-09-28T15:18:05] step 25000/80000 | G 4.583 (gan 1.389/1.420, cyc 0.222, idt 0.546) | D_A 0.389 D_B 0.324 | gnorm G 142.83 D 33.32 | lr 2.00e-04
[2026-09-28T15:18:08] step 25050/80000 | G 4.700 (gan 1.466/1.438, cyc 0.225, idt 0.596) | D_A 0.376 D_B 0.393 | gnorm G 159.83 D 38.11 | lr 2.00e-04
[2026-09-28T15:18:11] step 25100/80000 | G 4.519 (gan 1.363/1.437, cyc 0.215, idt 0.458) | D_A 0.375 D_B 0.414 | gnorm G 138.35 D 37.68 | lr 2.00e-04
[2026-09-28T15:18:13] step 25150/80000 | G 4.646 (gan 1.532/1.397, cyc 0.215, idt 0.559) | D_A 0.437 D_B 0.355 | gnorm G 143.30 D 36.88 | lr 2.00e-04
[2026-09-28T15:18:16] step 25200/80000 | G 4.378 (gan 1.453/1.246, cyc 0.210, idt 0.822) | D_A 0.384 D_B 0.442 | gnorm G 108.43 D 39.25 | lr 2.00e-04
[2026-09-28T15:18:18] step 25250/80000 | G 4.581 (gan 1.415/1.439, cyc 0.216, idt 0.560) | D_A 0.422 D_B 0.451 | gnorm G 128.21 D 37.83 | lr 2.00e-04
[2026-09-28T15:18:20] step 25300/80000 | G 4.571 (gan 1.365/1.405, cyc 0.225, idt 0.527) | D_A 0.416 D_B 0.403 | gnorm G 134.56 D 39.17 | lr 2.00e-04
[2026-09-28T15:18:23] step 25350/80000 | G 4.495 (gan 1.267/1.416, cyc 0.226, idt 0.835) | D_A 0.370 D_B 0.436 | gnorm G 130.45 D 40.97 | lr 2.00e-04
[2026-09-28T15:18:25] step 25400/80000 | G 5.225 (gan 1.709/1.677, cyc 0.230, idt 0.784) | D_A 0.358 D_B 0.373 | gnorm G 205.94 D 34.86 | lr 2.00e-04
[2026-09-28T15:18:28] step 25450/80000 | G 4.752 (gan 1.442/1.568, cyc 0.218, idt 0.550) | D_A 0.358 D_B 0.485 | gnorm G 157.46 D 39.00 | lr 2.00e-04
[2026-09-28T15:18:30] step 25500/80000 | G 4.478 (gan 1.333/1.313, cyc 0.229, idt 0.473) | D_A 0.438 D_B 0.434 | gnorm G 132.75 D 39.20 | lr 2.00e-04
[2026-09-28T15:18:33] step 25550/80000 | G 4.556 (gan 1.239/1.478, cyc 0.230, idt 0.962) | D_A 0.323 D_B 0.411 | gnorm G 131.22 D 35.35 | lr 2.00e-04
[2026-09-28T15:18:35] step 25600/80000 | G 4.936 (gan 1.414/1.736, cyc 0.223, idt 0.589) | D_A 0.360 D_B 0.389 | gnorm G 181.05 D 35.28 | lr 2.00e-04
[2026-09-28T15:18:37] step 25650/80000 | G 4.664 (gan 1.384/1.389, cyc 0.236, idt 0.650) | D_A 0.365 D_B 0.366 | gnorm G 148.26 D 37.22 | lr 2.00e-04
[2026-09-28T15:18:40] step 25700/80000 | G 4.285 (gan 1.332/1.155, cyc 0.225, idt 0.479) | D_A 0.344 D_B 0.435 | gnorm G 106.04 D 38.09 | lr 2.00e-04
[2026-09-28T15:18:42] step 25750/80000 | G 4.718 (gan 1.459/1.440, cyc 0.227, idt 0.488) | D_A 0.441 D_B 0.368 | gnorm G 115.76 D 39.38 | lr 2.00e-04
[2026-09-28T15:18:44] step 25800/80000 | G 4.497 (gan 1.273/1.491, cyc 0.217, idt 0.793) | D_A 0.417 D_B 0.529 | gnorm G 135.59 D 41.53 | lr 2.00e-04
[2026-09-28T15:18:47] step 25850/80000 | G 4.904 (gan 1.627/1.557, cyc 0.215, idt 0.702) | D_A 0.451 D_B 0.436 | gnorm G 152.44 D 43.32 | lr 2.00e-04
[2026-09-28T15:18:49] step 25900/80000 | G 4.415 (gan 1.322/1.299, cyc 0.224, idt 0.438) | D_A 0.415 D_B 0.541 | gnorm G 113.07 D 44.69 | lr 2.00e-04
[2026-09-28T15:18:52] step 25950/80000 | G 4.523 (gan 1.322/1.472, cyc 0.216, idt 0.460) | D_A 0.408 D_B 0.462 | gnorm G 128.82 D 38.74 | lr 2.00e-04
[2026-09-28T15:18:54] step 26000/80000 | G 4.534 (gan 1.340/1.382, cyc 0.226, idt 0.572) | D_A 0.384 D_B 0.396 | gnorm G 107.88 D 32.77 | lr 2.00e-04
[2026-09-28T15:18:57] step 26050/80000 | G 4.526 (gan 1.294/1.578, cyc 0.207, idt 0.523) | D_A 0.484 D_B 0.476 | gnorm G 136.57 D 41.39 | lr 2.00e-04
[2026-09-28T15:19:00] step 26100/80000 | G 4.718 (gan 1.674/1.297, cyc 0.218, idt 0.488) | D_A 0.430 D_B 0.401 | gnorm G 133.20 D 37.81 | lr 2.00e-04
[2026-09-28T15:19:02] step 26150/80000 | G 4.616 (gan 1.534/1.304, cyc 0.222, idt 0.477) | D_A 0.397 D_B 0.351 | gnorm G 132.75 D 31.52 | lr 2.00e-04
[2026-09-28T15:19:04] step 26200/80000 | G 4.625 (gan 1.404/1.358, cyc 0.233, idt 0.490) | D_A 0.345 D_B 0.456 | gnorm G 154.41 D 36.30 | lr 2.00e-04
[2026-09-28T15:19:07] step 26250/80000 | G 4.656 (gan 1.440/1.399, cyc 0.227, idt 0.495) | D_A 0.380 D_B 0.474 | gnorm G 134.91 D 42.28 | lr 2.00e-04
[2026-09-28T15:19:09] step 26300/80000 | G 4.940 (gan 1.410/1.717, cyc 0.227, idt 0.622) | D_A 0.407 D_B 0.383 | gnorm G 144.12 D 35.81 | lr 2.00e-04
[2026-09-28T15:19:12] step 26350/80000 | G 4.535 (gan 1.322/1.492, cyc 0.215, idt 0.760) | D_A 0.350 D_B 0.460 | gnorm G 107.96 D 36.82 | lr 2.00e-04
[2026-09-28T15:19:14] step 26400/80000 | G 4.442 (gan 1.220/1.476, cyc 0.218, idt 0.466) | D_A 0.396 D_B 0.390 | gnorm G 146.21 D 33.82 | lr 2.00e-04
[2026-09-28T15:19:16] step 26450/80000 | G 4.507 (gan 1.512/1.246, cyc 0.219, idt 0.462) | D_A 0.408 D_B 0.381 | gnorm G 117.68 D 37.73 | lr 2.00e-04
[2026-09-28T15:19:19] step 26500/80000 | G 4.561 (gan 1.347/1.474, cyc 0.217, idt 0.664) | D_A 0.436 D_B 0.413 | gnorm G 122.87 D 37.77 | lr 2.00e-04
[2026-09-28T15:19:21] step 26550/80000 | G 5.003 (gan 1.504/1.625, cyc 0.234, idt 0.598) | D_A 0.352 D_B 0.448 | gnorm G 189.47 D 35.55 | lr 2.00e-04
[2026-09-28T15:19:24] step 26600/80000 | G 4.076 (gan 1.254/1.130, cyc 0.211, idt 0.569) | D_A 0.369 D_B 0.457 | gnorm G 82.49 D 34.12 | lr 2.00e-04
[2026-09-28T15:19:26] step 26650/80000 | G 4.474 (gan 1.332/1.375, cyc 0.221, idt 0.702) | D_A 0.460 D_B 0.478 | gnorm G 87.88 D 41.63 | lr 2.00e-04
[2026-09-28T15:19:28] step 26700/80000 | G 4.559 (gan 1.370/1.452, cyc 0.217, idt 0.544) | D_A 0.425 D_B 0.379 | gnorm G 137.88 D 35.34 | lr 2.00e-04
[2026-09-28T15:19:31] step 26750/80000 | G 4.476 (gan 1.254/1.482, cyc 0.217, idt 0.597) | D_A 0.381 D_B 0.533 | gnorm G 148.65 D 47.77 | lr 2.00e-04
[2026-09-28T15:19:34] step 26800/80000 | G 4.625 (gan 1.285/1.463, cyc 0.235, idt 0.719) | D_A 0.395 D_B 0.443 | gnorm G 130.85 D 36.61 | lr 2.00e-04
[2026-09-28T15:19:36] step 26850/80000 | G 4.869 (gan 1.435/1.546, cyc 0.236, idt 0.341) | D_A 0.375 D_B 0.358 | gnorm G 180.21 D 35.14 | lr 2.00e-04
[2026-09-28T15:19:38] step 26900/80000 | G 4.903 (gan 1.496/1.578, cyc 0.229, idt 0.402) | D_A 0.332 D_B 0.437 | gnorm G 159.77 D 33.39 | lr 2.00e-04
[2026-09-28T15:19:41] step 26950/80000 | G 4.989 (gan 1.571/1.588, cyc 0.229, idt 0.422) | D_A 0.334 D_B 0.441 | gnorm G 138.75 D 36.19 | lr 2.00e-04
[2026-09-28T15:19:43] step 27000/80000 | G 4.536 (gan 1.397/1.380, cyc 0.220, idt 0.363) | D_A 0.328 D_B 0.444 | gnorm G 129.21 D 35.57 | lr 2.00e-04
[2026-09-28T15:19:46] step 27050/80000 | G 5.176 (gan 1.555/1.758, cyc 0.233, idt 0.733) | D_A 0.441 D_B 0.385 | gnorm G 164.49 D 43.08 | lr 2.00e-04
[2026-09-28T15:19:49] step 27100/80000 | G 4.729 (gan 1.396/1.574, cyc 0.220, idt 0.422) | D_A 0.454 D_B 0.447 | gnorm G 152.46 D 42.88 | lr 2.00e-04
[2026-09-28T15:19:51] step 27150/80000 | G 4.637 (gan 1.247/1.647, cyc 0.218, idt 0.395) | D_A 0.338 D_B 0.409 | gnorm G 128.58 D 32.13 | lr 2.00e-04
[2026-09-28T15:19:54] step 27200/80000 | G 4.861 (gan 1.622/1.370, cyc 0.234, idt 0.441) | D_A 0.416 D_B 0.377 | gnorm G 144.69 D 38.29 | lr 2.00e-04
[2026-09-28T15:19:56] step 27250/80000 | G 4.546 (gan 1.366/1.443, cyc 0.217, idt 0.418) | D_A 0.417 D_B 0.397 | gnorm G 113.23 D 36.14 | lr 2.00e-04
[2026-09-28T15:19:58] step 27300/80000 | G 4.483 (gan 1.467/1.313, cyc 0.213, idt 0.556) | D_A 0.386 D_B 0.370 | gnorm G 122.84 D 36.08 | lr 2.00e-04
[2026-09-28T15:20:01] step 27350/80000 | G 4.940 (gan 1.462/1.629, cyc 0.231, idt 0.645) | D_A 0.368 D_B 0.376 | gnorm G 171.59 D 39.10 | lr 2.00e-04
[2026-09-28T15:20:03] step 27400/80000 | G 4.675 (gan 1.475/1.450, cyc 0.219, idt 0.515) | D_A 0.339 D_B 0.488 | gnorm G 132.48 D 39.57 | lr 2.00e-04
[2026-09-28T15:20:06] step 27450/80000 | G 4.222 (gan 1.265/1.273, cyc 0.211, idt 0.572) | D_A 0.416 D_B 0.456 | gnorm G 75.03 D 36.52 | lr 2.00e-04
[2026-09-28T15:20:08] step 27500/80000 | G 4.457 (gan 1.386/1.337, cyc 0.217, idt 0.622) | D_A 0.442 D_B 0.464 | gnorm G 80.88 D 40.00 | lr 2.00e-04
[2026-09-28T15:20:10] step 27550/80000 | G 4.485 (gan 1.351/1.379, cyc 0.219, idt 0.698) | D_A 0.466 D_B 0.442 | gnorm G 119.68 D 39.22 | lr 2.00e-04
[2026-09-28T15:20:13] step 27600/80000 | G 4.369 (gan 1.383/1.309, cyc 0.210, idt 0.404) | D_A 0.376 D_B 0.431 | gnorm G 89.46 D 35.11 | lr 2.00e-04
[2026-09-28T15:20:15] step 27650/80000 | G 4.761 (gan 1.421/1.538, cyc 0.225, idt 0.644) | D_A 0.404 D_B 0.452 | gnorm G 109.99 D 38.92 | lr 2.00e-04
[2026-09-28T15:20:18] step 27700/80000 | G 4.758 (gan 1.443/1.523, cyc 0.224, idt 0.589) | D_A 0.418 D_B 0.465 | gnorm G 126.86 D 44.01 | lr 2.00e-04
[2026-09-28T15:20:20] step 27750/80000 | G 4.730 (gan 1.788/1.204, cyc 0.217, idt 0.443) | D_A 0.441 D_B 0.393 | gnorm G 144.49 D 36.92 | lr 2.00e-04
[2026-09-28T15:20:22] step 27800/80000 | G 4.385 (gan 1.275/1.429, cyc 0.210, idt 0.880) | D_A 0.401 D_B 0.457 | gnorm G 115.35 D 35.78 | lr 2.00e-04
[2026-09-28T15:20:25] step 27850/80000 | G 4.439 (gan 1.351/1.343, cyc 0.218, idt 0.482) | D_A 0.420 D_B 0.430 | gnorm G 116.71 D 32.83 | lr 2.00e-04
[2026-09-28T15:20:27] step 27900/80000 | G 4.854 (gan 1.440/1.656, cyc 0.220, idt 0.443) | D_A 0.403 D_B 0.379 | gnorm G 180.11 D 36.13 | lr 2.00e-04
[2026-09-28T15:20:30] step 27950/80000 | G 4.480 (gan 1.378/1.310, cyc 0.224, idt 0.627) | D_A 0.380 D_B 0.399 | gnorm G 153.35 D 35.31 | lr 2.00e-04
[2026-09-28T15:20:32] step 28000/80000 | G 5.245 (gan 1.436/1.932, cyc 0.235, idt 0.492) | D_A 0.336 D_B 0.349 | gnorm G 190.97 D 32.06 | lr 2.00e-04
[2026-09-28T15:20:35] step 28050/80000 | G 4.354 (gan 1.234/1.439, cyc 0.210, idt 0.698) | D_A 0.338 D_B 0.388 | gnorm G 98.95 D 32.66 | lr 2.00e-04
[2026-09-28T15:20:37] step 28100/80000 | G 4.490 (gan 1.416/1.338, cyc 0.217, idt 0.685) | D_A 0.381 D_B 0.435 | gnorm G 115.92 D 39.12 | lr 2.00e-04
[2026-09-28T15:20:40] step 28150/80000 | G 4.651 (gan 1.420/1.469, cyc 0.220, idt 0.368) | D_A 0.397 D_B 0.435 | gnorm G 119.56 D 34.16 | lr 2.00e-04
[2026-09-28T15:20:42] step 28200/80000 | G 4.854 (gan 1.495/1.540, cyc 0.227, idt 0.810) | D_A 0.420 D_B 0.402 | gnorm G 148.08 D 36.94 | lr 2.00e-04
[2026-09-28T15:20:45] step 28250/80000 | G 4.380 (gan 1.196/1.413, cyc 0.221, idt 0.568) | D_A 0.369 D_B 0.446 | gnorm G 124.71 D 39.02 | lr 2.00e-04
[2026-09-28T15:20:47] step 28300/80000 | G 4.636 (gan 1.523/1.382, cyc 0.216, idt 0.581) | D_A 0.324 D_B 0.350 | gnorm G 138.29 D 30.94 | lr 2.00e-04
[2026-09-28T15:20:49] step 28350/80000 | G 4.235 (gan 1.272/1.306, cyc 0.207, idt 0.685) | D_A 0.366 D_B 0.419 | gnorm G 125.57 D 36.02 | lr 2.00e-04
[2026-09-28T15:20:52] step 28400/80000 | G 4.789 (gan 1.464/1.582, cyc 0.218, idt 0.436) | D_A 0.409 D_B 0.537 | gnorm G 128.99 D 43.56 | lr 2.00e-04
[2026-09-28T15:20:54] step 28450/80000 | G 4.523 (gan 1.444/1.315, cyc 0.221, idt 0.551) | D_A 0.376 D_B 0.399 | gnorm G 123.22 D 35.30 | lr 2.00e-04
[2026-09-28T15:20:57] step 28500/80000 | G 4.421 (gan 1.390/1.331, cyc 0.212, idt 0.717) | D_A 0.361 D_B 0.400 | gnorm G 142.92 D 36.47 | lr 2.00e-04
[2026-09-28T15:20:59] step 28550/80000 | G 4.993 (gan 1.617/1.594, cyc 0.223, idt 0.489) | D_A 0.314 D_B 0.455 | gnorm G 135.74 D 38.58 | lr 2.00e-04
[2026-09-28T15:21:02] step 28600/80000 | G 4.911 (gan 1.559/1.488, cyc 0.233, idt 0.629) | D_A 0.395 D_B 0.449 | gnorm G 148.48 D 45.33 | lr 2.00e-04
[2026-09-28T15:21:04] step 28650/80000 | G 4.511 (gan 1.288/1.455, cyc 0.221, idt 0.524) | D_A 0.482 D_B 0.478 | gnorm G 123.34 D 44.30 | lr 2.00e-04
[2026-09-28T15:21:06] step 28700/80000 | G 4.559 (gan 1.464/1.327, cyc 0.221, idt 0.536) | D_A 0.385 D_B 0.418 | gnorm G 113.68 D 34.30 | lr 2.00e-04
[2026-09-28T15:21:09] step 28750/80000 | G 4.992 (gan 1.436/1.754, cyc 0.225, idt 0.774) | D_A 0.356 D_B 0.343 | gnorm G 163.00 D 32.93 | lr 2.00e-04
[2026-09-28T15:21:11] step 28800/80000 | G 5.220 (gan 1.694/1.577, cyc 0.244, idt 0.555) | D_A 0.447 D_B 0.391 | gnorm G 136.89 D 41.73 | lr 2.00e-04
[2026-09-28T15:21:14] step 28850/80000 | G 5.126 (gan 1.966/1.306, cyc 0.232, idt 0.550) | D_A 0.421 D_B 0.315 | gnorm G 129.59 D 29.76 | lr 2.00e-04
[2026-09-28T15:21:16] step 28900/80000 | G 4.428 (gan 1.354/1.334, cyc 0.218, idt 0.540) | D_A 0.356 D_B 0.387 | gnorm G 99.23 D 34.42 | lr 2.00e-04
[2026-09-28T15:21:18] step 28950/80000 | G 4.736 (gan 1.497/1.407, cyc 0.229, idt 0.471) | D_A 0.310 D_B 0.402 | gnorm G 146.25 D 30.14 | lr 2.00e-04
[2026-09-28T15:21:21] step 29000/80000 | G 5.003 (gan 1.559/1.611, cyc 0.229, idt 0.559) | D_A 0.397 D_B 0.391 | gnorm G 139.29 D 39.58 | lr 2.00e-04
[2026-09-28T15:21:24] step 29050/80000 | G 4.496 (gan 1.318/1.374, cyc 0.225, idt 0.699) | D_A 0.425 D_B 0.430 | gnorm G 113.58 D 38.86 | lr 2.00e-04
[2026-09-28T15:21:26] step 29100/80000 | G 4.444 (gan 1.299/1.400, cyc 0.218, idt 0.677) | D_A 0.420 D_B 0.468 | gnorm G 113.93 D 35.96 | lr 2.00e-04
[2026-09-28T15:21:29] step 29150/80000 | G 4.549 (gan 1.461/1.288, cyc 0.225, idt 0.835) | D_A 0.464 D_B 0.407 | gnorm G 87.29 D 35.29 | lr 2.00e-04
[2026-09-28T15:21:31] step 29200/80000 | G 4.402 (gan 1.314/1.396, cyc 0.211, idt 0.662) | D_A 0.341 D_B 0.442 | gnorm G 112.35 D 34.86 | lr 2.00e-04
[2026-09-28T15:21:34] step 29250/80000 | G 4.224 (gan 1.139/1.416, cyc 0.209, idt 0.436) | D_A 0.374 D_B 0.393 | gnorm G 113.63 D 38.06 | lr 2.00e-04
[2026-09-28T15:21:36] step 29300/80000 | G 4.524 (gan 1.412/1.345, cyc 0.221, idt 0.538) | D_A 0.461 D_B 0.447 | gnorm G 97.37 D 37.46 | lr 2.00e-04
[2026-09-28T15:21:38] step 29350/80000 | G 5.092 (gan 1.623/1.613, cyc 0.232, idt 0.466) | D_A 0.276 D_B 0.517 | gnorm G 141.69 D 35.79 | lr 2.00e-04
[2026-09-28T15:21:41] step 29400/80000 | G 4.678 (gan 1.429/1.514, cyc 0.217, idt 0.805) | D_A 0.400 D_B 0.393 | gnorm G 111.35 D 32.55 | lr 2.00e-04
[2026-09-28T15:21:43] step 29450/80000 | G 4.678 (gan 1.518/1.431, cyc 0.216, idt 0.518) | D_A 0.419 D_B 0.450 | gnorm G 113.59 D 40.75 | lr 2.00e-04
[2026-09-28T15:21:46] step 29500/80000 | G 4.688 (gan 1.407/1.550, cyc 0.216, idt 0.848) | D_A 0.377 D_B 0.402 | gnorm G 107.40 D 37.14 | lr 2.00e-04
[2026-09-28T15:21:48] step 29550/80000 | G 4.470 (gan 1.293/1.509, cyc 0.208, idt 0.682) | D_A 0.366 D_B 0.457 | gnorm G 94.62 D 36.46 | lr 2.00e-04
[2026-09-28T15:21:51] step 29600/80000 | G 4.824 (gan 1.433/1.630, cyc 0.220, idt 0.591) | D_A 0.344 D_B 0.418 | gnorm G 142.79 D 36.43 | lr 2.00e-04
[2026-09-28T15:21:53] step 29650/80000 | G 4.503 (gan 1.297/1.411, cyc 0.224, idt 0.502) | D_A 0.365 D_B 0.390 | gnorm G 117.23 D 31.87 | lr 2.00e-04
[2026-09-28T15:21:56] step 29700/80000 | G 4.951 (gan 1.511/1.652, cyc 0.223, idt 0.588) | D_A 0.343 D_B 0.401 | gnorm G 151.28 D 35.71 | lr 2.00e-04
[2026-09-28T15:21:58] step 29750/80000 | G 5.188 (gan 1.592/1.776, cyc 0.228, idt 0.461) | D_A 0.299 D_B 0.412 | gnorm G 181.69 D 36.50 | lr 2.00e-04
[2026-09-28T15:22:00] step 29800/80000 | G 4.638 (gan 1.299/1.534, cyc 0.225, idt 0.623) | D_A 0.417 D_B 0.434 | gnorm G 120.11 D 37.77 | lr 2.00e-04
[2026-09-28T15:22:03] step 29850/80000 | G 4.104 (gan 1.104/1.274, cyc 0.216, idt 0.457) | D_A 0.462 D_B 0.543 | gnorm G 77.66 D 44.56 | lr 2.00e-04
[2026-09-28T15:22:05] step 29900/80000 | G 4.594 (gan 1.448/1.343, cyc 0.225, idt 0.629) | D_A 0.373 D_B 0.402 | gnorm G 134.97 D 35.90 | lr 2.00e-04
[2026-09-28T15:22:08] step 29950/80000 | G 4.230 (gan 1.294/1.199, cyc 0.217, idt 0.545) | D_A 0.485 D_B 0.469 | gnorm G 90.98 D 42.02 | lr 2.00e-04
[2026-09-28T15:22:10] step 30000/80000 | G 4.619 (gan 1.431/1.384, cyc 0.225, idt 0.478) | D_A 0.391 D_B 0.454 | gnorm G 94.70 D 34.02 | lr 2.00e-04
[2026-09-28T15:22:13] step 30050/80000 | G 4.671 (gan 1.340/1.545, cyc 0.223, idt 0.417) | D_A 0.434 D_B 0.417 | gnorm G 112.16 D 36.69 | lr 2.00e-04
[2026-09-28T15:22:16] step 30100/80000 | G 4.374 (gan 1.429/1.220, cyc 0.216, idt 0.424) | D_A 0.428 D_B 0.435 | gnorm G 114.00 D 37.24 | lr 2.00e-04
[2026-09-28T15:22:18] step 30150/80000 | G 4.311 (gan 1.339/1.296, cyc 0.209, idt 0.426) | D_A 0.441 D_B 0.444 | gnorm G 91.68 D 35.81 | lr 2.00e-04
[2026-09-28T15:22:20] step 30200/80000 | G 4.562 (gan 1.376/1.473, cyc 0.214, idt 0.689) | D_A 0.418 D_B 0.381 | gnorm G 126.21 D 34.14 | lr 2.00e-04
[2026-09-28T15:22:23] step 30250/80000 | G 5.116 (gan 1.724/1.514, cyc 0.235, idt 0.578) | D_A 0.351 D_B 0.341 | gnorm G 134.01 D 33.95 | lr 2.00e-04
[2026-09-28T15:22:25] step 30300/80000 | G 4.807 (gan 1.396/1.544, cyc 0.233, idt 0.593) | D_A 0.329 D_B 0.499 | gnorm G 155.56 D 38.47 | lr 2.00e-04
[2026-09-28T15:22:28] step 30350/80000 | G 4.784 (gan 1.452/1.564, cyc 0.221, idt 0.504) | D_A 0.315 D_B 0.391 | gnorm G 145.72 D 35.83 | lr 2.00e-04
[2026-09-28T15:22:30] step 30400/80000 | G 4.706 (gan 1.363/1.559, cyc 0.223, idt 0.380) | D_A 0.320 D_B 0.434 | gnorm G 141.26 D 33.77 | lr 2.00e-04
[2026-09-28T15:22:33] step 30450/80000 | G 4.993 (gan 1.419/1.773, cyc 0.225, idt 0.737) | D_A 0.288 D_B 0.432 | gnorm G 139.35 D 35.25 | lr 2.00e-04
[2026-09-28T15:22:35] step 30500/80000 | G 4.371 (gan 1.171/1.526, cyc 0.209, idt 0.874) | D_A 0.465 D_B 0.435 | gnorm G 119.05 D 45.14 | lr 2.00e-04
[2026-09-28T15:22:37] step 30550/80000 | G 4.438 (gan 1.391/1.265, cyc 0.223, idt 0.670) | D_A 0.389 D_B 0.443 | gnorm G 108.22 D 39.88 | lr 2.00e-04
[2026-09-28T15:22:40] step 30600/80000 | G 4.918 (gan 1.407/1.739, cyc 0.222, idt 0.471) | D_A 0.384 D_B 0.434 | gnorm G 144.61 D 35.33 | lr 2.00e-04
[2026-09-28T15:22:42] step 30650/80000 | G 4.698 (gan 1.352/1.699, cyc 0.206, idt 0.491) | D_A 0.341 D_B 0.426 | gnorm G 147.98 D 36.33 | lr 2.00e-04
[2026-09-28T15:22:44] step 30700/80000 | G 5.308 (gan 1.446/1.985, cyc 0.235, idt 0.462) | D_A 0.279 D_B 0.386 | gnorm G 217.50 D 33.55 | lr 2.00e-04
[2026-09-28T15:22:47] step 30750/80000 | G 4.833 (gan 1.266/1.679, cyc 0.236, idt 0.479) | D_A 0.373 D_B 0.406 | gnorm G 148.26 D 39.24 | lr 2.00e-04
[2026-09-28T15:22:49] step 30800/80000 | G 4.668 (gan 1.538/1.346, cyc 0.223, idt 0.715) | D_A 0.388 D_B 0.484 | gnorm G 118.25 D 40.55 | lr 2.00e-04
[2026-09-28T15:22:52] step 30850/80000 | G 4.615 (gan 1.313/1.532, cyc 0.221, idt 0.636) | D_A 0.392 D_B 0.411 | gnorm G 112.08 D 37.16 | lr 2.00e-04
[2026-09-28T15:22:54] step 30900/80000 | G 5.004 (gan 1.592/1.566, cyc 0.231, idt 0.583) | D_A 0.361 D_B 0.449 | gnorm G 137.18 D 38.46 | lr 2.00e-04
[2026-09-28T15:22:56] step 30950/80000 | G 4.917 (gan 1.505/1.698, cyc 0.214, idt 0.578) | D_A 0.336 D_B 0.404 | gnorm G 152.03 D 35.37 | lr 2.00e-04
[2026-09-28T15:22:59] step 31000/80000 | G 4.778 (gan 1.634/1.319, cyc 0.228, idt 0.556) | D_A 0.390 D_B 0.390 | gnorm G 113.25 D 36.49 | lr 2.00e-04
[2026-09-28T15:23:02] step 31050/80000 | G 4.433 (gan 1.351/1.336, cyc 0.218, idt 0.603) | D_A 0.467 D_B 0.456 | gnorm G 98.18 D 43.86 | lr 2.00e-04
[2026-09-28T15:23:04] step 31100/80000 | G 4.435 (gan 1.414/1.298, cyc 0.215, idt 0.531) | D_A 0.376 D_B 0.397 | gnorm G 101.90 D 35.93 | lr 2.00e-04
[2026-09-28T15:23:07] step 31150/80000 | G 4.205 (gan 1.352/1.185, cyc 0.209, idt 0.491) | D_A 0.409 D_B 0.471 | gnorm G 98.97 D 37.80 | lr 2.00e-04
[2026-09-28T15:23:09] step 31200/80000 | G 4.267 (gan 1.158/1.412, cyc 0.212, idt 0.554) | D_A 0.370 D_B 0.468 | gnorm G 108.91 D 37.80 | lr 2.00e-04
[2026-09-28T15:23:11] step 31250/80000 | G 4.409 (gan 1.369/1.242, cyc 0.225, idt 0.540) | D_A 0.399 D_B 0.389 | gnorm G 118.48 D 38.97 | lr 2.00e-04
[2026-09-28T15:23:14] step 31300/80000 | G 4.430 (gan 1.304/1.388, cyc 0.217, idt 0.720) | D_A 0.396 D_B 0.432 | gnorm G 80.75 D 36.84 | lr 2.00e-04
[2026-09-28T15:23:16] step 31350/80000 | G 4.748 (gan 1.465/1.533, cyc 0.219, idt 0.695) | D_A 0.523 D_B 0.361 | gnorm G 120.22 D 37.49 | lr 2.00e-04
[2026-09-28T15:23:19] step 31400/80000 | G 5.297 (gan 1.789/1.650, cyc 0.232, idt 0.588) | D_A 0.327 D_B 0.380 | gnorm G 144.82 D 29.95 | lr 2.00e-04
[2026-09-28T15:23:21] step 31450/80000 | G 4.953 (gan 1.304/1.835, cyc 0.227, idt 0.585) | D_A 0.343 D_B 0.449 | gnorm G 149.11 D 35.41 | lr 2.00e-04
[2026-09-28T15:23:23] step 31500/80000 | G 4.476 (gan 1.221/1.523, cyc 0.216, idt 0.521) | D_A 0.401 D_B 0.418 | gnorm G 121.06 D 36.63 | lr 2.00e-04
[2026-09-28T15:23:26] step 31550/80000 | G 5.045 (gan 1.560/1.641, cyc 0.230, idt 0.631) | D_A 0.374 D_B 0.363 | gnorm G 145.08 D 34.66 | lr 2.00e-04
[2026-09-28T15:23:28] step 31600/80000 | G 4.730 (gan 1.357/1.587, cyc 0.223, idt 0.835) | D_A 0.392 D_B 0.422 | gnorm G 131.21 D 39.55 | lr 2.00e-04
[2026-09-28T15:23:31] step 31650/80000 | G 4.342 (gan 1.286/1.349, cyc 0.213, idt 0.384) | D_A 0.405 D_B 0.458 | gnorm G 83.47 D 43.09 | lr 2.00e-04
[2026-09-28T15:23:33] step 31700/80000 | G 4.692 (gan 1.312/1.608, cyc 0.221, idt 0.723) | D_A 0.429 D_B 0.463 | gnorm G 106.42 D 39.53 | lr 2.00e-04
[2026-09-28T15:23:36] step 31750/80000 | G 4.624 (gan 1.427/1.414, cyc 0.223, idt 0.441) | D_A 0.358 D_B 0.429 | gnorm G 139.13 D 35.68 | lr 2.00e-04
[2026-09-28T15:23:38] step 31800/80000 | G 4.637 (gan 1.499/1.401, cyc 0.217, idt 0.515) | D_A 0.330 D_B 0.415 | gnorm G 147.16 D 34.32 | lr 2.00e-04
[2026-09-28T15:23:40] step 31850/80000 | G 4.530 (gan 1.263/1.445, cyc 0.228, idt 0.639) | D_A 0.410 D_B 0.427 | gnorm G 115.61 D 39.44 | lr 2.00e-04
[2026-09-28T15:23:43] step 31900/80000 | G 4.414 (gan 1.285/1.426, cyc 0.213, idt 0.433) | D_A 0.344 D_B 0.496 | gnorm G 122.46 D 38.39 | lr 2.00e-04
[2026-09-28T15:23:45] step 31950/80000 | G 4.484 (gan 1.370/1.326, cyc 0.224, idt 0.601) | D_A 0.398 D_B 0.402 | gnorm G 131.05 D 35.53 | lr 2.00e-04
[2026-09-28T15:23:48] step 32000/80000 | G 4.603 (gan 1.425/1.426, cyc 0.219, idt 0.593) | D_A 0.392 D_B 0.365 | gnorm G 106.28 D 34.32 | lr 2.00e-04
[2026-09-28T15:23:51] step 32050/80000 | G 4.663 (gan 1.582/1.366, cyc 0.214, idt 0.585) | D_A 0.492 D_B 0.394 | gnorm G 108.69 D 36.56 | lr 2.00e-04
[2026-09-28T15:23:53] step 32100/80000 | G 5.009 (gan 1.512/1.592, cyc 0.238, idt 0.463) | D_A 0.350 D_B 0.453 | gnorm G 115.89 D 38.54 | lr 2.00e-04
[2026-09-28T15:23:56] step 32150/80000 | G 4.604 (gan 1.232/1.638, cyc 0.217, idt 0.555) | D_A 0.382 D_B 0.456 | gnorm G 161.96 D 37.86 | lr 2.00e-04
[2026-09-28T15:23:58] step 32200/80000 | G 4.301 (gan 1.341/1.256, cyc 0.213, idt 0.579) | D_A 0.402 D_B 0.391 | gnorm G 97.01 D 33.21 | lr 2.00e-04
[2026-09-28T15:24:01] step 32250/80000 | G 4.629 (gan 1.463/1.474, cyc 0.212, idt 0.344) | D_A 0.445 D_B 0.398 | gnorm G 110.57 D 41.37 | lr 2.00e-04
[2026-09-28T15:24:03] step 32300/80000 | G 4.639 (gan 1.557/1.292, cyc 0.224, idt 0.572) | D_A 0.418 D_B 0.403 | gnorm G 117.14 D 37.47 | lr 2.00e-04
[2026-09-28T15:24:06] step 32350/80000 | G 4.707 (gan 1.573/1.369, cyc 0.221, idt 0.719) | D_A 0.350 D_B 0.400 | gnorm G 100.41 D 34.94 | lr 2.00e-04
[2026-09-28T15:24:08] step 32400/80000 | G 4.655 (gan 1.425/1.490, cyc 0.218, idt 0.624) | D_A 0.445 D_B 0.515 | gnorm G 121.82 D 43.19 | lr 2.00e-04
[2026-09-28T15:24:10] step 32450/80000 | G 4.305 (gan 1.304/1.301, cyc 0.212, idt 0.634) | D_A 0.426 D_B 0.415 | gnorm G 95.53 D 36.89 | lr 2.00e-04
[2026-09-28T15:24:13] step 32500/80000 | G 4.671 (gan 1.365/1.496, cyc 0.226, idt 0.346) | D_A 0.458 D_B 0.411 | gnorm G 125.35 D 36.76 | lr 2.00e-04
[2026-09-28T15:24:15] step 32550/80000 | G 4.548 (gan 1.464/1.276, cyc 0.226, idt 0.531) | D_A 0.347 D_B 0.410 | gnorm G 94.74 D 32.62 | lr 2.00e-04
[2026-09-28T15:24:18] step 32600/80000 | G 4.371 (gan 1.392/1.238, cyc 0.218, idt 0.520) | D_A 0.414 D_B 0.412 | gnorm G 85.88 D 33.51 | lr 2.00e-04
[2026-09-28T15:24:20] step 32650/80000 | G 4.947 (gan 1.659/1.406, cyc 0.235, idt 0.620) | D_A 0.403 D_B 0.432 | gnorm G 106.86 D 37.24 | lr 2.00e-04
[2026-09-28T15:24:22] step 32700/80000 | G 4.444 (gan 1.428/1.268, cyc 0.219, idt 0.470) | D_A 0.431 D_B 0.460 | gnorm G 97.75 D 35.45 | lr 2.00e-04
[2026-09-28T15:24:25] step 32750/80000 | G 4.728 (gan 1.526/1.337, cyc 0.233, idt 0.793) | D_A 0.369 D_B 0.400 | gnorm G 109.80 D 36.12 | lr 2.00e-04
[2026-09-28T15:24:27] step 32800/80000 | G 4.867 (gan 1.679/1.420, cyc 0.221, idt 0.427) | D_A 0.386 D_B 0.363 | gnorm G 113.15 D 32.07 | lr 2.00e-04
[2026-09-28T15:24:30] step 32850/80000 | G 4.399 (gan 1.265/1.468, cyc 0.208, idt 0.703) | D_A 0.439 D_B 0.508 | gnorm G 108.30 D 33.90 | lr 2.00e-04
[2026-09-28T15:24:32] step 32900/80000 | G 4.617 (gan 1.490/1.308, cyc 0.227, idt 0.595) | D_A 0.345 D_B 0.423 | gnorm G 112.24 D 37.94 | lr 2.00e-04
[2026-09-28T15:24:34] step 32950/80000 | G 4.541 (gan 1.277/1.531, cyc 0.217, idt 0.577) | D_A 0.382 D_B 0.397 | gnorm G 117.60 D 34.69 | lr 2.00e-04
[2026-09-28T15:24:37] step 33000/80000 | G 4.657 (gan 1.415/1.428, cyc 0.227, idt 0.493) | D_A 0.416 D_B 0.382 | gnorm G 88.74 D 33.81 | lr 2.00e-04
[2026-09-28T15:24:40] step 33050/80000 | G 4.690 (gan 1.506/1.356, cyc 0.228, idt 0.527) | D_A 0.362 D_B 0.445 | gnorm G 97.37 D 35.07 | lr 2.00e-04
[2026-09-28T15:24:42] step 33100/80000 | G 4.262 (gan 1.203/1.307, cyc 0.219, idt 0.600) | D_A 0.408 D_B 0.394 | gnorm G 89.46 D 30.86 | lr 2.00e-04
[2026-09-28T15:24:45] step 33150/80000 | G 4.323 (gan 1.260/1.365, cyc 0.212, idt 0.618) | D_A 0.401 D_B 0.452 | gnorm G 92.07 D 36.95 | lr 2.00e-04
[2026-09-28T15:24:47] step 33200/80000 | G 4.872 (gan 1.476/1.648, cyc 0.218, idt 0.569) | D_A 0.392 D_B 0.517 | gnorm G 124.96 D 40.75 | lr 2.00e-04
[2026-09-28T15:24:49] step 33250/80000 | G 4.774 (gan 1.362/1.608, cyc 0.226, idt 0.489) | D_A 0.338 D_B 0.448 | gnorm G 121.34 D 36.81 | lr 2.00e-04
[2026-09-28T15:24:52] step 33300/80000 | G 4.762 (gan 1.423/1.557, cyc 0.223, idt 0.677) | D_A 0.406 D_B 0.393 | gnorm G 92.52 D 34.57 | lr 2.00e-04
[2026-09-28T15:24:54] step 33350/80000 | G 4.339 (gan 1.497/1.184, cyc 0.207, idt 0.632) | D_A 0.434 D_B 0.445 | gnorm G 72.75 D 33.70 | lr 2.00e-04
[2026-09-28T15:24:57] step 33400/80000 | G 4.351 (gan 1.284/1.332, cyc 0.217, idt 0.607) | D_A 0.404 D_B 0.445 | gnorm G 86.86 D 32.88 | lr 2.00e-04
[2026-09-28T15:24:59] step 33450/80000 | G 4.853 (gan 1.352/1.674, cyc 0.228, idt 0.420) | D_A 0.354 D_B 0.490 | gnorm G 151.13 D 38.14 | lr 2.00e-04
[2026-09-28T15:25:01] step 33500/80000 | G 4.645 (gan 1.454/1.444, cyc 0.218, idt 0.771) | D_A 0.393 D_B 0.453 | gnorm G 88.01 D 40.67 | lr 2.00e-04
[2026-09-28T15:25:04] step 33550/80000 | G 4.479 (gan 1.198/1.429, cyc 0.232, idt 0.636) | D_A 0.398 D_B 0.438 | gnorm G 87.79 D 33.71 | lr 2.00e-04
[2026-09-28T15:25:06] step 33600/80000 | G 4.316 (gan 1.310/1.343, cyc 0.208, idt 0.356) | D_A 0.424 D_B 0.452 | gnorm G 88.24 D 37.55 | lr 2.00e-04
[2026-09-28T15:25:08] step 33650/80000 | G 4.555 (gan 1.412/1.384, cyc 0.220, idt 0.416) | D_A 0.398 D_B 0.385 | gnorm G 96.77 D 34.13 | lr 2.00e-04
[2026-09-28T15:25:11] step 33700/80000 | G 4.907 (gan 1.606/1.467, cyc 0.229, idt 0.534) | D_A 0.351 D_B 0.394 | gnorm G 101.42 D 33.31 | lr 2.00e-04
[2026-09-28T15:25:13] step 33750/80000 | G 5.122 (gan 1.628/1.585, cyc 0.239, idt 0.903) | D_A 0.372 D_B 0.364 | gnorm G 134.78 D 34.48 | lr 2.00e-04
[2026-09-28T15:25:16] step 33800/80000 | G 5.164 (gan 1.563/1.760, cyc 0.230, idt 0.432) | D_A 0.381 D_B 0.304 | gnorm G 137.93 D 31.78 | lr 2.00e-04
[2026-09-28T15:25:18] step 33850/80000 | G 4.634 (gan 1.423/1.484, cyc 0.216, idt 0.480) | D_A 0.341 D_B 0.415 | gnorm G 102.52 D 34.84 | lr 2.00e-04
[2026-09-28T15:25:20] step 33900/80000 | G 4.453 (gan 1.319/1.399, cyc 0.217, idt 0.504) | D_A 0.372 D_B 0.423 | gnorm G 120.98 D 36.74 | lr 2.00e-04
[2026-09-28T15:25:23] step 33950/80000 | G 4.536 (gan 1.432/1.356, cyc 0.218, idt 0.602) | D_A 0.326 D_B 0.476 | gnorm G 100.07 D 39.50 | lr 2.00e-04
[2026-09-28T15:25:25] step 34000/80000 | G 4.910 (gan 1.514/1.603, cyc 0.224, idt 0.692) | D_A 0.412 D_B 0.428 | gnorm G 135.57 D 37.91 | lr 2.00e-04
[2026-09-28T15:25:28] step 34050/80000 | G 5.033 (gan 1.525/1.701, cyc 0.226, idt 0.386) | D_A 0.348 D_B 0.463 | gnorm G 147.78 D 39.49 | lr 2.00e-04
[2026-09-28T15:25:31] step 34100/80000 | G 4.597 (gan 1.343/1.519, cyc 0.217, idt 0.433) | D_A 0.622 D_B 0.445 | gnorm G 95.84 D 43.95 | lr 2.00e-04
[2026-09-28T15:25:33] step 34150/80000 | G 4.609 (gan 1.306/1.584, cyc 0.215, idt 0.466) | D_A 0.353 D_B 0.385 | gnorm G 89.43 D 32.45 | lr 2.00e-04
[2026-09-28T15:25:35] step 34200/80000 | G 4.819 (gan 1.529/1.435, cyc 0.232, idt 0.450) | D_A 0.376 D_B 0.433 | gnorm G 100.23 D 35.19 | lr 2.00e-04
[2026-09-28T15:25:38] step 34250/80000 | G 4.741 (gan 1.514/1.435, cyc 0.224, idt 0.589) | D_A 0.370 D_B 0.421 | gnorm G 85.65 D 33.60 | lr 2.00e-04
[2026-09-28T15:25:40] step 34300/80000 | G 4.431 (gan 1.306/1.387, cyc 0.217, idt 0.452) | D_A 0.433 D_B 0.414 | gnorm G 86.66 D 34.17 | lr 2.00e-04
[2026-09-28T15:25:43] step 34350/80000 | G 4.894 (gan 1.498/1.554, cyc 0.230, idt 0.410) | D_A 0.358 D_B 0.381 | gnorm G 102.76 D 31.12 | lr 2.00e-04
[2026-09-28T15:25:45] step 34400/80000 | G 4.680 (gan 1.413/1.503, cyc 0.221, idt 0.712) | D_A 0.414 D_B 0.427 | gnorm G 126.59 D 36.16 | lr 2.00e-04
[2026-09-28T15:25:47] step 34450/80000 | G 4.581 (gan 1.319/1.515, cyc 0.218, idt 0.632) | D_A 0.370 D_B 0.447 | gnorm G 84.50 D 34.35 | lr 2.00e-04
[2026-09-28T15:25:50] step 34500/80000 | G 4.711 (gan 1.379/1.556, cyc 0.222, idt 0.809) | D_A 0.390 D_B 0.419 | gnorm G 111.46 D 34.04 | lr 2.00e-04
[2026-09-28T15:25:52] step 34550/80000 | G 5.065 (gan 1.579/1.781, cyc 0.213, idt 0.592) | D_A 0.363 D_B 0.386 | gnorm G 156.76 D 34.66 | lr 2.00e-04
[2026-09-28T15:25:54] step 34600/80000 | G 5.077 (gan 1.618/1.587, cyc 0.234, idt 0.399) | D_A 0.369 D_B 0.379 | gnorm G 105.70 D 33.61 | lr 2.00e-04
[2026-09-28T15:25:57] step 34650/80000 | G 4.600 (gan 1.553/1.331, cyc 0.215, idt 0.465) | D_A 0.430 D_B 0.434 | gnorm G 101.46 D 38.89 | lr 2.00e-04
[2026-09-28T15:25:59] step 34700/80000 | G 4.951 (gan 1.589/1.560, cyc 0.225, idt 0.687) | D_A 0.449 D_B 0.453 | gnorm G 111.56 D 40.40 | lr 2.00e-04
[2026-09-28T15:26:02] step 34750/80000 | G 4.734 (gan 1.396/1.579, cyc 0.220, idt 0.673) | D_A 0.348 D_B 0.395 | gnorm G 120.17 D 31.64 | lr 2.00e-04
[2026-09-28T15:26:04] step 34800/80000 | G 4.650 (gan 1.310/1.614, cyc 0.216, idt 0.542) | D_A 0.398 D_B 0.457 | gnorm G 90.39 D 36.62 | lr 2.00e-04
[2026-09-28T15:26:06] step 34850/80000 | G 4.528 (gan 1.290/1.511, cyc 0.216, idt 0.550) | D_A 0.338 D_B 0.439 | gnorm G 119.94 D 35.03 | lr 2.00e-04
[2026-09-28T15:26:09] step 34900/80000 | G 4.512 (gan 1.430/1.355, cyc 0.216, idt 0.536) | D_A 0.350 D_B 0.514 | gnorm G 83.18 D 37.15 | lr 2.00e-04
[2026-09-28T15:26:11] step 34950/80000 | G 4.749 (gan 1.390/1.652, cyc 0.213, idt 0.542) | D_A 0.363 D_B 0.436 | gnorm G 111.45 D 34.94 | lr 2.00e-04
[2026-09-28T15:26:14] step 35000/80000 | G 4.618 (gan 1.474/1.349, cyc 0.224, idt 0.567) | D_A 0.396 D_B 0.390 | gnorm G 107.55 D 36.22 | lr 2.00e-04
[2026-09-28T15:26:17] step 35050/80000 | G 4.908 (gan 1.468/1.656, cyc 0.223, idt 0.611) | D_A 0.437 D_B 0.480 | gnorm G 95.89 D 38.70 | lr 2.00e-04
[2026-09-28T15:26:19] step 35100/80000 | G 4.718 (gan 1.471/1.405, cyc 0.230, idt 0.823) | D_A 0.374 D_B 0.395 | gnorm G 103.24 D 30.10 | lr 2.00e-04
[2026-09-28T15:26:21] step 35150/80000 | G 4.726 (gan 1.393/1.575, cyc 0.220, idt 0.516) | D_A 0.353 D_B 0.400 | gnorm G 97.80 D 32.76 | lr 2.00e-04
[2026-09-28T15:26:24] step 35200/80000 | G 4.970 (gan 1.543/1.593, cyc 0.229, idt 0.587) | D_A 0.343 D_B 0.409 | gnorm G 93.27 D 33.96 | lr 2.00e-04
[2026-09-28T15:26:26] step 35250/80000 | G 4.992 (gan 1.553/1.686, cyc 0.219, idt 0.530) | D_A 0.416 D_B 0.520 | gnorm G 128.31 D 43.71 | lr 2.00e-04
[2026-09-28T15:26:28] step 35300/80000 | G 4.544 (gan 1.265/1.558, cyc 0.215, idt 0.428) | D_A 0.345 D_B 0.471 | gnorm G 153.09 D 37.42 | lr 2.00e-04
[2026-09-28T15:26:31] step 35350/80000 | G 4.610 (gan 1.353/1.515, cyc 0.218, idt 0.592) | D_A 0.335 D_B 0.420 | gnorm G 127.28 D 35.53 | lr 2.00e-04
[2026-09-28T15:26:33] step 35400/80000 | G 4.495 (gan 1.409/1.303, cyc 0.223, idt 0.842) | D_A 0.397 D_B 0.406 | gnorm G 93.64 D 35.42 | lr 2.00e-04
[2026-09-28T15:26:36] step 35450/80000 | G 4.433 (gan 1.363/1.382, cyc 0.211, idt 0.711) | D_A 0.426 D_B 0.460 | gnorm G 89.23 D 36.30 | lr 2.00e-04
[2026-09-28T15:26:38] step 35500/80000 | G 4.951 (gan 1.689/1.420, cyc 0.230, idt 0.485) | D_A 0.336 D_B 0.378 | gnorm G 111.86 D 33.68 | lr 2.00e-04
[2026-09-28T15:26:40] step 35550/80000 | G 4.743 (gan 1.565/1.446, cyc 0.216, idt 0.595) | D_A 0.413 D_B 0.406 | gnorm G 102.94 D 35.15 | lr 2.00e-04
[2026-09-28T15:26:43] step 35600/80000 | G 4.362 (gan 1.217/1.447, cyc 0.212, idt 0.475) | D_A 0.421 D_B 0.438 | gnorm G 87.11 D 35.98 | lr 2.00e-04
[2026-09-28T15:26:45] step 35650/80000 | G 4.765 (gan 1.448/1.557, cyc 0.220, idt 0.597) | D_A 0.338 D_B 0.393 | gnorm G 112.06 D 30.41 | lr 2.00e-04
[2026-09-28T15:26:48] step 35700/80000 | G 4.751 (gan 1.419/1.544, cyc 0.224, idt 0.370) | D_A 0.359 D_B 0.385 | gnorm G 81.51 D 33.50 | lr 2.00e-04
[2026-09-28T15:26:50] step 35750/80000 | G 4.869 (gan 1.425/1.652, cyc 0.224, idt 0.688) | D_A 0.435 D_B 0.387 | gnorm G 108.21 D 35.01 | lr 2.00e-04
[2026-09-28T15:26:52] step 35800/80000 | G 4.669 (gan 1.416/1.467, cyc 0.223, idt 0.776) | D_A 0.386 D_B 0.409 | gnorm G 115.68 D 33.41 | lr 2.00e-04
[2026-09-28T15:26:55] step 35850/80000 | G 4.247 (gan 1.310/1.276, cyc 0.208, idt 0.625) | D_A 0.412 D_B 0.412 | gnorm G 98.53 D 37.51 | lr 2.00e-04
[2026-09-28T15:26:57] step 35900/80000 | G 4.305 (gan 1.279/1.277, cyc 0.219, idt 0.612) | D_A 0.386 D_B 0.490 | gnorm G 77.45 D 37.78 | lr 2.00e-04
[2026-09-28T15:26:59] step 35950/80000 | G 4.427 (gan 1.348/1.288, cyc 0.224, idt 0.595) | D_A 0.460 D_B 0.392 | gnorm G 93.90 D 31.58 | lr 2.00e-04
[2026-09-28T15:27:02] step 36000/80000 | G 4.589 (gan 1.442/1.445, cyc 0.213, idt 0.505) | D_A 0.355 D_B 0.390 | gnorm G 95.91 D 29.25 | lr 2.00e-04
[2026-09-28T15:27:05] step 36050/80000 | G 4.275 (gan 1.311/1.233, cyc 0.216, idt 0.428) | D_A 0.463 D_B 0.434 | gnorm G 68.50 D 37.49 | lr 2.00e-04
[2026-09-28T15:27:07] step 36100/80000 | G 4.571 (gan 1.454/1.342, cyc 0.222, idt 0.382) | D_A 0.419 D_B 0.371 | gnorm G 91.41 D 32.32 | lr 2.00e-04
[2026-09-28T15:27:10] step 36150/80000 | G 5.142 (gan 1.871/1.439, cyc 0.229, idt 0.521) | D_A 0.397 D_B 0.341 | gnorm G 123.36 D 33.23 | lr 2.00e-04
[2026-09-28T15:27:12] step 36200/80000 | G 4.608 (gan 1.571/1.308, cyc 0.216, idt 0.654) | D_A 0.417 D_B 0.397 | gnorm G 88.70 D 33.29 | lr 2.00e-04
[2026-09-28T15:27:14] step 36250/80000 | G 4.610 (gan 1.490/1.404, cyc 0.214, idt 0.590) | D_A 0.385 D_B 0.491 | gnorm G 106.24 D 36.26 | lr 2.00e-04
[2026-09-28T15:27:17] step 36300/80000 | G 4.655 (gan 1.449/1.497, cyc 0.214, idt 0.656) | D_A 0.415 D_B 0.440 | gnorm G 108.31 D 38.34 | lr 2.00e-04
[2026-09-28T15:27:19] step 36350/80000 | G 4.177 (gan 1.262/1.299, cyc 0.202, idt 0.555) | D_A 0.374 D_B 0.405 | gnorm G 76.14 D 32.12 | lr 2.00e-04
[2026-09-28T15:27:21] step 36400/80000 | G 4.706 (gan 1.454/1.488, cyc 0.221, idt 0.814) | D_A 0.393 D_B 0.390 | gnorm G 101.87 D 33.70 | lr 2.00e-04
[2026-09-28T15:27:24] step 36450/80000 | G 4.714 (gan 1.605/1.344, cyc 0.221, idt 0.576) | D_A 0.394 D_B 0.355 | gnorm G 103.57 D 29.07 | lr 2.00e-04
[2026-09-28T15:27:26] step 36500/80000 | G 4.866 (gan 1.442/1.601, cyc 0.228, idt 0.522) | D_A 0.314 D_B 0.337 | gnorm G 113.70 D 30.81 | lr 2.00e-04
[2026-09-28T15:27:29] step 36550/80000 | G 5.012 (gan 1.632/1.517, cyc 0.233, idt 0.477) | D_A 0.379 D_B 0.409 | gnorm G 162.20 D 36.85 | lr 2.00e-04
[2026-09-28T15:27:31] step 36600/80000 | G 5.127 (gan 1.490/1.839, cyc 0.225, idt 0.654) | D_A 0.343 D_B 0.453 | gnorm G 134.43 D 38.70 | lr 2.00e-04
[2026-09-28T15:27:33] step 36650/80000 | G 4.813 (gan 1.603/1.346, cyc 0.233, idt 0.604) | D_A 0.402 D_B 0.389 | gnorm G 92.49 D 34.26 | lr 2.00e-04
[2026-09-28T15:27:36] step 36700/80000 | G 4.835 (gan 1.421/1.603, cyc 0.226, idt 0.468) | D_A 0.377 D_B 0.436 | gnorm G 104.72 D 33.83 | lr 2.00e-04
[2026-09-28T15:27:38] step 36750/80000 | G 4.548 (gan 1.375/1.453, cyc 0.215, idt 0.548) | D_A 0.372 D_B 0.454 | gnorm G 78.22 D 33.92 | lr 2.00e-04
[2026-09-28T15:27:41] step 36800/80000 | G 4.705 (gan 1.248/1.664, cyc 0.224, idt 0.548) | D_A 0.371 D_B 0.384 | gnorm G 122.65 D 34.97 | lr 2.00e-04
[2026-09-28T15:27:43] step 36850/80000 | G 4.511 (gan 1.247/1.447, cyc 0.227, idt 0.680) | D_A 0.307 D_B 0.389 | gnorm G 105.60 D 32.11 | lr 2.00e-04
[2026-09-28T15:27:45] step 36900/80000 | G 4.853 (gan 1.459/1.626, cyc 0.221, idt 0.509) | D_A 0.401 D_B 0.445 | gnorm G 159.06 D 40.62 | lr 2.00e-04
[2026-09-28T15:27:48] step 36950/80000 | G 4.702 (gan 1.354/1.591, cyc 0.220, idt 0.626) | D_A 0.358 D_B 0.453 | gnorm G 129.99 D 35.88 | lr 2.00e-04
[2026-09-28T15:27:50] step 37000/80000 | G 4.998 (gan 1.552/1.635, cyc 0.226, idt 0.541) | D_A 0.367 D_B 0.375 | gnorm G 106.89 D 35.78 | lr 2.00e-04
[2026-09-28T15:27:53] step 37050/80000 | G 4.626 (gan 1.380/1.476, cyc 0.221, idt 0.467) | D_A 0.370 D_B 0.483 | gnorm G 108.29 D 36.71 | lr 2.00e-04
[2026-09-28T15:27:55] step 37100/80000 | G 4.641 (gan 1.495/1.250, cyc 0.237, idt 0.642) | D_A 0.354 D_B 0.414 | gnorm G 71.04 D 31.97 | lr 2.00e-04
[2026-09-28T15:27:58] step 37150/80000 | G 4.940 (gan 1.558/1.554, cyc 0.228, idt 0.783) | D_A 0.417 D_B 0.405 | gnorm G 97.93 D 36.31 | lr 2.00e-04
[2026-09-28T15:28:00] step 37200/80000 | G 4.913 (gan 1.464/1.580, cyc 0.234, idt 0.669) | D_A 0.363 D_B 0.434 | gnorm G 117.77 D 36.75 | lr 2.00e-04
[2026-09-28T15:28:02] step 37250/80000 | G 4.864 (gan 1.441/1.606, cyc 0.227, idt 0.523) | D_A 0.386 D_B 0.402 | gnorm G 89.94 D 33.69 | lr 2.00e-04
[2026-09-28T15:28:05] step 37300/80000 | G 4.627 (gan 1.505/1.313, cyc 0.226, idt 0.560) | D_A 0.325 D_B 0.386 | gnorm G 100.46 D 28.84 | lr 2.00e-04
[2026-09-28T15:28:07] step 37350/80000 | G 4.763 (gan 1.367/1.641, cyc 0.219, idt 0.504) | D_A 0.286 D_B 0.393 | gnorm G 148.56 D 29.25 | lr 2.00e-04
[2026-09-28T15:28:10] step 37400/80000 | G 4.544 (gan 1.383/1.379, cyc 0.223, idt 0.806) | D_A 0.383 D_B 0.394 | gnorm G 97.00 D 32.62 | lr 2.00e-04
[2026-09-28T15:28:12] step 37450/80000 | G 4.903 (gan 1.371/1.744, cyc 0.223, idt 0.461) | D_A 0.338 D_B 0.482 | gnorm G 145.43 D 36.35 | lr 2.00e-04
[2026-09-28T15:28:14] step 37500/80000 | G 4.976 (gan 1.541/1.567, cyc 0.233, idt 0.416) | D_A 0.354 D_B 0.412 | gnorm G 119.28 D 30.92 | lr 2.00e-04
[2026-09-28T15:28:17] step 37550/80000 | G 4.591 (gan 1.370/1.520, cyc 0.213, idt 0.508) | D_A 0.346 D_B 0.438 | gnorm G 103.26 D 32.87 | lr 2.00e-04
[2026-09-28T15:28:19] step 37600/80000 | G 4.550 (gan 1.433/1.293, cyc 0.228, idt 0.783) | D_A 0.336 D_B 0.379 | gnorm G 103.32 D 31.97 | lr 2.00e-04
[2026-09-28T15:28:21] step 37650/80000 | G 4.937 (gan 1.647/1.432, cyc 0.232, idt 0.581) | D_A 0.375 D_B 0.383 | gnorm G 91.25 D 31.06 | lr 2.00e-04
[2026-09-28T15:28:24] step 37700/80000 | G 5.155 (gan 1.508/1.804, cyc 0.230, idt 0.624) | D_A 0.398 D_B 0.348 | gnorm G 130.39 D 33.12 | lr 2.00e-04
[2026-09-28T15:28:26] step 37750/80000 | G 4.351 (gan 1.403/1.274, cyc 0.209, idt 0.634) | D_A 0.377 D_B 0.482 | gnorm G 77.34 D 40.79 | lr 2.00e-04
[2026-09-28T15:28:29] step 37800/80000 | G 4.662 (gan 1.510/1.375, cyc 0.222, idt 0.392) | D_A 0.379 D_B 0.521 | gnorm G 79.25 D 37.54 | lr 2.00e-04
[2026-09-28T15:28:31] step 37850/80000 | G 4.732 (gan 1.445/1.547, cyc 0.218, idt 0.682) | D_A 0.346 D_B 0.465 | gnorm G 120.11 D 36.53 | lr 2.00e-04
[2026-09-28T15:28:33] step 37900/80000 | G 4.558 (gan 1.332/1.445, cyc 0.223, idt 0.558) | D_A 0.442 D_B 0.456 | gnorm G 115.17 D 41.15 | lr 2.00e-04
[2026-09-28T15:28:36] step 37950/80000 | G 4.469 (gan 1.395/1.381, cyc 0.212, idt 0.448) | D_A 0.422 D_B 0.516 | gnorm G 84.15 D 39.64 | lr 2.00e-04
[2026-09-28T15:28:38] step 38000/80000 | G 4.586 (gan 1.347/1.498, cyc 0.218, idt 0.563) | D_A 0.356 D_B 0.498 | gnorm G 95.79 D 37.26 | lr 2.00e-04
[2026-09-28T15:28:41] step 38050/80000 | G 4.462 (gan 1.270/1.468, cyc 0.215, idt 0.814) | D_A 0.524 D_B 0.459 | gnorm G 85.20 D 41.34 | lr 2.00e-04
[2026-09-28T15:28:44] step 38100/80000 | G 4.706 (gan 1.526/1.426, cyc 0.219, idt 0.518) | D_A 0.370 D_B 0.416 | gnorm G 72.30 D 32.36 | lr 2.00e-04
[2026-09-28T15:28:46] step 38150/80000 | G 4.787 (gan 1.366/1.586, cyc 0.229, idt 0.703) | D_A 0.312 D_B 0.362 | gnorm G 106.17 D 30.53 | lr 2.00e-04
[2026-09-28T15:28:48] step 38200/80000 | G 4.970 (gan 1.711/1.435, cyc 0.228, idt 0.590) | D_A 0.408 D_B 0.358 | gnorm G 113.30 D 34.02 | lr 2.00e-04
[2026-09-28T15:28:51] step 38250/80000 | G 4.773 (gan 1.491/1.545, cyc 0.217, idt 0.539) | D_A 0.433 D_B 0.387 | gnorm G 85.43 D 34.10 | lr 2.00e-04
[2026-09-28T15:28:53] step 38300/80000 | G 4.363 (gan 1.357/1.307, cyc 0.212, idt 0.884) | D_A 0.361 D_B 0.402 | gnorm G 75.69 D 32.71 | lr 2.00e-04
[2026-09-28T15:28:55] step 38350/80000 | G 4.626 (gan 1.370/1.485, cyc 0.221, idt 0.522) | D_A 0.445 D_B 0.419 | gnorm G 99.53 D 38.09 | lr 2.00e-04
[2026-09-28T15:28:58] step 38400/80000 | G 4.393 (gan 1.311/1.357, cyc 0.216, idt 0.852) | D_A 0.375 D_B 0.468 | gnorm G 91.72 D 34.59 | lr 2.00e-04
[2026-09-28T15:29:00] step 38450/80000 | G 4.210 (gan 1.179/1.321, cyc 0.214, idt 0.737) | D_A 0.393 D_B 0.469 | gnorm G 71.68 D 29.55 | lr 2.00e-04
[2026-09-28T15:29:02] step 38500/80000 | G 4.386 (gan 1.411/1.267, cyc 0.214, idt 0.697) | D_A 0.448 D_B 0.474 | gnorm G 75.60 D 36.54 | lr 2.00e-04
[2026-09-28T15:29:05] step 38550/80000 | G 4.480 (gan 1.349/1.331, cyc 0.225, idt 0.623) | D_A 0.359 D_B 0.481 | gnorm G 73.78 D 36.35 | lr 2.00e-04
[2026-09-28T15:29:07] step 38600/80000 | G 4.570 (gan 1.368/1.451, cyc 0.219, idt 0.554) | D_A 0.370 D_B 0.459 | gnorm G 94.16 D 34.95 | lr 2.00e-04
[2026-09-28T15:29:10] step 38650/80000 | G 4.385 (gan 1.333/1.347, cyc 0.213, idt 0.810) | D_A 0.362 D_B 0.398 | gnorm G 94.59 D 34.90 | lr 2.00e-04
[2026-09-28T15:29:12] step 38700/80000 | G 4.648 (gan 1.435/1.481, cyc 0.216, idt 0.649) | D_A 0.390 D_B 0.385 | gnorm G 95.95 D 34.99 | lr 2.00e-04
[2026-09-28T15:29:14] step 38750/80000 | G 4.670 (gan 1.398/1.453, cyc 0.227, idt 0.657) | D_A 0.373 D_B 0.393 | gnorm G 91.81 D 32.22 | lr 2.00e-04
[2026-09-28T15:29:17] step 38800/80000 | G 5.044 (gan 1.604/1.579, cyc 0.233, idt 0.564) | D_A 0.427 D_B 0.379 | gnorm G 107.59 D 35.21 | lr 2.00e-04
[2026-09-28T15:29:19] step 38850/80000 | G 4.768 (gan 1.568/1.300, cyc 0.237, idt 0.480) | D_A 0.378 D_B 0.342 | gnorm G 82.08 D 29.33 | lr 2.00e-04
[2026-09-28T15:29:21] step 38900/80000 | G 4.740 (gan 1.683/1.330, cyc 0.216, idt 0.561) | D_A 0.407 D_B 0.425 | gnorm G 107.97 D 35.83 | lr 2.00e-04
[2026-09-28T15:29:24] step 38950/80000 | G 4.469 (gan 1.396/1.282, cyc 0.224, idt 0.681) | D_A 0.391 D_B 0.377 | gnorm G 67.75 D 32.92 | lr 2.00e-04
[2026-09-28T15:29:26] step 39000/80000 | G 4.701 (gan 1.529/1.461, cyc 0.214, idt 0.616) | D_A 0.372 D_B 0.408 | gnorm G 96.20 D 37.10 | lr 2.00e-04
[2026-09-28T15:29:29] step 39050/80000 | G 4.942 (gan 1.518/1.523, cyc 0.238, idt 0.856) | D_A 0.297 D_B 0.316 | gnorm G 102.63 D 26.92 | lr 2.00e-04
[2026-09-28T15:29:32] step 39100/80000 | G 5.005 (gan 1.474/1.740, cyc 0.224, idt 0.495) | D_A 0.286 D_B 0.419 | gnorm G 118.91 D 34.03 | lr 2.00e-04
[2026-09-28T15:29:34] step 39150/80000 | G 4.882 (gan 1.479/1.649, cyc 0.219, idt 0.558) | D_A 0.360 D_B 0.395 | gnorm G 112.80 D 33.60 | lr 2.00e-04
[2026-09-28T15:29:36] step 39200/80000 | G 4.569 (gan 1.354/1.495, cyc 0.215, idt 0.472) | D_A 0.356 D_B 0.429 | gnorm G 76.88 D 36.80 | lr 2.00e-04
[2026-09-28T15:29:39] step 39250/80000 | G 4.650 (gan 1.343/1.594, cyc 0.214, idt 0.497) | D_A 0.351 D_B 0.420 | gnorm G 105.83 D 35.00 | lr 2.00e-04
[2026-09-28T15:29:41] step 39300/80000 | G 4.892 (gan 1.558/1.530, cyc 0.225, idt 0.560) | D_A 0.415 D_B 0.399 | gnorm G 107.13 D 38.48 | lr 2.00e-04
[2026-09-28T15:29:43] step 39350/80000 | G 4.665 (gan 1.528/1.333, cyc 0.226, idt 0.552) | D_A 0.346 D_B 0.428 | gnorm G 97.31 D 34.10 | lr 2.00e-04
[2026-09-28T15:29:46] step 39400/80000 | G 4.646 (gan 1.197/1.601, cyc 0.231, idt 0.542) | D_A 0.327 D_B 0.431 | gnorm G 126.60 D 33.48 | lr 2.00e-04
[2026-09-28T15:29:48] step 39450/80000 | G 5.184 (gan 1.555/1.697, cyc 0.241, idt 0.413) | D_A 0.321 D_B 0.478 | gnorm G 111.59 D 37.94 | lr 2.00e-04
[2026-09-28T15:29:51] step 39500/80000 | G 4.715 (gan 1.296/1.637, cyc 0.223, idt 0.510) | D_A 0.354 D_B 0.452 | gnorm G 89.31 D 35.81 | lr 2.00e-04
[2026-09-28T15:29:53] step 39550/80000 | G 4.617 (gan 1.325/1.461, cyc 0.229, idt 0.533) | D_A 0.335 D_B 0.564 | gnorm G 92.17 D 36.33 | lr 2.00e-04
[2026-09-28T15:29:55] step 39600/80000 | G 4.631 (gan 1.280/1.595, cyc 0.220, idt 0.540) | D_A 0.331 D_B 0.434 | gnorm G 97.58 D 34.05 | lr 2.00e-04
[2026-09-28T15:29:58] step 39650/80000 | G 4.783 (gan 1.401/1.607, cyc 0.222, idt 0.464) | D_A 0.412 D_B 0.398 | gnorm G 137.60 D 36.91 | lr 2.00e-04
[2026-09-28T15:30:00] step 39700/80000 | G 4.755 (gan 1.397/1.518, cyc 0.230, idt 0.393) | D_A 0.357 D_B 0.404 | gnorm G 122.22 D 36.07 | lr 2.00e-04
[2026-09-28T15:30:02] step 39750/80000 | G 5.294 (gan 1.637/1.722, cyc 0.242, idt 1.016) | D_A 0.330 D_B 0.371 | gnorm G 141.69 D 31.41 | lr 2.00e-04
[2026-09-28T15:30:05] step 39800/80000 | G 5.314 (gan 1.446/1.951, cyc 0.240, idt 0.676) | D_A 0.323 D_B 0.408 | gnorm G 141.31 D 34.24 | lr 2.00e-04
[2026-09-28T15:30:07] step 39850/80000 | G 4.994 (gan 1.688/1.526, cyc 0.223, idt 0.496) | D_A 0.343 D_B 0.431 | gnorm G 109.49 D 39.09 | lr 2.00e-04
[2026-09-28T15:30:10] step 39900/80000 | G 4.612 (gan 1.342/1.498, cyc 0.221, idt 0.616) | D_A 0.371 D_B 0.360 | gnorm G 104.20 D 33.20 | lr 2.00e-04
[2026-09-28T15:30:12] step 39950/80000 | G 4.650 (gan 1.428/1.521, cyc 0.213, idt 0.710) | D_A 0.374 D_B 0.472 | gnorm G 96.21 D 33.95 | lr 2.00e-04
[2026-09-28T15:30:14] step 40000/80000 | G 4.564 (gan 1.501/1.336, cyc 0.216, idt 0.746) | D_A 0.424 D_B 0.439 | gnorm G 76.04 D 36.92 | lr 2.00e-04
[2026-09-28T15:30:17] step 40050/80000 | G 4.625 (gan 1.440/1.374, cyc 0.226, idt 0.635) | D_A 0.378 D_B 0.465 | gnorm G 72.20 D 33.45 | lr 2.00e-04
[2026-09-28T15:30:20] step 40100/80000 | G 4.299 (gan 1.330/1.237, cyc 0.216, idt 0.499) | D_A 0.387 D_B 0.340 | gnorm G 68.15 D 31.11 | lr 2.00e-04
[2026-09-28T15:30:22] step 40150/80000 | G 4.398 (gan 1.329/1.344, cyc 0.216, idt 0.564) | D_A 0.371 D_B 0.431 | gnorm G 66.81 D 32.40 | lr 1.99e-04
[2026-09-28T15:30:25] step 40200/80000 | G 4.753 (gan 1.569/1.392, cyc 0.224, idt 0.668) | D_A 0.346 D_B 0.334 | gnorm G 79.85 D 29.95 | lr 1.99e-04
[2026-09-28T15:30:27] step 40250/80000 | G 4.779 (gan 1.583/1.426, cyc 0.221, idt 0.458) | D_A 0.375 D_B 0.353 | gnorm G 99.62 D 34.53 | lr 1.99e-04
[2026-09-28T15:30:29] step 40300/80000 | G 4.671 (gan 1.450/1.451, cyc 0.221, idt 0.386) | D_A 0.427 D_B 0.378 | gnorm G 94.73 D 37.82 | lr 1.99e-04
[2026-09-28T15:30:32] step 40350/80000 | G 4.689 (gan 1.515/1.394, cyc 0.223, idt 0.883) | D_A 0.394 D_B 0.359 | gnorm G 90.27 D 35.59 | lr 1.98e-04
[2026-09-28T15:30:34] step 40400/80000 | G 4.684 (gan 1.415/1.371, cyc 0.237, idt 0.520) | D_A 0.378 D_B 0.405 | gnorm G 86.89 D 38.80 | lr 1.98e-04
[2026-09-28T15:30:36] step 40450/80000 | G 4.663 (gan 1.492/1.418, cyc 0.219, idt 0.443) | D_A 0.336 D_B 0.415 | gnorm G 98.94 D 30.72 | lr 1.98e-04
[2026-09-28T15:30:39] step 40500/80000 | G 4.411 (gan 1.414/1.253, cyc 0.218, idt 0.471) | D_A 0.379 D_B 0.375 | gnorm G 73.71 D 33.25 | lr 1.98e-04
[2026-09-28T15:30:41] step 40550/80000 | G 4.686 (gan 1.591/1.273, cyc 0.228, idt 0.609) | D_A 0.394 D_B 0.465 | gnorm G 81.88 D 37.38 | lr 1.97e-04
[2026-09-28T15:30:44] step 40600/80000 | G 4.478 (gan 1.405/1.325, cyc 0.219, idt 0.585) | D_A 0.316 D_B 0.446 | gnorm G 77.38 D 33.67 | lr 1.97e-04
[2026-09-28T15:30:46] step 40650/80000 | G 4.377 (gan 1.388/1.334, cyc 0.207, idt 0.465) | D_A 0.390 D_B 0.485 | gnorm G 78.42 D 34.14 | lr 1.97e-04
[2026-09-28T15:30:48] step 40700/80000 | G 4.440 (gan 1.359/1.353, cyc 0.216, idt 0.401) | D_A 0.446 D_B 0.432 | gnorm G 82.66 D 36.31 | lr 1.97e-04
[2026-09-28T15:30:51] step 40750/80000 | G 4.608 (gan 1.363/1.376, cyc 0.234, idt 0.863) | D_A 0.330 D_B 0.459 | gnorm G 92.80 D 33.05 | lr 1.96e-04
[2026-09-28T15:30:53] step 40800/80000 | G 4.704 (gan 1.411/1.522, cyc 0.221, idt 0.564) | D_A 0.360 D_B 0.410 | gnorm G 92.20 D 35.23 | lr 1.96e-04
[2026-09-28T15:30:55] step 40850/80000 | G 5.255 (gan 1.584/1.862, cyc 0.226, idt 0.646) | D_A 0.373 D_B 0.385 | gnorm G 147.77 D 33.88 | lr 1.96e-04
[2026-09-28T15:30:58] step 40900/80000 | G 4.851 (gan 1.464/1.565, cyc 0.228, idt 0.617) | D_A 0.366 D_B 0.415 | gnorm G 98.29 D 38.77 | lr 1.96e-04
[2026-09-28T15:31:00] step 40950/80000 | G 4.482 (gan 1.492/1.258, cyc 0.217, idt 0.634) | D_A 0.337 D_B 0.407 | gnorm G 95.09 D 32.89 | lr 1.95e-04
[2026-09-28T15:31:03] step 41000/80000 | G 4.807 (gan 1.390/1.605, cyc 0.227, idt 0.732) | D_A 0.334 D_B 0.425 | gnorm G 135.70 D 34.25 | lr 1.95e-04
[2026-09-28T15:31:06] step 41050/80000 | G 5.096 (gan 1.587/1.648, cyc 0.233, idt 0.686) | D_A 0.324 D_B 0.349 | gnorm G 103.47 D 31.20 | lr 1.95e-04
[2026-09-28T15:31:08] step 41100/80000 | G 4.751 (gan 1.422/1.552, cyc 0.222, idt 0.506) | D_A 0.371 D_B 0.411 | gnorm G 89.60 D 34.77 | lr 1.95e-04
[2026-09-28T15:31:10] step 41150/80000 | G 4.874 (gan 1.396/1.715, cyc 0.220, idt 0.527) | D_A 0.394 D_B 0.399 | gnorm G 83.20 D 35.00 | lr 1.94e-04
[2026-09-28T15:31:13] step 41200/80000 | G 4.700 (gan 1.452/1.524, cyc 0.216, idt 0.636) | D_A 0.313 D_B 0.369 | gnorm G 104.90 D 29.06 | lr 1.94e-04
[2026-09-28T15:31:15] step 41250/80000 | G 4.722 (gan 1.399/1.481, cyc 0.230, idt 0.694) | D_A 0.354 D_B 0.458 | gnorm G 89.58 D 37.91 | lr 1.94e-04
[2026-09-28T15:31:18] step 41300/80000 | G 4.625 (gan 1.360/1.541, cyc 0.216, idt 0.561) | D_A 0.365 D_B 0.440 | gnorm G 84.78 D 33.77 | lr 1.94e-04
[2026-09-28T15:31:20] step 41350/80000 | G 5.023 (gan 1.584/1.595, cyc 0.231, idt 0.559) | D_A 0.315 D_B 0.381 | gnorm G 102.51 D 31.42 | lr 1.93e-04
[2026-09-28T15:31:22] step 41400/80000 | G 4.644 (gan 1.397/1.497, cyc 0.219, idt 0.563) | D_A 0.400 D_B 0.418 | gnorm G 80.86 D 36.00 | lr 1.93e-04
[2026-09-28T15:31:25] step 41450/80000 | G 4.667 (gan 1.363/1.506, cyc 0.225, idt 0.466) | D_A 0.324 D_B 0.387 | gnorm G 113.20 D 30.74 | lr 1.93e-04
[2026-09-28T15:31:27] step 41500/80000 | G 5.133 (gan 1.692/1.536, cyc 0.238, idt 0.449) | D_A 0.288 D_B 0.394 | gnorm G 103.61 D 27.98 | lr 1.93e-04
[2026-09-28T15:31:29] step 41550/80000 | G 4.750 (gan 1.361/1.549, cyc 0.230, idt 0.584) | D_A 0.428 D_B 0.389 | gnorm G 85.01 D 36.29 | lr 1.92e-04
[2026-09-28T15:31:32] step 41600/80000 | G 4.733 (gan 1.558/1.418, cyc 0.220, idt 0.460) | D_A 0.388 D_B 0.392 | gnorm G 97.91 D 37.57 | lr 1.92e-04
[2026-09-28T15:31:34] step 41650/80000 | G 4.761 (gan 1.618/1.370, cyc 0.222, idt 0.855) | D_A 0.485 D_B 0.529 | gnorm G 78.30 D 41.29 | lr 1.92e-04
[2026-09-28T15:31:37] step 41700/80000 | G 4.517 (gan 1.385/1.415, cyc 0.215, idt 0.652) | D_A 0.370 D_B 0.480 | gnorm G 83.21 D 34.94 | lr 1.92e-04
[2026-09-28T15:31:39] step 41750/80000 | G 4.923 (gan 1.553/1.513, cyc 0.232, idt 0.410) | D_A 0.386 D_B 0.356 | gnorm G 94.59 D 34.13 | lr 1.91e-04
[2026-09-28T15:31:41] step 41800/80000 | G 5.168 (gan 1.628/1.650, cyc 0.236, idt 0.469) | D_A 0.281 D_B 0.363 | gnorm G 142.87 D 28.44 | lr 1.91e-04
[2026-09-28T15:31:44] step 41850/80000 | G 5.007 (gan 1.526/1.732, cyc 0.219, idt 0.346) | D_A 0.388 D_B 0.367 | gnorm G 126.83 D 33.91 | lr 1.91e-04
[2026-09-28T15:31:46] step 41900/80000 | G 4.930 (gan 1.487/1.600, cyc 0.230, idt 0.532) | D_A 0.329 D_B 0.392 | gnorm G 95.53 D 32.88 | lr 1.91e-04
[2026-09-28T15:31:49] step 41950/80000 | G 4.444 (gan 1.373/1.323, cyc 0.219, idt 0.671) | D_A 0.369 D_B 0.431 | gnorm G 78.92 D 32.83 | lr 1.90e-04
[2026-09-28T15:31:51] step 42000/80000 | G 4.769 (gan 1.596/1.370, cyc 0.225, idt 0.470) | D_A 0.400 D_B 0.372 | gnorm G 76.57 D 34.27 | lr 1.90e-04
[2026-09-28T15:31:54] step 42050/80000 | G 4.354 (gan 1.190/1.407, cyc 0.220, idt 0.757) | D_A 0.344 D_B 0.496 | gnorm G 65.96 D 38.10 | lr 1.90e-04
[2026-09-28T15:31:56] step 42100/80000 | G 4.906 (gan 1.353/1.779, cyc 0.222, idt 0.566) | D_A 0.475 D_B 0.415 | gnorm G 86.18 D 44.46 | lr 1.89e-04
[2026-09-28T15:31:59] step 42150/80000 | G 4.679 (gan 1.492/1.452, cyc 0.217, idt 0.411) | D_A 0.401 D_B 0.431 | gnorm G 87.84 D 33.39 | lr 1.89e-04
[2026-09-28T15:32:01] step 42200/80000 | G 4.793 (gan 1.653/1.404, cyc 0.217, idt 0.463) | D_A 0.328 D_B 0.397 | gnorm G 101.58 D 31.75 | lr 1.89e-04
[2026-09-28T15:32:03] step 42250/80000 | G 4.739 (gan 1.502/1.420, cyc 0.227, idt 0.650) | D_A 0.287 D_B 0.418 | gnorm G 87.73 D 34.78 | lr 1.89e-04
[2026-09-28T15:32:06] step 42300/80000 | G 4.542 (gan 1.441/1.349, cyc 0.219, idt 0.661) | D_A 0.378 D_B 0.461 | gnorm G 68.91 D 39.24 | lr 1.89e-04
[2026-09-28T15:32:08] step 42350/80000 | G 4.412 (gan 1.357/1.312, cyc 0.218, idt 0.508) | D_A 0.397 D_B 0.448 | gnorm G 69.96 D 31.04 | lr 1.88e-04
[2026-09-28T15:32:11] step 42400/80000 | G 4.818 (gan 1.491/1.494, cyc 0.229, idt 0.523) | D_A 0.320 D_B 0.438 | gnorm G 92.27 D 32.55 | lr 1.88e-04
[2026-09-28T15:32:13] step 42450/80000 | G 4.986 (gan 1.680/1.545, cyc 0.220, idt 0.737) | D_A 0.365 D_B 0.369 | gnorm G 72.93 D 31.53 | lr 1.88e-04
[2026-09-28T15:32:15] step 42500/80000 | G 4.492 (gan 1.525/1.241, cyc 0.216, idt 0.591) | D_A 0.440 D_B 0.353 | gnorm G 80.16 D 31.65 | lr 1.88e-04
[2026-09-28T15:32:18] step 42550/80000 | G 4.338 (gan 1.319/1.353, cyc 0.208, idt 0.527) | D_A 0.410 D_B 0.432 | gnorm G 80.07 D 35.36 | lr 1.87e-04
[2026-09-28T15:32:20] step 42600/80000 | G 4.591 (gan 1.422/1.340, cyc 0.229, idt 0.682) | D_A 0.411 D_B 0.522 | gnorm G 76.18 D 39.62 | lr 1.87e-04
[2026-09-28T15:32:22] step 42650/80000 | G 4.624 (gan 1.319/1.560, cyc 0.218, idt 0.573) | D_A 0.387 D_B 0.376 | gnorm G 90.77 D 30.75 | lr 1.87e-04
[2026-09-28T15:32:25] step 42700/80000 | G 4.562 (gan 1.336/1.443, cyc 0.223, idt 0.511) | D_A 0.339 D_B 0.386 | gnorm G 89.90 D 28.64 | lr 1.87e-04
[2026-09-28T15:32:27] step 42750/80000 | G 4.421 (gan 1.302/1.350, cyc 0.221, idt 0.530) | D_A 0.416 D_B 0.418 | gnorm G 64.27 D 34.66 | lr 1.86e-04
[2026-09-28T15:32:30] step 42800/80000 | G 4.741 (gan 1.577/1.360, cyc 0.226, idt 0.659) | D_A 0.379 D_B 0.374 | gnorm G 97.70 D 30.86 | lr 1.86e-04
[2026-09-28T15:32:32] step 42850/80000 | G 4.941 (gan 1.568/1.554, cyc 0.227, idt 0.475) | D_A 0.369 D_B 0.398 | gnorm G 114.16 D 35.23 | lr 1.86e-04
[2026-09-28T15:32:34] step 42900/80000 | G 4.725 (gan 1.497/1.464, cyc 0.221, idt 0.504) | D_A 0.395 D_B 0.381 | gnorm G 95.07 D 32.96 | lr 1.86e-04
[2026-09-28T15:32:37] step 42950/80000 | G 4.670 (gan 1.517/1.363, cyc 0.224, idt 1.052) | D_A 0.455 D_B 0.312 | gnorm G 81.71 D 32.11 | lr 1.85e-04
[2026-09-28T15:32:39] step 43000/80000 | G 4.688 (gan 1.637/1.304, cyc 0.218, idt 0.345) | D_A 0.425 D_B 0.410 | gnorm G 74.38 D 35.65 | lr 1.85e-04
[2026-09-28T15:32:42] step 43050/80000 | G 4.479 (gan 1.353/1.300, cyc 0.228, idt 0.682) | D_A 0.313 D_B 0.450 | gnorm G 59.86 D 32.50 | lr 1.85e-04
[2026-09-28T15:32:45] step 43100/80000 | G 4.825 (gan 1.554/1.503, cyc 0.221, idt 0.613) | D_A 0.393 D_B 0.359 | gnorm G 87.15 D 31.62 | lr 1.85e-04
[2026-09-28T15:32:47] step 43150/80000 | G 4.907 (gan 1.603/1.531, cyc 0.221, idt 0.848) | D_A 0.360 D_B 0.382 | gnorm G 93.72 D 31.34 | lr 1.84e-04
[2026-09-28T15:32:49] step 43200/80000 | G 4.728 (gan 1.502/1.466, cyc 0.220, idt 0.470) | D_A 0.370 D_B 0.422 | gnorm G 85.29 D 32.55 | lr 1.84e-04
[2026-09-28T15:32:52] step 43250/80000 | G 4.852 (gan 1.419/1.595, cyc 0.230, idt 0.641) | D_A 0.376 D_B 0.392 | gnorm G 80.80 D 34.15 | lr 1.84e-04
[2026-09-28T15:32:54] step 43300/80000 | G 4.919 (gan 1.595/1.498, cyc 0.228, idt 0.742) | D_A 0.371 D_B 0.369 | gnorm G 93.10 D 33.01 | lr 1.84e-04
[2026-09-28T15:32:57] step 43350/80000 | G 4.501 (gan 1.385/1.355, cyc 0.220, idt 0.871) | D_A 0.322 D_B 0.382 | gnorm G 73.88 D 32.03 | lr 1.83e-04
[2026-09-28T15:32:59] step 43400/80000 | G 4.742 (gan 1.654/1.389, cyc 0.212, idt 0.603) | D_A 0.381 D_B 0.347 | gnorm G 76.42 D 28.80 | lr 1.83e-04
[2026-09-28T15:33:01] step 43450/80000 | G 4.773 (gan 1.422/1.538, cyc 0.227, idt 0.757) | D_A 0.359 D_B 0.421 | gnorm G 69.35 D 28.84 | lr 1.83e-04
[2026-09-28T15:33:04] step 43500/80000 | G 4.711 (gan 1.515/1.352, cyc 0.231, idt 0.838) | D_A 0.391 D_B 0.425 | gnorm G 84.00 D 37.20 | lr 1.82e-04
[2026-09-28T15:33:06] step 43550/80000 | G 4.871 (gan 1.540/1.473, cyc 0.232, idt 0.425) | D_A 0.396 D_B 0.400 | gnorm G 83.00 D 34.48 | lr 1.82e-04
[2026-09-28T15:33:08] step 43600/80000 | G 4.412 (gan 1.226/1.510, cyc 0.210, idt 0.496) | D_A 0.397 D_B 0.375 | gnorm G 61.76 D 32.35 | lr 1.82e-04
[2026-09-28T15:33:11] step 43650/80000 | G 4.710 (gan 1.458/1.539, cyc 0.214, idt 0.470) | D_A 0.355 D_B 0.396 | gnorm G 85.15 D 32.34 | lr 1.82e-04
[2026-09-28T15:33:13] step 43700/80000 | G 4.927 (gan 1.512/1.575, cyc 0.230, idt 0.613) | D_A 0.330 D_B 0.390 | gnorm G 113.91 D 34.75 | lr 1.81e-04
[2026-09-28T15:33:16] step 43750/80000 | G 4.440 (gan 1.295/1.362, cyc 0.223, idt 0.538) | D_A 0.356 D_B 0.462 | gnorm G 95.31 D 35.99 | lr 1.81e-04
[2026-09-28T15:33:18] step 43800/80000 | G 4.642 (gan 1.422/1.423, cyc 0.225, idt 0.475) | D_A 0.417 D_B 0.407 | gnorm G 87.83 D 33.85 | lr 1.81e-04
[2026-09-28T15:33:20] step 43850/80000 | G 4.615 (gan 1.498/1.424, cyc 0.212, idt 0.600) | D_A 0.342 D_B 0.421 | gnorm G 84.81 D 33.88 | lr 1.81e-04
[2026-09-28T15:33:23] step 43900/80000 | G 4.990 (gan 1.423/1.777, cyc 0.224, idt 0.584) | D_A 0.365 D_B 0.380 | gnorm G 96.00 D 34.66 | lr 1.80e-04
[2026-09-28T15:33:25] step 43950/80000 | G 4.852 (gan 1.472/1.537, cyc 0.230, idt 0.552) | D_A 0.296 D_B 0.398 | gnorm G 104.03 D 29.77 | lr 1.80e-04
[2026-09-28T15:33:27] step 44000/80000 | G 4.601 (gan 1.503/1.335, cyc 0.220, idt 1.041) | D_A 0.342 D_B 0.463 | gnorm G 67.04 D 35.12 | lr 1.80e-04
[2026-09-28T15:33:30] step 44050/80000 | G 4.643 (gan 1.534/1.301, cyc 0.226, idt 0.618) | D_A 0.386 D_B 0.382 | gnorm G 68.20 D 32.53 | lr 1.80e-04
[2026-09-28T15:33:33] step 44100/80000 | G 4.811 (gan 1.628/1.452, cyc 0.216, idt 0.417) | D_A 0.335 D_B 0.391 | gnorm G 87.60 D 33.50 | lr 1.79e-04
[2026-09-28T15:33:35] step 44150/80000 | G 4.977 (gan 1.563/1.578, cyc 0.230, idt 0.568) | D_A 0.321 D_B 0.383 | gnorm G 87.78 D 33.46 | lr 1.79e-04
[2026-09-28T15:33:38] step 44200/80000 | G 4.552 (gan 1.391/1.397, cyc 0.221, idt 0.515) | D_A 0.395 D_B 0.377 | gnorm G 90.97 D 34.40 | lr 1.79e-04
[2026-09-28T15:33:40] step 44250/80000 | G 4.661 (gan 1.487/1.402, cyc 0.221, idt 0.655) | D_A 0.452 D_B 0.394 | gnorm G 90.77 D 37.80 | lr 1.79e-04
[2026-09-28T15:33:42] step 44300/80000 | G 4.576 (gan 1.454/1.432, cyc 0.211, idt 0.601) | D_A 0.405 D_B 0.444 | gnorm G 77.04 D 37.74 | lr 1.79e-04
[2026-09-28T15:33:45] step 44350/80000 | G 4.530 (gan 1.507/1.309, cyc 0.214, idt 0.539) | D_A 0.451 D_B 0.327 | gnorm G 72.30 D 32.24 | lr 1.78e-04
[2026-09-28T15:33:47] step 44400/80000 | G 4.756 (gan 1.490/1.456, cyc 0.226, idt 0.930) | D_A 0.331 D_B 0.338 | gnorm G 68.18 D 30.43 | lr 1.78e-04
[2026-09-28T15:33:49] step 44450/80000 | G 5.324 (gan 1.778/1.617, cyc 0.241, idt 0.638) | D_A 0.421 D_B 0.382 | gnorm G 116.14 D 37.33 | lr 1.78e-04
[2026-09-28T15:33:52] step 44500/80000 | G 4.769 (gan 1.446/1.581, cyc 0.218, idt 0.807) | D_A 0.317 D_B 0.402 | gnorm G 97.52 D 34.25 | lr 1.78e-04
[2026-09-28T15:33:54] step 44550/80000 | G 4.511 (gan 1.518/1.274, cyc 0.215, idt 0.556) | D_A 0.421 D_B 0.411 | gnorm G 63.92 D 34.81 | lr 1.77e-04
[2026-09-28T15:33:57] step 44600/80000 | G 4.525 (gan 1.405/1.422, cyc 0.212, idt 0.622) | D_A 0.368 D_B 0.361 | gnorm G 100.03 D 32.53 | lr 1.77e-04
[2026-09-28T15:33:59] step 44650/80000 | G 4.868 (gan 1.711/1.382, cyc 0.222, idt 0.613) | D_A 0.361 D_B 0.321 | gnorm G 82.45 D 30.07 | lr 1.77e-04
[2026-09-28T15:34:01] step 44700/80000 | G 4.712 (gan 1.571/1.427, cyc 0.214, idt 0.534) | D_A 0.378 D_B 0.374 | gnorm G 73.12 D 30.14 | lr 1.77e-04
[2026-09-28T15:34:04] step 44750/80000 | G 4.709 (gan 1.536/1.410, cyc 0.220, idt 0.760) | D_A 0.360 D_B 0.433 | gnorm G 79.59 D 35.57 | lr 1.76e-04
[2026-09-28T15:34:06] step 44800/80000 | G 4.425 (gan 1.383/1.371, cyc 0.209, idt 0.574) | D_A 0.385 D_B 0.410 | gnorm G 65.54 D 35.31 | lr 1.76e-04
[2026-09-28T15:34:08] step 44850/80000 | G 4.942 (gan 1.560/1.610, cyc 0.222, idt 0.587) | D_A 0.271 D_B 0.426 | gnorm G 75.87 D 34.21 | lr 1.76e-04
[2026-09-28T15:34:11] step 44900/80000 | G 5.136 (gan 1.638/1.616, cyc 0.235, idt 0.541) | D_A 0.369 D_B 0.374 | gnorm G 99.70 D 35.65 | lr 1.76e-04
[2026-09-28T15:34:13] step 44950/80000 | G 5.254 (gan 1.613/1.821, cyc 0.228, idt 0.649) | D_A 0.330 D_B 0.371 | gnorm G 122.93 D 34.23 | lr 1.75e-04
[2026-09-28T15:34:16] step 45000/80000 | G 4.959 (gan 1.420/1.748, cyc 0.224, idt 0.663) | D_A 0.350 D_B 0.439 | gnorm G 100.83 D 35.98 | lr 1.75e-04
[2026-09-28T15:34:19] step 45050/80000 | G 4.985 (gan 1.578/1.588, cyc 0.227, idt 0.546) | D_A 0.332 D_B 0.385 | gnorm G 119.71 D 31.37 | lr 1.75e-04
[2026-09-28T15:34:21] step 45100/80000 | G 4.766 (gan 1.433/1.554, cyc 0.222, idt 0.643) | D_A 0.336 D_B 0.359 | gnorm G 99.26 D 32.74 | lr 1.75e-04
[2026-09-28T15:34:23] step 45150/80000 | G 4.889 (gan 1.402/1.720, cyc 0.221, idt 0.498) | D_A 0.372 D_B 0.440 | gnorm G 96.00 D 36.42 | lr 1.74e-04
[2026-09-28T15:34:26] step 45200/80000 | G 5.038 (gan 1.582/1.680, cyc 0.222, idt 0.672) | D_A 0.259 D_B 0.392 | gnorm G 75.12 D 27.20 | lr 1.74e-04
[2026-09-28T15:34:28] step 45250/80000 | G 4.936 (gan 1.423/1.707, cyc 0.226, idt 0.650) | D_A 0.326 D_B 0.379 | gnorm G 98.51 D 32.27 | lr 1.74e-04
[2026-09-28T15:34:31] step 45300/80000 | G 4.352 (gan 1.410/1.289, cyc 0.207, idt 0.431) | D_A 0.371 D_B 0.414 | gnorm G 73.22 D 33.06 | lr 1.73e-04
[2026-09-28T15:34:33] step 45350/80000 | G 4.773 (gan 1.567/1.437, cyc 0.221, idt 0.353) | D_A 0.324 D_B 0.453 | gnorm G 77.07 D 33.73 | lr 1.73e-04
[2026-09-28T15:34:35] step 45400/80000 | G 4.844 (gan 1.508/1.595, cyc 0.218, idt 0.411) | D_A 0.358 D_B 0.395 | gnorm G 84.63 D 34.72 | lr 1.73e-04
[2026-09-28T15:34:38] step 45450/80000 | G 4.789 (gan 1.460/1.533, cyc 0.224, idt 0.412) | D_A 0.323 D_B 0.356 | gnorm G 77.92 D 31.02 | lr 1.73e-04
[2026-09-28T15:34:40] step 45500/80000 | G 4.968 (gan 1.654/1.475, cyc 0.230, idt 0.400) | D_A 0.358 D_B 0.337 | gnorm G 101.81 D 32.43 | lr 1.73e-04
[2026-09-28T15:34:42] step 45550/80000 | G 4.963 (gan 1.647/1.509, cyc 0.226, idt 0.584) | D_A 0.355 D_B 0.399 | gnorm G 90.78 D 35.52 | lr 1.72e-04
[2026-09-28T15:34:45] step 45600/80000 | G 4.973 (gan 1.476/1.659, cyc 0.230, idt 0.732) | D_A 0.342 D_B 0.381 | gnorm G 76.39 D 33.65 | lr 1.72e-04
[2026-09-28T15:34:47] step 45650/80000 | G 4.824 (gan 1.548/1.545, cyc 0.216, idt 0.485) | D_A 0.321 D_B 0.378 | gnorm G 62.73 D 30.25 | lr 1.72e-04
[2026-09-28T15:34:50] step 45700/80000 | G 4.972 (gan 1.689/1.449, cyc 0.229, idt 0.695) | D_A 0.350 D_B 0.365 | gnorm G 93.52 D 30.28 | lr 1.72e-04
[2026-09-28T15:34:52] step 45750/80000 | G 5.008 (gan 1.609/1.643, cyc 0.220, idt 0.608) | D_A 0.338 D_B 0.356 | gnorm G 87.85 D 30.96 | lr 1.71e-04
[2026-09-28T15:34:54] step 45800/80000 | G 4.646 (gan 1.555/1.354, cyc 0.217, idt 0.567) | D_A 0.380 D_B 0.411 | gnorm G 75.12 D 35.07 | lr 1.71e-04
[2026-09-28T15:34:57] step 45850/80000 | G 4.745 (gan 1.600/1.430, cyc 0.214, idt 0.551) | D_A 0.360 D_B 0.395 | gnorm G 79.49 D 30.55 | lr 1.71e-04
[2026-09-28T15:34:59] step 45900/80000 | G 4.706 (gan 1.545/1.414, cyc 0.218, idt 0.592) | D_A 0.418 D_B 0.366 | gnorm G 72.17 D 32.78 | lr 1.71e-04
[2026-09-28T15:35:02] step 45950/80000 | G 4.562 (gan 1.335/1.453, cyc 0.222, idt 0.495) | D_A 0.356 D_B 0.478 | gnorm G 80.33 D 34.32 | lr 1.70e-04
[2026-09-28T15:35:04] step 46000/80000 | G 4.551 (gan 1.370/1.394, cyc 0.223, idt 0.494) | D_A 0.429 D_B 0.454 | gnorm G 77.48 D 37.08 | lr 1.70e-04
[2026-09-28T15:35:07] step 46050/80000 | G 4.659 (gan 1.609/1.334, cyc 0.214, idt 0.609) | D_A 0.319 D_B 0.442 | gnorm G 58.57 D 33.29 | lr 1.70e-04
[2026-09-28T15:35:09] step 46100/80000 | G 4.998 (gan 1.466/1.695, cyc 0.230, idt 0.548) | D_A 0.348 D_B 0.413 | gnorm G 64.85 D 30.64 | lr 1.70e-04
[2026-09-28T15:35:12] step 46150/80000 | G 5.125 (gan 1.462/1.766, cyc 0.237, idt 0.466) | D_A 0.332 D_B 0.353 | gnorm G 81.82 D 30.85 | lr 1.69e-04
[2026-09-28T15:35:14] step 46200/80000 | G 4.989 (gan 1.531/1.618, cyc 0.230, idt 0.511) | D_A 0.339 D_B 0.446 | gnorm G 98.62 D 35.64 | lr 1.69e-04
[2026-09-28T15:35:16] step 46250/80000 | G 5.323 (gan 1.624/1.864, cyc 0.230, idt 0.407) | D_A 0.303 D_B 0.383 | gnorm G 126.87 D 31.30 | lr 1.69e-04
[2026-09-28T15:35:19] step 46300/80000 | G 4.665 (gan 1.469/1.502, cyc 0.212, idt 0.554) | D_A 0.364 D_B 0.440 | gnorm G 74.07 D 39.52 | lr 1.69e-04
[2026-09-28T15:35:21] step 46350/80000 | G 5.074 (gan 1.553/1.796, cyc 0.216, idt 0.778) | D_A 0.338 D_B 0.374 | gnorm G 75.15 D 29.79 | lr 1.68e-04
[2026-09-28T15:35:24] step 46400/80000 | G 4.718 (gan 1.552/1.384, cyc 0.223, idt 0.523) | D_A 0.322 D_B 0.385 | gnorm G 69.50 D 34.04 | lr 1.68e-04
[2026-09-28T15:35:26] step 46450/80000 | G 4.920 (gan 1.527/1.572, cyc 0.228, idt 0.833) | D_A 0.358 D_B 0.378 | gnorm G 86.85 D 34.80 | lr 1.68e-04
[2026-09-28T15:35:28] step 46500/80000 | G 4.689 (gan 1.509/1.474, cyc 0.213, idt 0.601) | D_A 0.296 D_B 0.394 | gnorm G 65.44 D 32.13 | lr 1.68e-04
[2026-09-28T15:35:31] step 46550/80000 | G 4.825 (gan 1.463/1.631, cyc 0.216, idt 0.643) | D_A 0.310 D_B 0.375 | gnorm G 96.18 D 30.83 | lr 1.67e-04
[2026-09-28T15:35:33] step 46600/80000 | G 4.889 (gan 1.455/1.630, cyc 0.225, idt 0.593) | D_A 0.341 D_B 0.344 | gnorm G 88.87 D 38.57 | lr 1.67e-04
[2026-09-28T15:35:35] step 46650/80000 | G 4.823 (gan 1.657/1.458, cyc 0.213, idt 0.550) | D_A 0.329 D_B 0.374 | gnorm G 70.53 D 33.10 | lr 1.67e-04
[2026-09-28T15:35:38] step 46700/80000 | G 4.869 (gan 1.579/1.594, cyc 0.212, idt 0.804) | D_A 0.289 D_B 0.335 | gnorm G 75.84 D 28.36 | lr 1.67e-04
[2026-09-28T15:35:40] step 46750/80000 | G 4.789 (gan 1.471/1.581, cyc 0.217, idt 0.454) | D_A 0.391 D_B 0.413 | gnorm G 91.55 D 35.19 | lr 1.66e-04
[2026-09-28T15:35:43] step 46800/80000 | G 4.804 (gan 1.536/1.523, cyc 0.218, idt 0.617) | D_A 0.400 D_B 0.398 | gnorm G 72.52 D 36.63 | lr 1.66e-04
[2026-09-28T15:35:45] step 46850/80000 | G 4.714 (gan 1.603/1.382, cyc 0.216, idt 0.727) | D_A 0.350 D_B 0.390 | gnorm G 85.75 D 31.13 | lr 1.66e-04
[2026-09-28T15:35:47] step 46900/80000 | G 4.489 (gan 1.159/1.578, cyc 0.219, idt 0.508) | D_A 0.444 D_B 0.418 | gnorm G 67.78 D 40.84 | lr 1.66e-04
[2026-09-28T15:35:50] step 46950/80000 | G 4.781 (gan 1.438/1.570, cyc 0.222, idt 0.671) | D_A 0.385 D_B 0.405 | gnorm G 67.09 D 35.06 | lr 1.65e-04
[2026-09-28T15:35:52] step 47000/80000 | G 4.967 (gan 1.531/1.616, cyc 0.228, idt 0.428) | D_A 0.290 D_B 0.359 | gnorm G 97.04 D 28.51 | lr 1.65e-04
[2026-09-28T15:35:55] step 47050/80000 | G 4.871 (gan 1.578/1.444, cyc 0.231, idt 0.573) | D_A 0.335 D_B 0.382 | gnorm G 88.50 D 36.92 | lr 1.65e-04
[2026-09-28T15:35:58] step 47100/80000 | G 4.781 (gan 1.576/1.361, cyc 0.230, idt 0.414) | D_A 0.355 D_B 0.385 | gnorm G 74.94 D 33.46 | lr 1.65e-04
[2026-09-28T15:36:00] step 47150/80000 | G 4.714 (gan 1.544/1.349, cyc 0.228, idt 0.511) | D_A 0.323 D_B 0.383 | gnorm G 62.44 D 30.39 | lr 1.64e-04
[2026-09-28T15:36:02] step 47200/80000 | G 5.076 (gan 1.511/1.685, cyc 0.235, idt 0.694) | D_A 0.315 D_B 0.341 | gnorm G 92.84 D 32.89 | lr 1.64e-04
[2026-09-28T15:36:05] step 47250/80000 | G 4.645 (gan 1.403/1.479, cyc 0.220, idt 0.523) | D_A 0.376 D_B 0.436 | gnorm G 61.69 D 36.58 | lr 1.64e-04
[2026-09-28T15:36:07] step 47300/80000 | G 4.715 (gan 1.539/1.395, cyc 0.223, idt 0.645) | D_A 0.346 D_B 0.396 | gnorm G 69.12 D 33.59 | lr 1.64e-04
[2026-09-28T15:36:10] step 47350/80000 | G 4.928 (gan 1.675/1.472, cyc 0.223, idt 0.556) | D_A 0.336 D_B 0.418 | gnorm G 75.78 D 33.97 | lr 1.63e-04
[2026-09-28T15:36:12] step 47400/80000 | G 5.265 (gan 1.600/1.817, cyc 0.231, idt 0.586) | D_A 0.299 D_B 0.374 | gnorm G 139.55 D 31.83 | lr 1.63e-04
[2026-09-28T15:36:14] step 47450/80000 | G 4.816 (gan 1.545/1.514, cyc 0.220, idt 0.533) | D_A 0.320 D_B 0.351 | gnorm G 74.07 D 30.02 | lr 1.63e-04
[2026-09-28T15:36:17] step 47500/80000 | G 5.026 (gan 1.604/1.635, cyc 0.223, idt 0.766) | D_A 0.374 D_B 0.350 | gnorm G 73.32 D 36.21 | lr 1.63e-04
[2026-09-28T15:36:19] step 47550/80000 | G 4.975 (gan 1.611/1.582, cyc 0.223, idt 0.501) | D_A 0.355 D_B 0.417 | gnorm G 78.35 D 34.07 | lr 1.62e-04
[2026-09-28T15:36:22] step 47600/80000 | G 4.626 (gan 1.489/1.361, cyc 0.222, idt 0.627) | D_A 0.318 D_B 0.363 | gnorm G 75.38 D 27.05 | lr 1.62e-04
[2026-09-28T15:36:24] step 47650/80000 | G 4.978 (gan 1.628/1.567, cyc 0.223, idt 0.682) | D_A 0.362 D_B 0.412 | gnorm G 70.14 D 33.77 | lr 1.62e-04
[2026-09-28T15:36:26] step 47700/80000 | G 4.769 (gan 1.496/1.427, cyc 0.231, idt 0.430) | D_A 0.331 D_B 0.371 | gnorm G 66.96 D 30.03 | lr 1.61e-04
[2026-09-28T15:36:29] step 47750/80000 | G 4.808 (gan 1.564/1.406, cyc 0.230, idt 0.593) | D_A 0.326 D_B 0.390 | gnorm G 90.06 D 34.39 | lr 1.61e-04
[2026-09-28T15:36:31] step 47800/80000 | G 5.221 (gan 1.679/1.683, cyc 0.232, idt 0.767) | D_A 0.328 D_B 0.339 | gnorm G 94.02 D 35.66 | lr 1.61e-04
[2026-09-28T15:36:34] step 47850/80000 | G 4.879 (gan 1.618/1.483, cyc 0.222, idt 0.459) | D_A 0.311 D_B 0.394 | gnorm G 92.22 D 36.26 | lr 1.61e-04
[2026-09-28T15:36:36] step 47900/80000 | G 5.096 (gan 1.617/1.601, cyc 0.235, idt 0.458) | D_A 0.331 D_B 0.398 | gnorm G 81.71 D 33.93 | lr 1.60e-04
[2026-09-28T15:36:39] step 47950/80000 | G 5.075 (gan 1.546/1.781, cyc 0.218, idt 0.556) | D_A 0.347 D_B 0.403 | gnorm G 105.05 D 32.49 | lr 1.60e-04
[2026-09-28T15:36:41] step 48000/80000 | G 4.683 (gan 1.395/1.496, cyc 0.224, idt 0.661) | D_A 0.323 D_B 0.404 | gnorm G 71.20 D 34.64 | lr 1.60e-04
[2026-09-28T15:36:44] step 48050/80000 | G 4.717 (gan 1.578/1.348, cyc 0.224, idt 0.488) | D_A 0.358 D_B 0.405 | gnorm G 79.49 D 34.66 | lr 1.60e-04
[2026-09-28T15:36:47] step 48100/80000 | G 4.756 (gan 1.371/1.635, cyc 0.219, idt 0.578) | D_A 0.292 D_B 0.493 | gnorm G 96.23 D 36.13 | lr 1.60e-04
[2026-09-28T15:36:49] step 48150/80000 | G 4.835 (gan 1.540/1.423, cyc 0.234, idt 0.581) | D_A 0.300 D_B 0.387 | gnorm G 62.99 D 29.51 | lr 1.59e-04
[2026-09-28T15:36:51] step 48200/80000 | G 4.830 (gan 1.527/1.533, cyc 0.221, idt 0.626) | D_A 0.337 D_B 0.417 | gnorm G 55.41 D 33.17 | lr 1.59e-04
[2026-09-28T15:36:54] step 48250/80000 | G 4.764 (gan 1.445/1.497, cyc 0.228, idt 0.644) | D_A 0.398 D_B 0.395 | gnorm G 57.85 D 32.74 | lr 1.59e-04
[2026-09-28T15:36:56] step 48300/80000 | G 4.973 (gan 1.616/1.608, cyc 0.219, idt 0.552) | D_A 0.361 D_B 0.434 | gnorm G 81.76 D 31.67 | lr 1.59e-04
[2026-09-28T15:36:59] step 48350/80000 | G 4.783 (gan 1.428/1.575, cyc 0.222, idt 0.859) | D_A 0.329 D_B 0.371 | gnorm G 93.66 D 33.25 | lr 1.58e-04
[2026-09-28T15:37:01] step 48400/80000 | G 5.232 (gan 1.542/1.802, cyc 0.236, idt 0.339) | D_A 0.293 D_B 0.379 | gnorm G 120.21 D 32.09 | lr 1.58e-04
[2026-09-28T15:37:03] step 48450/80000 | G 4.568 (gan 1.529/1.308, cyc 0.216, idt 0.703) | D_A 0.299 D_B 0.374 | gnorm G 55.75 D 30.06 | lr 1.58e-04
[2026-09-28T15:37:06] step 48500/80000 | G 5.002 (gan 1.766/1.486, cyc 0.219, idt 0.637) | D_A 0.340 D_B 0.351 | gnorm G 67.40 D 28.83 | lr 1.58e-04
[2026-09-28T15:37:08] step 48550/80000 | G 5.124 (gan 1.589/1.737, cyc 0.225, idt 0.907) | D_A 0.322 D_B 0.405 | gnorm G 90.79 D 33.32 | lr 1.57e-04
[2026-09-28T15:37:11] step 48600/80000 | G 5.048 (gan 1.732/1.472, cyc 0.231, idt 0.486) | D_A 0.322 D_B 0.332 | gnorm G 86.81 D 30.22 | lr 1.57e-04
[2026-09-28T15:37:13] step 48650/80000 | G 5.268 (gan 1.755/1.675, cyc 0.230, idt 0.445) | D_A 0.356 D_B 0.380 | gnorm G 77.16 D 34.47 | lr 1.57e-04
[2026-09-28T15:37:15] step 48700/80000 | G 4.843 (gan 1.489/1.584, cyc 0.221, idt 0.645) | D_A 0.411 D_B 0.457 | gnorm G 77.23 D 44.19 | lr 1.57e-04
[2026-09-28T15:37:18] step 48750/80000 | G 5.167 (gan 1.561/1.678, cyc 0.241, idt 0.567) | D_A 0.343 D_B 0.324 | gnorm G 83.38 D 30.32 | lr 1.56e-04
[2026-09-28T15:37:20] step 48800/80000 | G 4.793 (gan 1.368/1.716, cyc 0.214, idt 0.520) | D_A 0.337 D_B 0.408 | gnorm G 70.59 D 32.71 | lr 1.56e-04
[2026-09-28T15:37:23] step 48850/80000 | G 4.999 (gan 1.571/1.640, cyc 0.223, idt 0.609) | D_A 0.328 D_B 0.413 | gnorm G 72.07 D 34.50 | lr 1.56e-04
[2026-09-28T15:37:25] step 48900/80000 | G 4.753 (gan 1.474/1.451, cyc 0.229, idt 0.733) | D_A 0.350 D_B 0.433 | gnorm G 95.48 D 39.28 | lr 1.56e-04
[2026-09-28T15:37:27] step 48950/80000 | G 5.005 (gan 1.485/1.664, cyc 0.232, idt 0.656) | D_A 0.280 D_B 0.428 | gnorm G 72.51 D 31.47 | lr 1.55e-04
[2026-09-28T15:37:30] step 49000/80000 | G 5.175 (gan 1.474/1.852, cyc 0.231, idt 0.698) | D_A 0.296 D_B 0.389 | gnorm G 80.81 D 30.88 | lr 1.55e-04
[2026-09-28T15:37:33] step 49050/80000 | G 4.850 (gan 1.472/1.606, cyc 0.222, idt 0.669) | D_A 0.306 D_B 0.381 | gnorm G 75.04 D 30.62 | lr 1.55e-04
[2026-09-28T15:37:35] step 49100/80000 | G 4.796 (gan 1.552/1.464, cyc 0.222, idt 0.531) | D_A 0.308 D_B 0.427 | gnorm G 69.57 D 32.16 | lr 1.54e-04
[2026-09-28T15:37:38] step 49150/80000 | G 4.696 (gan 1.441/1.520, cyc 0.217, idt 0.496) | D_A 0.326 D_B 0.420 | gnorm G 73.78 D 36.47 | lr 1.54e-04
[2026-09-28T15:37:40] step 49200/80000 | G 4.814 (gan 1.440/1.549, cyc 0.228, idt 0.498) | D_A 0.352 D_B 0.413 | gnorm G 74.14 D 33.85 | lr 1.54e-04
[2026-09-28T15:37:43] step 49250/80000 | G 4.888 (gan 1.602/1.514, cyc 0.222, idt 0.527) | D_A 0.324 D_B 0.368 | gnorm G 73.86 D 34.50 | lr 1.54e-04
[2026-09-28T15:37:45] step 49300/80000 | G 4.901 (gan 1.551/1.554, cyc 0.224, idt 0.609) | D_A 0.364 D_B 0.357 | gnorm G 77.02 D 32.75 | lr 1.53e-04
[2026-09-28T15:37:47] step 49350/80000 | G 4.851 (gan 1.518/1.509, cyc 0.228, idt 0.591) | D_A 0.341 D_B 0.338 | gnorm G 56.64 D 27.91 | lr 1.53e-04
[2026-09-28T15:37:50] step 49400/80000 | G 5.322 (gan 1.647/1.689, cyc 0.248, idt 0.500) | D_A 0.280 D_B 0.378 | gnorm G 77.35 D 31.52 | lr 1.53e-04
[2026-09-28T15:37:52] step 49450/80000 | G 5.022 (gan 1.542/1.605, cyc 0.234, idt 0.785) | D_A 0.306 D_B 0.376 | gnorm G 83.58 D 29.96 | lr 1.53e-04
[2026-09-28T15:37:55] step 49500/80000 | G 5.244 (gan 1.627/1.691, cyc 0.241, idt 0.701) | D_A 0.269 D_B 0.403 | gnorm G 93.28 D 30.27 | lr 1.52e-04
[2026-09-28T15:37:57] step 49550/80000 | G 5.274 (gan 1.603/1.815, cyc 0.232, idt 0.515) | D_A 0.305 D_B 0.376 | gnorm G 69.53 D 35.02 | lr 1.52e-04
[2026-09-28T15:37:59] step 49600/80000 | G 5.198 (gan 1.657/1.709, cyc 0.229, idt 0.489) | D_A 0.392 D_B 0.377 | gnorm G 77.65 D 37.80 | lr 1.52e-04
[2026-09-28T15:38:02] step 49650/80000 | G 4.899 (gan 1.528/1.582, cyc 0.224, idt 0.786) | D_A 0.300 D_B 0.327 | gnorm G 83.19 D 29.91 | lr 1.52e-04
[2026-09-28T15:38:04] step 49700/80000 | G 4.814 (gan 1.412/1.562, cyc 0.230, idt 0.502) | D_A 0.303 D_B 0.390 | gnorm G 95.81 D 33.25 | lr 1.52e-04
[2026-09-28T15:38:07] step 49750/80000 | G 4.680 (gan 1.505/1.395, cyc 0.223, idt 0.668) | D_A 0.315 D_B 0.396 | gnorm G 61.00 D 29.41 | lr 1.51e-04
[2026-09-28T15:38:09] step 49800/80000 | G 5.146 (gan 1.576/1.724, cyc 0.231, idt 0.639) | D_A 0.368 D_B 0.358 | gnorm G 83.13 D 36.30 | lr 1.51e-04
[2026-09-28T15:38:11] step 49850/80000 | G 4.936 (gan 1.485/1.634, cyc 0.227, idt 0.558) | D_A 0.317 D_B 0.374 | gnorm G 84.41 D 36.01 | lr 1.51e-04
[2026-09-28T15:38:14] step 49900/80000 | G 4.668 (gan 1.439/1.459, cyc 0.221, idt 0.648) | D_A 0.351 D_B 0.455 | gnorm G 55.17 D 38.19 | lr 1.50e-04
[2026-09-28T15:38:16] step 49950/80000 | G 4.812 (gan 1.452/1.576, cyc 0.223, idt 0.933) | D_A 0.316 D_B 0.456 | gnorm G 91.49 D 33.60 | lr 1.50e-04
[2026-09-28T15:38:19] step 50000/80000 | G 4.790 (gan 1.424/1.574, cyc 0.224, idt 0.668) | D_A 0.383 D_B 0.356 | gnorm G 82.37 D 35.75 | lr 1.50e-04
[2026-09-28T15:38:22] step 50050/80000 | G 4.774 (gan 1.666/1.393, cyc 0.214, idt 0.567) | D_A 0.364 D_B 0.379 | gnorm G 71.10 D 33.74 | lr 1.50e-04
[2026-09-28T15:38:24] step 50100/80000 | G 4.618 (gan 1.373/1.546, cyc 0.212, idt 0.448) | D_A 0.342 D_B 0.362 | gnorm G 65.01 D 30.91 | lr 1.50e-04
[2026-09-28T15:38:27] step 50150/80000 | G 4.348 (gan 1.432/1.191, cyc 0.216, idt 0.449) | D_A 0.371 D_B 0.465 | gnorm G 62.10 D 35.36 | lr 1.49e-04
[2026-09-28T15:38:29] step 50200/80000 | G 4.883 (gan 1.609/1.550, cyc 0.216, idt 0.484) | D_A 0.357 D_B 0.377 | gnorm G 63.28 D 33.35 | lr 1.49e-04
[2026-09-28T15:38:31] step 50250/80000 | G 4.884 (gan 1.452/1.660, cyc 0.222, idt 0.644) | D_A 0.376 D_B 0.387 | gnorm G 93.52 D 35.73 | lr 1.49e-04
[2026-09-28T15:38:34] step 50300/80000 | G 5.023 (gan 1.538/1.618, cyc 0.233, idt 0.733) | D_A 0.283 D_B 0.336 | gnorm G 72.81 D 28.67 | lr 1.49e-04
[2026-09-28T15:38:36] step 50350/80000 | G 4.811 (gan 1.508/1.557, cyc 0.218, idt 0.637) | D_A 0.341 D_B 0.358 | gnorm G 80.34 D 33.31 | lr 1.48e-04
[2026-09-28T15:38:39] step 50400/80000 | G 4.731 (gan 1.407/1.549, cyc 0.222, idt 0.509) | D_A 0.334 D_B 0.384 | gnorm G 80.96 D 34.41 | lr 1.48e-04
[2026-09-28T15:38:41] step 50450/80000 | G 4.721 (gan 1.545/1.416, cyc 0.220, idt 0.710) | D_A 0.307 D_B 0.423 | gnorm G 60.14 D 32.71 | lr 1.48e-04
[2026-09-28T15:38:43] step 50500/80000 | G 4.853 (gan 1.441/1.564, cyc 0.231, idt 0.765) | D_A 0.294 D_B 0.392 | gnorm G 62.10 D 29.10 | lr 1.48e-04
[2026-09-28T15:38:46] step 50550/80000 | G 5.048 (gan 1.526/1.663, cyc 0.232, idt 0.426) | D_A 0.347 D_B 0.361 | gnorm G 70.76 D 29.64 | lr 1.47e-04
[2026-09-28T15:38:48] step 50600/80000 | G 4.868 (gan 1.580/1.492, cyc 0.225, idt 0.649) | D_A 0.314 D_B 0.371 | gnorm G 67.97 D 29.59 | lr 1.47e-04
[2026-09-28T15:38:51] step 50650/80000 | G 4.980 (gan 1.661/1.503, cyc 0.227, idt 0.489) | D_A 0.371 D_B 0.359 | gnorm G 65.93 D 32.04 | lr 1.47e-04
[2026-09-28T15:38:53] step 50700/80000 | G 4.934 (gan 1.606/1.527, cyc 0.225, idt 0.571) | D_A 0.345 D_B 0.413 | gnorm G 71.83 D 34.47 | lr 1.46e-04
[2026-09-28T15:38:55] step 50750/80000 | G 4.690 (gan 1.462/1.401, cyc 0.228, idt 0.683) | D_A 0.340 D_B 0.452 | gnorm G 77.01 D 39.30 | lr 1.46e-04
[2026-09-28T15:38:58] step 50800/80000 | G 4.659 (gan 1.420/1.402, cyc 0.230, idt 0.461) | D_A 0.382 D_B 0.447 | gnorm G 63.09 D 38.88 | lr 1.46e-04
[2026-09-28T15:39:00] step 50850/80000 | G 4.680 (gan 1.346/1.550, cyc 0.223, idt 0.485) | D_A 0.311 D_B 0.452 | gnorm G 58.72 D 39.08 | lr 1.46e-04
[2026-09-28T15:39:03] step 50900/80000 | G 4.940 (gan 1.467/1.756, cyc 0.215, idt 0.714) | D_A 0.290 D_B 0.389 | gnorm G 87.20 D 27.81 | lr 1.46e-04
[2026-09-28T15:39:05] step 50950/80000 | G 5.002 (gan 1.620/1.584, cyc 0.225, idt 0.636) | D_A 0.310 D_B 0.364 | gnorm G 65.19 D 29.49 | lr 1.45e-04
[2026-09-28T15:39:07] step 51000/80000 | G 4.874 (gan 1.507/1.533, cyc 0.229, idt 0.645) | D_A 0.405 D_B 0.398 | gnorm G 65.43 D 36.30 | lr 1.45e-04
[2026-09-28T15:39:11] step 51050/80000 | G 4.922 (gan 1.553/1.680, cyc 0.211, idt 0.867) | D_A 0.292 D_B 0.391 | gnorm G 71.58 D 36.76 | lr 1.45e-04
[2026-09-28T15:39:13] step 51100/80000 | G 4.894 (gan 1.441/1.613, cyc 0.230, idt 0.619) | D_A 0.327 D_B 0.395 | gnorm G 73.92 D 32.14 | lr 1.44e-04
[2026-09-28T15:39:15] step 51150/80000 | G 5.045 (gan 1.664/1.573, cyc 0.226, idt 0.474) | D_A 0.334 D_B 0.346 | gnorm G 76.32 D 29.75 | lr 1.44e-04
[2026-09-28T15:39:18] step 51200/80000 | G 4.837 (gan 1.540/1.544, cyc 0.219, idt 0.549) | D_A 0.358 D_B 0.416 | gnorm G 74.85 D 36.58 | lr 1.44e-04
[2026-09-28T15:39:20] step 51250/80000 | G 4.675 (gan 1.509/1.435, cyc 0.216, idt 0.640) | D_A 0.352 D_B 0.396 | gnorm G 71.06 D 35.37 | lr 1.44e-04
[2026-09-28T15:39:23] step 51300/80000 | G 5.152 (gan 1.661/1.638, cyc 0.232, idt 0.440) | D_A 0.288 D_B 0.391 | gnorm G 68.78 D 32.51 | lr 1.44e-04
[2026-09-28T15:39:25] step 51350/80000 | G 5.182 (gan 1.662/1.621, cyc 0.237, idt 0.559) | D_A 0.352 D_B 0.342 | gnorm G 60.29 D 32.51 | lr 1.43e-04
[2026-09-28T15:39:27] step 51400/80000 | G 4.610 (gan 1.426/1.390, cyc 0.224, idt 0.530) | D_A 0.317 D_B 0.378 | gnorm G 57.24 D 31.96 | lr 1.43e-04
[2026-09-28T15:39:30] step 51450/80000 | G 5.266 (gan 1.651/1.790, cyc 0.228, idt 0.679) | D_A 0.348 D_B 0.347 | gnorm G 92.07 D 33.95 | lr 1.43e-04
[2026-09-28T15:39:32] step 51500/80000 | G 4.706 (gan 1.521/1.395, cyc 0.224, idt 0.602) | D_A 0.326 D_B 0.335 | gnorm G 64.18 D 28.41 | lr 1.43e-04
[2026-09-28T15:39:35] step 51550/80000 | G 4.750 (gan 1.597/1.454, cyc 0.212, idt 0.667) | D_A 0.340 D_B 0.388 | gnorm G 77.00 D 38.84 | lr 1.42e-04
[2026-09-28T15:39:37] step 51600/80000 | G 5.096 (gan 1.619/1.645, cyc 0.229, idt 0.575) | D_A 0.296 D_B 0.405 | gnorm G 79.00 D 30.92 | lr 1.42e-04
[2026-09-28T15:39:39] step 51650/80000 | G 4.626 (gan 1.429/1.517, cyc 0.210, idt 0.464) | D_A 0.348 D_B 0.401 | gnorm G 62.81 D 35.00 | lr 1.42e-04
[2026-09-28T15:39:42] step 51700/80000 | G 4.567 (gan 1.405/1.406, cyc 0.220, idt 0.572) | D_A 0.336 D_B 0.374 | gnorm G 61.45 D 31.58 | lr 1.41e-04
[2026-09-28T15:39:44] step 51750/80000 | G 5.018 (gan 1.604/1.568, cyc 0.231, idt 0.618) | D_A 0.320 D_B 0.393 | gnorm G 77.42 D 31.55 | lr 1.41e-04
[2026-09-28T15:39:47] step 51800/80000 | G 4.897 (gan 1.514/1.518, cyc 0.233, idt 0.527) | D_A 0.313 D_B 0.371 | gnorm G 74.09 D 33.43 | lr 1.41e-04
[2026-09-28T15:39:49] step 51850/80000 | G 4.893 (gan 1.350/1.726, cyc 0.227, idt 0.627) | D_A 0.306 D_B 0.397 | gnorm G 68.08 D 34.25 | lr 1.41e-04
[2026-09-28T15:39:51] step 51900/80000 | G 4.873 (gan 1.477/1.612, cyc 0.223, idt 0.664) | D_A 0.294 D_B 0.394 | gnorm G 59.52 D 31.84 | lr 1.40e-04
[2026-09-28T15:39:54] step 51950/80000 | G 4.766 (gan 1.613/1.429, cyc 0.216, idt 0.648) | D_A 0.349 D_B 0.424 | gnorm G 67.90 D 35.84 | lr 1.40e-04
[2026-09-28T15:39:56] step 52000/80000 | G 4.834 (gan 1.587/1.518, cyc 0.216, idt 0.545) | D_A 0.380 D_B 0.378 | gnorm G 58.09 D 36.26 | lr 1.40e-04
[2026-09-28T15:39:59] step 52050/80000 | G 4.966 (gan 1.578/1.641, cyc 0.218, idt 0.574) | D_A 0.299 D_B 0.391 | gnorm G 68.65 D 34.97 | lr 1.40e-04
[2026-09-28T15:40:01] step 52100/80000 | G 4.784 (gan 1.561/1.507, cyc 0.214, idt 0.447) | D_A 0.359 D_B 0.395 | gnorm G 62.89 D 34.40 | lr 1.40e-04
[2026-09-28T15:40:03] step 52150/80000 | G 5.336 (gan 1.800/1.669, cyc 0.233, idt 0.407) | D_A 0.333 D_B 0.371 | gnorm G 83.02 D 32.21 | lr 1.39e-04
[2026-09-28T15:40:05] step 52200/80000 | G 5.095 (gan 1.657/1.519, cyc 0.240, idt 0.473) | D_A 0.375 D_B 0.306 | gnorm G 79.15 D 34.21 | lr 1.39e-04
[2026-09-28T15:40:07] step 52250/80000 | G 4.949 (gan 1.556/1.603, cyc 0.224, idt 0.789) | D_A 0.313 D_B 0.433 | gnorm G 74.33 D 35.88 | lr 1.39e-04
[2026-09-28T15:40:10] step 52300/80000 | G 5.001 (gan 1.594/1.607, cyc 0.225, idt 0.493) | D_A 0.398 D_B 0.397 | gnorm G 70.19 D 34.56 | lr 1.39e-04
[2026-09-28T15:40:12] step 52350/80000 | G 4.922 (gan 1.509/1.687, cyc 0.216, idt 0.602) | D_A 0.337 D_B 0.388 | gnorm G 75.24 D 33.50 | lr 1.38e-04
[2026-09-28T15:40:14] step 52400/80000 | G 4.889 (gan 1.543/1.587, cyc 0.220, idt 0.674) | D_A 0.316 D_B 0.375 | gnorm G 86.39 D 32.83 | lr 1.38e-04
[2026-09-28T15:40:16] step 52450/80000 | G 4.851 (gan 1.559/1.568, cyc 0.215, idt 0.435) | D_A 0.322 D_B 0.377 | gnorm G 69.73 D 33.25 | lr 1.38e-04
[2026-09-28T15:40:18] step 52500/80000 | G 4.790 (gan 1.582/1.498, cyc 0.214, idt 0.746) | D_A 0.357 D_B 0.377 | gnorm G 66.74 D 31.52 | lr 1.38e-04
[2026-09-28T15:40:20] step 52550/80000 | G 5.442 (gan 1.821/1.730, cyc 0.236, idt 0.594) | D_A 0.299 D_B 0.296 | gnorm G 88.30 D 28.98 | lr 1.37e-04
[2026-09-28T15:40:23] step 52600/80000 | G 5.080 (gan 1.714/1.511, cyc 0.232, idt 0.458) | D_A 0.375 D_B 0.332 | gnorm G 82.53 D 32.57 | lr 1.37e-04
[2026-09-28T15:40:25] step 52650/80000 | G 4.764 (gan 1.547/1.414, cyc 0.225, idt 0.399) | D_A 0.353 D_B 0.427 | gnorm G 57.56 D 37.17 | lr 1.37e-04
[2026-09-28T15:40:27] step 52700/80000 | G 4.995 (gan 1.579/1.581, cyc 0.229, idt 0.779) | D_A 0.329 D_B 0.318 | gnorm G 79.45 D 32.69 | lr 1.37e-04
[2026-09-28T15:40:29] step 52750/80000 | G 5.027 (gan 1.501/1.655, cyc 0.234, idt 0.669) | D_A 0.311 D_B 0.408 | gnorm G 71.05 D 36.66 | lr 1.36e-04
[2026-09-28T15:40:31] step 52800/80000 | G 4.960 (gan 1.528/1.540, cyc 0.236, idt 0.678) | D_A 0.382 D_B 0.375 | gnorm G 72.28 D 34.94 | lr 1.36e-04
[2026-09-28T15:40:33] step 52850/80000 | G 4.982 (gan 1.646/1.492, cyc 0.230, idt 0.712) | D_A 0.333 D_B 0.395 | gnorm G 80.41 D 32.31 | lr 1.36e-04
[2026-09-28T15:40:36] step 52900/80000 | G 4.673 (gan 1.385/1.595, cyc 0.212, idt 0.496) | D_A 0.315 D_B 0.373 | gnorm G 77.84 D 26.48 | lr 1.36e-04
[2026-09-28T15:40:38] step 52950/80000 | G 4.853 (gan 1.578/1.463, cyc 0.226, idt 0.643) | D_A 0.334 D_B 0.357 | gnorm G 67.27 D 31.31 | lr 1.35e-04
[2026-09-28T15:40:40] step 53000/80000 | G 5.167 (gan 1.685/1.752, cyc 0.216, idt 0.544) | D_A 0.322 D_B 0.333 | gnorm G 96.41 D 28.99 | lr 1.35e-04
[2026-09-28T15:40:43] step 53050/80000 | G 5.248 (gan 1.612/1.708, cyc 0.241, idt 0.690) | D_A 0.303 D_B 0.372 | gnorm G 66.27 D 30.28 | lr 1.35e-04
[2026-09-28T15:40:45] step 53100/80000 | G 4.959 (gan 1.480/1.661, cyc 0.227, idt 1.081) | D_A 0.352 D_B 0.443 | gnorm G 60.82 D 36.33 | lr 1.35e-04
[2026-09-28T15:40:47] step 53150/80000 | G 4.849 (gan 1.566/1.456, cyc 0.228, idt 0.496) | D_A 0.384 D_B 0.460 | gnorm G 65.64 D 40.12 | lr 1.34e-04
[2026-09-28T15:40:49] step 53200/80000 | G 4.884 (gan 1.581/1.500, cyc 0.225, idt 0.962) | D_A 0.317 D_B 0.391 | gnorm G 65.59 D 34.36 | lr 1.34e-04
[2026-09-28T15:40:52] step 53250/80000 | G 5.107 (gan 1.583/1.692, cyc 0.229, idt 0.676) | D_A 0.321 D_B 0.363 | gnorm G 89.13 D 32.81 | lr 1.34e-04
[2026-09-28T15:40:54] step 53300/80000 | G 5.021 (gan 1.590/1.609, cyc 0.228, idt 0.465) | D_A 0.350 D_B 0.347 | gnorm G 83.29 D 33.19 | lr 1.33e-04
[2026-09-28T15:40:56] step 53350/80000 | G 5.122 (gan 1.621/1.695, cyc 0.226, idt 0.594) | D_A 0.322 D_B 0.358 | gnorm G 82.73 D 33.71 | lr 1.33e-04
[2026-09-28T15:40:58] step 53400/80000 | G 5.125 (gan 1.632/1.653, cyc 0.230, idt 0.967) | D_A 0.280 D_B 0.328 | gnorm G 61.57 D 29.36 | lr 1.33e-04
[2026-09-28T15:41:00] step 53450/80000 | G 4.829 (gan 1.499/1.562, cyc 0.221, idt 0.578) | D_A 0.331 D_B 0.391 | gnorm G 66.17 D 35.48 | lr 1.33e-04
[2026-09-28T15:41:02] step 53500/80000 | G 4.982 (gan 1.518/1.655, cyc 0.226, idt 0.627) | D_A 0.315 D_B 0.399 | gnorm G 79.48 D 32.62 | lr 1.32e-04
[2026-09-28T15:41:05] step 53550/80000 | G 4.770 (gan 1.533/1.413, cyc 0.228, idt 0.487) | D_A 0.296 D_B 0.350 | gnorm G 62.37 D 28.96 | lr 1.32e-04
[2026-09-28T15:41:07] step 53600/80000 | G 4.999 (gan 1.581/1.560, cyc 0.232, idt 0.850) | D_A 0.321 D_B 0.375 | gnorm G 94.47 D 32.16 | lr 1.32e-04
[2026-09-28T15:41:09] step 53650/80000 | G 5.385 (gan 1.755/1.785, cyc 0.231, idt 0.674) | D_A 0.313 D_B 0.315 | gnorm G 112.57 D 30.81 | lr 1.32e-04
[2026-09-28T15:41:11] step 53700/80000 | G 5.158 (gan 1.592/1.759, cyc 0.226, idt 0.493) | D_A 0.365 D_B 0.357 | gnorm G 73.86 D 35.70 | lr 1.31e-04
[2026-09-28T15:41:13] step 53750/80000 | G 4.898 (gan 1.662/1.483, cyc 0.219, idt 0.594) | D_A 0.336 D_B 0.414 | gnorm G 52.24 D 36.21 | lr 1.31e-04
[2026-09-28T15:41:15] step 53800/80000 | G 5.119 (gan 1.598/1.686, cyc 0.229, idt 0.540) | D_A 0.327 D_B 0.373 | gnorm G 59.45 D 34.46 | lr 1.31e-04
[2026-09-28T15:41:18] step 53850/80000 | G 5.171 (gan 1.554/1.805, cyc 0.226, idt 0.448) | D_A 0.339 D_B 0.347 | gnorm G 84.07 D 33.70 | lr 1.31e-04
[2026-09-28T15:41:20] step 53900/80000 | G 4.913 (gan 1.588/1.465, cyc 0.233, idt 0.606) | D_A 0.330 D_B 0.453 | gnorm G 65.11 D 38.94 | lr 1.31e-04
[2026-09-28T15:41:22] step 53950/80000 | G 5.314 (gan 1.644/1.821, cyc 0.231, idt 0.531) | D_A 0.318 D_B 0.389 | gnorm G 68.00 D 35.19 | lr 1.30e-04
[2026-09-28T15:41:24] step 54000/80000 | G 5.094 (gan 1.508/1.749, cyc 0.230, idt 0.570) | D_A 0.297 D_B 0.389 | gnorm G 84.34 D 30.29 | lr 1.30e-04
[2026-09-28T15:41:27] step 54050/80000 | G 4.971 (gan 1.581/1.626, cyc 0.221, idt 0.582) | D_A 0.281 D_B 0.356 | gnorm G 63.20 D 30.88 | lr 1.30e-04
[2026-09-28T15:41:29] step 54100/80000 | G 5.394 (gan 1.721/1.712, cyc 0.245, idt 0.508) | D_A 0.311 D_B 0.372 | gnorm G 79.55 D 32.90 | lr 1.30e-04
[2026-09-28T15:41:31] step 54150/80000 | G 4.748 (gan 1.496/1.532, cyc 0.215, idt 0.781) | D_A 0.365 D_B 0.399 | gnorm G 57.16 D 34.59 | lr 1.29e-04
[2026-09-28T15:41:34] step 54200/80000 | G 4.857 (gan 1.735/1.304, cyc 0.227, idt 0.475) | D_A 0.339 D_B 0.403 | gnorm G 69.24 D 36.59 | lr 1.29e-04
[2026-09-28T15:41:36] step 54250/80000 | G 5.171 (gan 1.784/1.560, cyc 0.228, idt 0.647) | D_A 0.311 D_B 0.375 | gnorm G 65.87 D 32.24 | lr 1.29e-04
[2026-09-28T15:41:38] step 54300/80000 | G 4.864 (gan 1.578/1.516, cyc 0.221, idt 0.864) | D_A 0.356 D_B 0.324 | gnorm G 85.78 D 30.90 | lr 1.29e-04
[2026-09-28T15:41:41] step 54350/80000 | G 4.776 (gan 1.545/1.451, cyc 0.222, idt 0.742) | D_A 0.390 D_B 0.389 | gnorm G 62.26 D 34.54 | lr 1.28e-04
[2026-09-28T15:41:43] step 54400/80000 | G 5.111 (gan 1.719/1.461, cyc 0.241, idt 0.464) | D_A 0.352 D_B 0.376 | gnorm G 70.19 D 34.90 | lr 1.28e-04
[2026-09-28T15:41:45] step 54450/80000 | G 4.923 (gan 1.651/1.473, cyc 0.225, idt 0.546) | D_A 0.342 D_B 0.357 | gnorm G 66.58 D 32.75 | lr 1.28e-04
[2026-09-28T15:41:47] step 54500/80000 | G 4.744 (gan 1.481/1.463, cyc 0.225, idt 0.506) | D_A 0.333 D_B 0.379 | gnorm G 63.11 D 33.89 | lr 1.28e-04
[2026-09-28T15:41:50] step 54550/80000 | G 4.919 (gan 1.726/1.453, cyc 0.217, idt 0.575) | D_A 0.318 D_B 0.342 | gnorm G 78.67 D 31.12 | lr 1.27e-04
[2026-09-28T15:41:52] step 54600/80000 | G 5.233 (gan 1.680/1.705, cyc 0.231, idt 0.398) | D_A 0.313 D_B 0.328 | gnorm G 73.93 D 32.01 | lr 1.27e-04
[2026-09-28T15:41:54] step 54650/80000 | G 5.107 (gan 1.562/1.782, cyc 0.220, idt 0.458) | D_A 0.338 D_B 0.371 | gnorm G 78.31 D 36.60 | lr 1.27e-04
[2026-09-28T15:41:56] step 54700/80000 | G 4.775 (gan 1.517/1.473, cyc 0.223, idt 0.499) | D_A 0.325 D_B 0.388 | gnorm G 54.96 D 33.51 | lr 1.27e-04
[2026-09-28T15:41:59] step 54750/80000 | G 4.924 (gan 1.629/1.513, cyc 0.223, idt 0.730) | D_A 0.345 D_B 0.403 | gnorm G 53.71 D 34.65 | lr 1.26e-04
[2026-09-28T15:42:01] step 54800/80000 | G 4.963 (gan 1.349/1.775, cyc 0.230, idt 0.580) | D_A 0.320 D_B 0.372 | gnorm G 85.66 D 31.19 | lr 1.26e-04
[2026-09-28T15:42:03] step 54850/80000 | G 5.044 (gan 1.623/1.673, cyc 0.219, idt 0.533) | D_A 0.357 D_B 0.362 | gnorm G 78.56 D 34.82 | lr 1.26e-04
[2026-09-28T15:42:05] step 54900/80000 | G 4.599 (gan 1.475/1.435, cyc 0.211, idt 0.546) | D_A 0.364 D_B 0.397 | gnorm G 56.31 D 36.18 | lr 1.25e-04
[2026-09-28T15:42:07] step 54950/80000 | G 5.093 (gan 1.727/1.508, cyc 0.232, idt 0.460) | D_A 0.293 D_B 0.360 | gnorm G 92.27 D 31.30 | lr 1.25e-04
[2026-09-28T15:42:09] step 55000/80000 | G 4.869 (gan 1.467/1.524, cyc 0.235, idt 0.692) | D_A 0.349 D_B 0.395 | gnorm G 75.19 D 35.01 | lr 1.25e-04
[2026-09-28T15:42:12] step 55050/80000 | G 4.941 (gan 1.537/1.534, cyc 0.234, idt 0.609) | D_A 0.348 D_B 0.347 | gnorm G 61.37 D 34.78 | lr 1.25e-04
[2026-09-28T15:42:14] step 55100/80000 | G 4.940 (gan 1.609/1.493, cyc 0.230, idt 0.738) | D_A 0.363 D_B 0.348 | gnorm G 64.72 D 35.00 | lr 1.25e-04
[2026-09-28T15:42:16] step 55150/80000 | G 4.933 (gan 1.738/1.365, cyc 0.229, idt 0.597) | D_A 0.348 D_B 0.377 | gnorm G 58.46 D 31.86 | lr 1.24e-04
[2026-09-28T15:42:19] step 55200/80000 | G 4.855 (gan 1.573/1.519, cyc 0.220, idt 0.581) | D_A 0.329 D_B 0.352 | gnorm G 80.02 D 29.53 | lr 1.24e-04
[2026-09-28T15:42:21] step 55250/80000 | G 4.905 (gan 1.621/1.567, cyc 0.215, idt 0.740) | D_A 0.310 D_B 0.314 | gnorm G 63.89 D 32.77 | lr 1.24e-04
[2026-09-28T15:42:23] step 55300/80000 | G 5.083 (gan 1.648/1.660, cyc 0.222, idt 0.443) | D_A 0.296 D_B 0.337 | gnorm G 64.03 D 32.38 | lr 1.23e-04
[2026-09-28T15:42:25] step 55350/80000 | G 5.070 (gan 1.754/1.538, cyc 0.222, idt 0.473) | D_A 0.391 D_B 0.366 | gnorm G 74.81 D 36.70 | lr 1.23e-04
[2026-09-28T15:42:27] step 55400/80000 | G 5.114 (gan 1.719/1.621, cyc 0.222, idt 0.796) | D_A 0.362 D_B 0.370 | gnorm G 62.98 D 37.52 | lr 1.23e-04
[2026-09-28T15:42:29] step 55450/80000 | G 4.951 (gan 1.560/1.519, cyc 0.234, idt 0.599) | D_A 0.320 D_B 0.382 | gnorm G 75.09 D 34.57 | lr 1.23e-04
[2026-09-28T15:42:32] step 55500/80000 | G 5.238 (gan 1.734/1.616, cyc 0.236, idt 0.686) | D_A 0.296 D_B 0.344 | gnorm G 97.95 D 33.40 | lr 1.23e-04
[2026-09-28T15:42:34] step 55550/80000 | G 4.728 (gan 1.480/1.491, cyc 0.220, idt 0.655) | D_A 0.326 D_B 0.439 | gnorm G 63.47 D 38.78 | lr 1.22e-04
[2026-09-28T15:42:36] step 55600/80000 | G 5.030 (gan 1.702/1.478, cyc 0.231, idt 0.562) | D_A 0.360 D_B 0.334 | gnorm G 55.39 D 30.48 | lr 1.22e-04
[2026-09-28T15:42:38] step 55650/80000 | G 5.089 (gan 1.703/1.488, cyc 0.237, idt 0.640) | D_A 0.331 D_B 0.339 | gnorm G 66.34 D 33.10 | lr 1.22e-04
[2026-09-28T15:42:40] step 55700/80000 | G 5.153 (gan 1.634/1.632, cyc 0.236, idt 0.477) | D_A 0.291 D_B 0.370 | gnorm G 83.10 D 29.94 | lr 1.21e-04
[2026-09-28T15:42:42] step 55750/80000 | G 4.745 (gan 1.362/1.508, cyc 0.234, idt 0.511) | D_A 0.282 D_B 0.387 | gnorm G 56.01 D 31.99 | lr 1.21e-04
[2026-09-28T15:42:45] step 55800/80000 | G 4.907 (gan 1.550/1.529, cyc 0.229, idt 0.552) | D_A 0.302 D_B 0.442 | gnorm G 55.47 D 36.01 | lr 1.21e-04
[2026-09-28T15:42:47] step 55850/80000 | G 5.058 (gan 1.673/1.527, cyc 0.232, idt 0.691) | D_A 0.332 D_B 0.332 | gnorm G 66.32 D 32.74 | lr 1.21e-04
[2026-09-28T15:42:49] step 55900/80000 | G 5.115 (gan 1.598/1.706, cyc 0.226, idt 0.822) | D_A 0.318 D_B 0.351 | gnorm G 70.18 D 31.05 | lr 1.21e-04
[2026-09-28T15:42:51] step 55950/80000 | G 4.826 (gan 1.557/1.451, cyc 0.227, idt 0.626) | D_A 0.318 D_B 0.329 | gnorm G 78.09 D 31.50 | lr 1.20e-04
[2026-09-28T15:42:53] step 56000/80000 | G 4.954 (gan 1.483/1.735, cyc 0.217, idt 0.543) | D_A 0.325 D_B 0.411 | gnorm G 84.03 D 37.25 | lr 1.20e-04
[2026-09-28T15:42:56] step 56050/80000 | G 4.850 (gan 1.593/1.422, cyc 0.229, idt 0.626) | D_A 0.349 D_B 0.371 | gnorm G 66.80 D 34.37 | lr 1.20e-04
[2026-09-28T15:42:58] step 56100/80000 | G 4.998 (gan 1.468/1.654, cyc 0.234, idt 1.022) | D_A 0.297 D_B 0.351 | gnorm G 62.18 D 34.91 | lr 1.19e-04
[2026-09-28T15:43:00] step 56150/80000 | G 5.514 (gan 1.836/1.797, cyc 0.235, idt 0.411) | D_A 0.330 D_B 0.412 | gnorm G 72.86 D 33.59 | lr 1.19e-04
[2026-09-28T15:43:03] step 56200/80000 | G 5.364 (gan 1.781/1.626, cyc 0.245, idt 0.586) | D_A 0.263 D_B 0.342 | gnorm G 73.83 D 31.08 | lr 1.19e-04
[2026-09-28T15:43:05] step 56250/80000 | G 5.163 (gan 1.582/1.749, cyc 0.229, idt 0.598) | D_A 0.278 D_B 0.370 | gnorm G 75.40 D 35.25 | lr 1.19e-04
[2026-09-28T15:43:07] step 56300/80000 | G 5.069 (gan 1.655/1.646, cyc 0.221, idt 0.656) | D_A 0.275 D_B 0.376 | gnorm G 90.46 D 33.78 | lr 1.19e-04
[2026-09-28T15:43:09] step 56350/80000 | G 4.659 (gan 1.485/1.345, cyc 0.229, idt 0.605) | D_A 0.367 D_B 0.384 | gnorm G 60.92 D 33.00 | lr 1.18e-04
[2026-09-28T15:43:11] step 56400/80000 | G 4.772 (gan 1.452/1.457, cyc 0.233, idt 0.761) | D_A 0.292 D_B 0.398 | gnorm G 57.34 D 32.41 | lr 1.18e-04
[2026-09-28T15:43:13] step 56450/80000 | G 5.064 (gan 1.634/1.634, cyc 0.225, idt 0.940) | D_A 0.380 D_B 0.319 | gnorm G 77.41 D 33.09 | lr 1.18e-04
[2026-09-28T15:43:16] step 56500/80000 | G 4.951 (gan 1.585/1.613, cyc 0.219, idt 0.546) | D_A 0.312 D_B 0.368 | gnorm G 74.63 D 31.96 | lr 1.18e-04
[2026-09-28T15:43:18] step 56550/80000 | G 4.823 (gan 1.592/1.508, cyc 0.215, idt 0.671) | D_A 0.342 D_B 0.384 | gnorm G 75.08 D 40.19 | lr 1.17e-04
[2026-09-28T15:43:20] step 56600/80000 | G 5.113 (gan 1.796/1.552, cyc 0.221, idt 0.484) | D_A 0.358 D_B 0.375 | gnorm G 79.71 D 39.79 | lr 1.17e-04
[2026-09-28T15:43:22] step 56650/80000 | G 4.837 (gan 1.434/1.580, cyc 0.228, idt 0.749) | D_A 0.331 D_B 0.368 | gnorm G 68.22 D 32.75 | lr 1.17e-04
[2026-09-28T15:43:24] step 56700/80000 | G 4.938 (gan 1.500/1.543, cyc 0.237, idt 0.629) | D_A 0.344 D_B 0.405 | gnorm G 75.28 D 38.97 | lr 1.17e-04
[2026-09-28T15:43:26] step 56750/80000 | G 5.120 (gan 1.677/1.646, cyc 0.225, idt 0.576) | D_A 0.333 D_B 0.357 | gnorm G 71.94 D 36.90 | lr 1.16e-04
[2026-09-28T15:43:29] step 56800/80000 | G 4.866 (gan 1.563/1.465, cyc 0.230, idt 0.564) | D_A 0.337 D_B 0.377 | gnorm G 62.40 D 34.58 | lr 1.16e-04
[2026-09-28T15:43:31] step 56850/80000 | G 5.357 (gan 1.777/1.731, cyc 0.231, idt 0.497) | D_A 0.349 D_B 0.307 | gnorm G 70.32 D 30.34 | lr 1.16e-04
[2026-09-28T15:43:33] step 56900/80000 | G 4.971 (gan 1.707/1.483, cyc 0.223, idt 0.545) | D_A 0.324 D_B 0.329 | gnorm G 58.15 D 31.66 | lr 1.16e-04
[2026-09-28T15:43:35] step 56950/80000 | G 4.959 (gan 1.484/1.666, cyc 0.226, idt 0.516) | D_A 0.349 D_B 0.350 | gnorm G 69.79 D 35.30 | lr 1.15e-04
[2026-09-28T15:43:37] step 57000/80000 | G 5.110 (gan 1.621/1.635, cyc 0.232, idt 0.599) | D_A 0.317 D_B 0.398 | gnorm G 71.39 D 35.87 | lr 1.15e-04
[2026-09-28T15:43:40] step 57050/80000 | G 5.493 (gan 1.776/1.739, cyc 0.247, idt 0.453) | D_A 0.303 D_B 0.293 | gnorm G 61.37 D 32.49 | lr 1.15e-04
[2026-09-28T15:43:42] step 57100/80000 | G 5.150 (gan 1.516/1.671, cyc 0.245, idt 0.599) | D_A 0.307 D_B 0.408 | gnorm G 65.87 D 32.26 | lr 1.15e-04
[2026-09-28T15:43:44] step 57150/80000 | G 4.897 (gan 1.591/1.458, cyc 0.231, idt 0.440) | D_A 0.347 D_B 0.425 | gnorm G 70.63 D 35.53 | lr 1.14e-04
[2026-09-28T15:43:47] step 57200/80000 | G 5.054 (gan 1.571/1.608, cyc 0.234, idt 0.691) | D_A 0.292 D_B 0.396 | gnorm G 60.32 D 32.99 | lr 1.14e-04
[2026-09-28T15:43:49] step 57250/80000 | G 5.167 (gan 1.546/1.796, cyc 0.228, idt 0.781) | D_A 0.309 D_B 0.378 | gnorm G 57.42 D 31.12 | lr 1.14e-04
[2026-09-28T15:43:51] step 57300/80000 | G 5.081 (gan 1.582/1.724, cyc 0.222, idt 0.642) | D_A 0.358 D_B 0.365 | gnorm G 57.38 D 34.32 | lr 1.14e-04
[2026-09-28T15:43:53] step 57350/80000 | G 4.889 (gan 1.499/1.479, cyc 0.239, idt 0.573) | D_A 0.364 D_B 0.390 | gnorm G 69.84 D 38.05 | lr 1.13e-04
[2026-09-28T15:43:55] step 57400/80000 | G 4.688 (gan 1.430/1.485, cyc 0.222, idt 0.625) | D_A 0.346 D_B 0.400 | gnorm G 54.10 D 31.34 | lr 1.13e-04
[2026-09-28T15:43:57] step 57450/80000 | G 4.901 (gan 1.713/1.424, cyc 0.221, idt 0.616) | D_A 0.314 D_B 0.333 | gnorm G 56.58 D 28.24 | lr 1.13e-04
[2026-09-28T15:44:00] step 57500/80000 | G 4.954 (gan 1.680/1.488, cyc 0.223, idt 0.641) | D_A 0.330 D_B 0.341 | gnorm G 57.52 D 31.19 | lr 1.13e-04
[2026-09-28T15:44:02] step 57550/80000 | G 5.214 (gan 1.692/1.711, cyc 0.226, idt 0.794) | D_A 0.303 D_B 0.332 | gnorm G 58.78 D 30.56 | lr 1.12e-04
[2026-09-28T15:44:04] step 57600/80000 | G 4.994 (gan 1.711/1.433, cyc 0.231, idt 0.516) | D_A 0.344 D_B 0.366 | gnorm G 58.36 D 34.66 | lr 1.12e-04
[2026-09-28T15:44:06] step 57650/80000 | G 5.438 (gan 1.738/1.816, cyc 0.235, idt 0.685) | D_A 0.324 D_B 0.386 | gnorm G 78.70 D 34.23 | lr 1.12e-04
[2026-09-28T15:44:08] step 57700/80000 | G 5.406 (gan 1.669/1.874, cyc 0.233, idt 0.616) | D_A 0.286 D_B 0.350 | gnorm G 88.01 D 29.82 | lr 1.11e-04
[2026-09-28T15:44:10] step 57750/80000 | G 5.216 (gan 1.601/1.729, cyc 0.236, idt 0.674) | D_A 0.314 D_B 0.345 | gnorm G 87.51 D 33.31 | lr 1.11e-04
[2026-09-28T15:44:13] step 57800/80000 | G 5.070 (gan 1.574/1.665, cyc 0.229, idt 0.420) | D_A 0.290 D_B 0.441 | gnorm G 82.47 D 35.90 | lr 1.11e-04
[2026-09-28T15:44:15] step 57850/80000 | G 5.165 (gan 1.720/1.655, cyc 0.224, idt 0.485) | D_A 0.371 D_B 0.340 | gnorm G 60.34 D 36.43 | lr 1.11e-04
[2026-09-28T15:44:17] step 57900/80000 | G 5.077 (gan 1.679/1.522, cyc 0.235, idt 0.691) | D_A 0.336 D_B 0.348 | gnorm G 50.30 D 32.61 | lr 1.11e-04
[2026-09-28T15:44:19] step 57950/80000 | G 5.177 (gan 1.522/1.725, cyc 0.241, idt 0.539) | D_A 0.311 D_B 0.371 | gnorm G 101.85 D 29.89 | lr 1.10e-04
[2026-09-28T15:44:21] step 58000/80000 | G 4.897 (gan 1.494/1.535, cyc 0.234, idt 0.895) | D_A 0.310 D_B 0.431 | gnorm G 59.75 D 38.07 | lr 1.10e-04
[2026-09-28T15:44:24] step 58050/80000 | G 4.621 (gan 1.467/1.401, cyc 0.219, idt 0.516) | D_A 0.358 D_B 0.370 | gnorm G 63.54 D 34.56 | lr 1.10e-04
[2026-09-28T15:44:26] step 58100/80000 | G 5.154 (gan 1.612/1.647, cyc 0.237, idt 0.467) | D_A 0.305 D_B 0.372 | gnorm G 70.96 D 32.28 | lr 1.10e-04
[2026-09-28T15:44:29] step 58150/80000 | G 5.034 (gan 1.622/1.556, cyc 0.232, idt 0.563) | D_A 0.330 D_B 0.340 | gnorm G 59.29 D 34.67 | lr 1.09e-04
[2026-09-28T15:44:31] step 58200/80000 | G 5.264 (gan 1.744/1.612, cyc 0.239, idt 0.936) | D_A 0.321 D_B 0.356 | gnorm G 81.96 D 32.37 | lr 1.09e-04
[2026-09-28T15:44:33] step 58250/80000 | G 4.858 (gan 1.567/1.533, cyc 0.220, idt 0.868) | D_A 0.347 D_B 0.394 | gnorm G 62.86 D 38.36 | lr 1.09e-04
[2026-09-28T15:44:35] step 58300/80000 | G 4.543 (gan 1.356/1.428, cyc 0.220, idt 0.738) | D_A 0.343 D_B 0.428 | gnorm G 58.82 D 37.70 | lr 1.09e-04
[2026-09-28T15:44:37] step 58350/80000 | G 4.944 (gan 1.480/1.618, cyc 0.231, idt 0.579) | D_A 0.324 D_B 0.423 | gnorm G 79.64 D 39.46 | lr 1.08e-04
[2026-09-28T15:44:39] step 58400/80000 | G 5.058 (gan 1.518/1.655, cyc 0.236, idt 0.679) | D_A 0.290 D_B 0.408 | gnorm G 64.67 D 33.51 | lr 1.08e-04
[2026-09-28T15:44:42] step 58450/80000 | G 4.953 (gan 1.474/1.659, cyc 0.228, idt 0.499) | D_A 0.339 D_B 0.392 | gnorm G 68.36 D 30.91 | lr 1.08e-04
[2026-09-28T15:44:44] step 58500/80000 | G 4.812 (gan 1.486/1.519, cyc 0.226, idt 0.546) | D_A 0.297 D_B 0.357 | gnorm G 54.15 D 30.74 | lr 1.07e-04
[2026-09-28T15:44:46] step 58550/80000 | G 5.138 (gan 1.721/1.620, cyc 0.225, idt 0.583) | D_A 0.290 D_B 0.328 | gnorm G 68.75 D 30.83 | lr 1.07e-04
[2026-09-28T15:44:48] step 58600/80000 | G 5.264 (gan 1.724/1.709, cyc 0.229, idt 0.580) | D_A 0.315 D_B 0.318 | gnorm G 69.00 D 32.10 | lr 1.07e-04
[2026-09-28T15:44:50] step 58650/80000 | G 4.778 (gan 1.649/1.390, cyc 0.217, idt 0.644) | D_A 0.369 D_B 0.360 | gnorm G 56.41 D 36.14 | lr 1.07e-04
[2026-09-28T15:44:53] step 58700/80000 | G 4.869 (gan 1.577/1.524, cyc 0.221, idt 0.537) | D_A 0.313 D_B 0.347 | gnorm G 56.20 D 30.33 | lr 1.07e-04
[2026-09-28T15:44:55] step 58750/80000 | G 5.337 (gan 1.673/1.763, cyc 0.238, idt 0.457) | D_A 0.327 D_B 0.394 | gnorm G 78.04 D 36.36 | lr 1.06e-04
[2026-09-28T15:44:57] step 58800/80000 | G 4.834 (gan 1.510/1.454, cyc 0.234, idt 0.407) | D_A 0.340 D_B 0.373 | gnorm G 76.74 D 38.05 | lr 1.06e-04
[2026-09-28T15:44:59] step 58850/80000 | G 4.937 (gan 1.600/1.527, cyc 0.226, idt 0.789) | D_A 0.330 D_B 0.353 | gnorm G 76.63 D 37.43 | lr 1.06e-04
[2026-09-28T15:45:01] step 58900/80000 | G 4.806 (gan 1.575/1.431, cyc 0.225, idt 0.967) | D_A 0.363 D_B 0.344 | gnorm G 62.79 D 33.47 | lr 1.06e-04
[2026-09-28T15:45:03] step 58950/80000 | G 4.913 (gan 1.667/1.483, cyc 0.220, idt 0.565) | D_A 0.279 D_B 0.357 | gnorm G 61.73 D 31.99 | lr 1.05e-04
[2026-09-28T15:45:06] step 59000/80000 | G 4.964 (gan 1.582/1.508, cyc 0.234, idt 0.473) | D_A 0.302 D_B 0.405 | gnorm G 63.61 D 37.05 | lr 1.05e-04
[2026-09-28T15:45:08] step 59050/80000 | G 4.840 (gan 1.662/1.469, cyc 0.214, idt 0.734) | D_A 0.351 D_B 0.371 | gnorm G 81.63 D 37.14 | lr 1.05e-04
[2026-09-28T15:45:11] step 59100/80000 | G 5.379 (gan 1.814/1.687, cyc 0.235, idt 0.701) | D_A 0.370 D_B 0.301 | gnorm G 62.60 D 35.65 | lr 1.04e-04
[2026-09-28T15:45:13] step 59150/80000 | G 4.963 (gan 1.537/1.519, cyc 0.238, idt 0.853) | D_A 0.290 D_B 0.343 | gnorm G 61.75 D 32.85 | lr 1.04e-04
[2026-09-28T15:45:15] step 59200/80000 | G 4.857 (gan 1.552/1.567, cyc 0.217, idt 0.858) | D_A 0.328 D_B 0.329 | gnorm G 53.90 D 34.65 | lr 1.04e-04
[2026-09-28T15:45:17] step 59250/80000 | G 4.821 (gan 1.607/1.372, cyc 0.230, idt 0.588) | D_A 0.330 D_B 0.431 | gnorm G 51.24 D 35.70 | lr 1.04e-04
[2026-09-28T15:45:19] step 59300/80000 | G 4.963 (gan 1.522/1.556, cyc 0.236, idt 0.525) | D_A 0.355 D_B 0.348 | gnorm G 74.71 D 35.47 | lr 1.04e-04
[2026-09-28T15:45:21] step 59350/80000 | G 5.140 (gan 1.691/1.522, cyc 0.241, idt 0.727) | D_A 0.332 D_B 0.352 | gnorm G 71.39 D 37.21 | lr 1.03e-04
[2026-09-28T15:45:24] step 59400/80000 | G 5.468 (gan 1.806/1.741, cyc 0.240, idt 0.767) | D_A 0.332 D_B 0.351 | gnorm G 83.42 D 32.99 | lr 1.03e-04
[2026-09-28T15:45:26] step 59450/80000 | G 5.020 (gan 1.721/1.504, cyc 0.224, idt 0.452) | D_A 0.326 D_B 0.337 | gnorm G 56.34 D 31.00 | lr 1.03e-04
[2026-09-28T15:45:28] step 59500/80000 | G 4.978 (gan 1.446/1.665, cyc 0.233, idt 0.478) | D_A 0.322 D_B 0.442 | gnorm G 54.47 D 38.99 | lr 1.02e-04
[2026-09-28T15:45:30] step 59550/80000 | G 5.173 (gan 1.561/1.676, cyc 0.242, idt 1.243) | D_A 0.293 D_B 0.353 | gnorm G 85.84 D 30.86 | lr 1.02e-04
[2026-09-28T15:45:32] step 59600/80000 | G 5.251 (gan 1.719/1.696, cyc 0.230, idt 0.528) | D_A 0.327 D_B 0.328 | gnorm G 74.47 D 33.84 | lr 1.02e-04
[2026-09-28T15:45:34] step 59650/80000 | G 5.343 (gan 1.762/1.712, cyc 0.234, idt 0.548) | D_A 0.264 D_B 0.346 | gnorm G 56.51 D 34.97 | lr 1.02e-04
[2026-09-28T15:45:37] step 59700/80000 | G 5.315 (gan 1.817/1.625, cyc 0.234, idt 0.709) | D_A 0.322 D_B 0.341 | gnorm G 92.36 D 35.90 | lr 1.02e-04
[2026-09-28T15:45:39] step 59750/80000 | G 5.064 (gan 1.567/1.603, cyc 0.237, idt 0.833) | D_A 0.305 D_B 0.363 | gnorm G 85.67 D 34.67 | lr 1.01e-04
[2026-09-28T15:45:41] step 59800/80000 | G 5.211 (gan 1.718/1.596, cyc 0.237, idt 0.772) | D_A 0.280 D_B 0.364 | gnorm G 90.88 D 32.45 | lr 1.01e-04
[2026-09-28T15:45:43] step 59850/80000 | G 4.911 (gan 1.599/1.511, cyc 0.225, idt 0.740) | D_A 0.331 D_B 0.382 | gnorm G 63.23 D 37.05 | lr 1.01e-04
[2026-09-28T15:45:45] step 59900/80000 | G 5.236 (gan 1.748/1.649, cyc 0.230, idt 0.526) | D_A 0.307 D_B 0.333 | gnorm G 69.24 D 33.95 | lr 1.00e-04
[2026-09-28T15:45:47] step 59950/80000 | G 5.135 (gan 1.647/1.709, cyc 0.222, idt 0.618) | D_A 0.305 D_B 0.349 | gnorm G 72.22 D 35.45 | lr 1.00e-04
[2026-09-28T15:45:50] step 60000/80000 | G 4.810 (gan 1.616/1.433, cyc 0.220, idt 0.613) | D_A 0.364 D_B 0.360 | gnorm G 58.59 D 36.77 | lr 1.00e-04
[2026-09-28T15:45:52] step 60050/80000 | G 4.985 (gan 1.610/1.559, cyc 0.227, idt 0.560) | D_A 0.330 D_B 0.352 | gnorm G 62.12 D 33.01 | lr 9.98e-05
[2026-09-28T15:45:55] step 60100/80000 | G 4.799 (gan 1.558/1.504, cyc 0.217, idt 0.728) | D_A 0.345 D_B 0.370 | gnorm G 60.10 D 32.14 | lr 9.95e-05
[2026-09-28T15:45:57] step 60150/80000 | G 5.041 (gan 1.594/1.580, cyc 0.234, idt 0.843) | D_A 0.329 D_B 0.339 | gnorm G 61.03 D 33.29 | lr 9.93e-05
[2026-09-28T15:45:59] step 60200/80000 | G 4.922 (gan 1.605/1.421, cyc 0.237, idt 0.749) | D_A 0.372 D_B 0.329 | gnorm G 58.47 D 35.26 | lr 9.90e-05
[2026-09-28T15:46:01] step 60250/80000 | G 5.257 (gan 1.724/1.590, cyc 0.243, idt 0.519) | D_A 0.316 D_B 0.348 | gnorm G 69.37 D 35.19 | lr 9.88e-05
[2026-09-28T15:46:03] step 60300/80000 | G 5.068 (gan 1.532/1.620, cyc 0.240, idt 0.509) | D_A 0.324 D_B 0.460 | gnorm G 84.53 D 38.89 | lr 9.85e-05
[2026-09-28T15:46:06] step 60350/80000 | G 5.223 (gan 1.450/1.927, cyc 0.231, idt 0.614) | D_A 0.296 D_B 0.424 | gnorm G 64.32 D 31.65 | lr 9.83e-05
[2026-09-28T15:46:08] step 60400/80000 | G 4.986 (gan 1.586/1.583, cyc 0.227, idt 0.575) | D_A 0.324 D_B 0.333 | gnorm G 54.50 D 32.59 | lr 9.80e-05
[2026-09-28T15:46:10] step 60450/80000 | G 5.092 (gan 1.693/1.447, cyc 0.244, idt 0.499) | D_A 0.305 D_B 0.354 | gnorm G 62.10 D 34.21 | lr 9.78e-05
[2026-09-28T15:46:12] step 60500/80000 | G 5.021 (gan 1.628/1.570, cyc 0.228, idt 0.880) | D_A 0.315 D_B 0.326 | gnorm G 100.22 D 30.12 | lr 9.75e-05
[2026-09-28T15:46:14] step 60550/80000 | G 4.939 (gan 1.543/1.563, cyc 0.229, idt 0.477) | D_A 0.331 D_B 0.404 | gnorm G 57.58 D 35.65 | lr 9.72e-05
[2026-09-28T15:46:16] step 60600/80000 | G 5.308 (gan 1.806/1.598, cyc 0.238, idt 0.586) | D_A 0.286 D_B 0.308 | gnorm G 62.63 D 31.37 | lr 9.70e-05
[2026-09-28T15:46:19] step 60650/80000 | G 4.876 (gan 1.531/1.557, cyc 0.223, idt 0.671) | D_A 0.334 D_B 0.394 | gnorm G 71.42 D 35.83 | lr 9.68e-05
[2026-09-28T15:46:21] step 60700/80000 | G 4.727 (gan 1.460/1.433, cyc 0.229, idt 0.540) | D_A 0.277 D_B 0.427 | gnorm G 53.37 D 37.24 | lr 9.65e-05
[2026-09-28T15:46:23] step 60750/80000 | G 5.310 (gan 1.750/1.695, cyc 0.233, idt 0.483) | D_A 0.320 D_B 0.322 | gnorm G 64.55 D 33.51 | lr 9.62e-05
[2026-09-28T15:46:25] step 60800/80000 | G 5.033 (gan 1.578/1.564, cyc 0.236, idt 0.575) | D_A 0.334 D_B 0.358 | gnorm G 64.37 D 33.77 | lr 9.60e-05
[2026-09-28T15:46:27] step 60850/80000 | G 5.041 (gan 1.674/1.500, cyc 0.233, idt 0.473) | D_A 0.310 D_B 0.319 | gnorm G 55.25 D 31.26 | lr 9.58e-05
[2026-09-28T15:46:29] step 60900/80000 | G 5.509 (gan 1.716/1.856, cyc 0.242, idt 0.613) | D_A 0.283 D_B 0.395 | gnorm G 67.90 D 35.59 | lr 9.55e-05
[2026-09-28T15:46:32] step 60950/80000 | G 4.994 (gan 1.674/1.471, cyc 0.231, idt 0.668) | D_A 0.326 D_B 0.330 | gnorm G 57.85 D 30.83 | lr 9.52e-05
[2026-09-28T15:46:34] step 61000/80000 | G 4.800 (gan 1.477/1.473, cyc 0.231, idt 0.469) | D_A 0.316 D_B 0.370 | gnorm G 54.05 D 35.25 | lr 9.50e-05
[2026-09-28T15:46:37] step 61050/80000 | G 4.896 (gan 1.619/1.443, cyc 0.229, idt 0.557) | D_A 0.332 D_B 0.345 | gnorm G 61.25 D 31.54 | lr 9.47e-05
[2026-09-28T15:46:39] step 61100/80000 | G 5.033 (gan 1.644/1.594, cyc 0.224, idt 0.550) | D_A 0.388 D_B 0.346 | gnorm G 76.71 D 37.95 | lr 9.45e-05
[2026-09-28T15:46:41] step 61150/80000 | G 5.210 (gan 1.659/1.647, cyc 0.238, idt 0.667) | D_A 0.319 D_B 0.338 | gnorm G 95.47 D 35.40 | lr 9.43e-05
[2026-09-28T15:46:43] step 61200/80000 | G 5.001 (gan 1.669/1.541, cyc 0.224, idt 0.744) | D_A 0.355 D_B 0.363 | gnorm G 49.90 D 38.35 | lr 9.40e-05
[2026-09-28T15:46:45] step 61250/80000 | G 5.470 (gan 1.777/1.753, cyc 0.243, idt 0.875) | D_A 0.263 D_B 0.364 | gnorm G 63.42 D 38.77 | lr 9.38e-05
[2026-09-28T15:46:48] step 61300/80000 | G 5.216 (gan 1.683/1.631, cyc 0.238, idt 0.813) | D_A 0.324 D_B 0.330 | gnorm G 82.09 D 34.98 | lr 9.35e-05
[2026-09-28T15:46:50] step 61350/80000 | G 5.199 (gan 1.746/1.578, cyc 0.234, idt 0.717) | D_A 0.275 D_B 0.323 | gnorm G 64.45 D 30.81 | lr 9.33e-05
[2026-09-28T15:46:52] step 61400/80000 | G 5.058 (gan 1.489/1.753, cyc 0.227, idt 0.604) | D_A 0.297 D_B 0.366 | gnorm G 76.83 D 33.93 | lr 9.30e-05
[2026-09-28T15:46:54] step 61450/80000 | G 4.823 (gan 1.382/1.608, cyc 0.229, idt 0.560) | D_A 0.281 D_B 0.403 | gnorm G 59.35 D 34.02 | lr 9.28e-05
[2026-09-28T15:46:56] step 61500/80000 | G 4.972 (gan 1.570/1.502, cyc 0.238, idt 0.635) | D_A 0.312 D_B 0.386 | gnorm G 59.01 D 36.70 | lr 9.25e-05
[2026-09-28T15:46:59] step 61550/80000 | G 5.005 (gan 1.525/1.602, cyc 0.235, idt 0.757) | D_A 0.277 D_B 0.392 | gnorm G 58.63 D 33.16 | lr 9.23e-05
[2026-09-28T15:47:01] step 61600/80000 | G 4.917 (gan 1.640/1.524, cyc 0.219, idt 0.554) | D_A 0.335 D_B 0.337 | gnorm G 68.52 D 34.60 | lr 9.20e-05
[2026-09-28T15:47:03] step 61650/80000 | G 5.384 (gan 1.760/1.771, cyc 0.232, idt 0.475) | D_A 0.316 D_B 0.337 | gnorm G 61.73 D 37.83 | lr 9.18e-05
[2026-09-28T15:47:05] step 61700/80000 | G 5.050 (gan 1.602/1.602, cyc 0.231, idt 0.518) | D_A 0.351 D_B 0.364 | gnorm G 89.76 D 36.48 | lr 9.15e-05
[2026-09-28T15:47:07] step 61750/80000 | G 5.046 (gan 1.709/1.480, cyc 0.232, idt 0.922) | D_A 0.329 D_B 0.364 | gnorm G 65.34 D 34.74 | lr 9.13e-05
[2026-09-28T15:47:10] step 61800/80000 | G 5.231 (gan 1.731/1.711, cyc 0.224, idt 0.667) | D_A 0.355 D_B 0.341 | gnorm G 60.62 D 37.35 | lr 9.10e-05
[2026-09-28T15:47:12] step 61850/80000 | G 5.112 (gan 1.592/1.640, cyc 0.235, idt 0.438) | D_A 0.330 D_B 0.362 | gnorm G 56.05 D 35.02 | lr 9.07e-05
[2026-09-28T15:47:14] step 61900/80000 | G 5.249 (gan 1.600/1.700, cyc 0.244, idt 0.429) | D_A 0.307 D_B 0.374 | gnorm G 69.32 D 36.15 | lr 9.05e-05
[2026-09-28T15:47:16] step 61950/80000 | G 4.915 (gan 1.687/1.430, cyc 0.225, idt 0.603) | D_A 0.318 D_B 0.325 | gnorm G 71.89 D 30.88 | lr 9.03e-05
[2026-09-28T15:47:18] step 62000/80000 | G 5.274 (gan 1.678/1.666, cyc 0.241, idt 0.612) | D_A 0.345 D_B 0.338 | gnorm G 61.52 D 36.08 | lr 9.00e-05
[2026-09-28T15:47:21] step 62050/80000 | G 5.144 (gan 1.693/1.597, cyc 0.232, idt 0.472) | D_A 0.319 D_B 0.336 | gnorm G 56.67 D 31.99 | lr 8.97e-05
[2026-09-28T15:47:23] step 62100/80000 | G 5.023 (gan 1.555/1.614, cyc 0.232, idt 0.614) | D_A 0.307 D_B 0.296 | gnorm G 64.94 D 31.91 | lr 8.95e-05
[2026-09-28T15:47:26] step 62150/80000 | G 5.050 (gan 1.637/1.499, cyc 0.239, idt 0.592) | D_A 0.316 D_B 0.358 | gnorm G 54.49 D 36.53 | lr 8.93e-05
[2026-09-28T15:47:28] step 62200/80000 | G 5.125 (gan 1.603/1.624, cyc 0.237, idt 0.549) | D_A 0.320 D_B 0.333 | gnorm G 63.48 D 33.69 | lr 8.90e-05
[2026-09-28T15:47:30] step 62250/80000 | G 5.094 (gan 1.603/1.555, cyc 0.242, idt 0.414) | D_A 0.288 D_B 0.354 | gnorm G 63.44 D 31.87 | lr 8.88e-05
[2026-09-28T15:47:32] step 62300/80000 | G 4.860 (gan 1.527/1.546, cyc 0.223, idt 0.783) | D_A 0.298 D_B 0.358 | gnorm G 61.11 D 32.20 | lr 8.85e-05
[2026-09-28T15:47:34] step 62350/80000 | G 5.087 (gan 1.645/1.607, cyc 0.229, idt 0.468) | D_A 0.338 D_B 0.322 | gnorm G 63.22 D 33.74 | lr 8.83e-05
[2026-09-28T15:47:36] step 62400/80000 | G 5.090 (gan 1.670/1.509, cyc 0.239, idt 0.627) | D_A 0.344 D_B 0.386 | gnorm G 63.10 D 37.90 | lr 8.80e-05
[2026-09-28T15:47:39] step 62450/80000 | G 5.310 (gan 1.740/1.605, cyc 0.246, idt 0.538) | D_A 0.289 D_B 0.387 | gnorm G 57.70 D 39.16 | lr 8.78e-05
[2026-09-28T15:47:41] step 62500/80000 | G 4.740 (gan 1.401/1.565, cyc 0.222, idt 0.544) | D_A 0.367 D_B 0.382 | gnorm G 57.28 D 39.49 | lr 8.75e-05
[2026-09-28T15:47:43] step 62550/80000 | G 5.041 (gan 1.530/1.613, cyc 0.237, idt 0.635) | D_A 0.298 D_B 0.304 | gnorm G 60.10 D 32.21 | lr 8.73e-05
[2026-09-28T15:47:45] step 62600/80000 | G 5.220 (gan 1.865/1.427, cyc 0.241, idt 0.776) | D_A 0.392 D_B 0.292 | gnorm G 57.91 D 33.32 | lr 8.70e-05
[2026-09-28T15:47:47] step 62650/80000 | G 4.872 (gan 1.544/1.504, cyc 0.228, idt 0.700) | D_A 0.324 D_B 0.336 | gnorm G 60.44 D 34.09 | lr 8.67e-05
[2026-09-28T15:47:49] step 62700/80000 | G 4.887 (gan 1.625/1.447, cyc 0.227, idt 0.736) | D_A 0.319 D_B 0.378 | gnorm G 53.19 D 34.29 | lr 8.65e-05
[2026-09-28T15:47:52] step 62750/80000 | G 5.172 (gan 1.596/1.611, cyc 0.246, idt 0.532) | D_A 0.348 D_B 0.382 | gnorm G 69.21 D 37.22 | lr 8.63e-05
[2026-09-28T15:47:54] step 62800/80000 | G 5.189 (gan 1.698/1.676, cyc 0.227, idt 0.671) | D_A 0.322 D_B 0.319 | gnorm G 83.79 D 31.32 | lr 8.60e-05
[2026-09-28T15:47:56] step 62850/80000 | G 5.077 (gan 1.498/1.651, cyc 0.241, idt 0.648) | D_A 0.336 D_B 0.428 | gnorm G 53.37 D 40.97 | lr 8.57e-05
[2026-09-28T15:47:58] step 62900/80000 | G 5.174 (gan 1.575/1.748, cyc 0.231, idt 0.550) | D_A 0.306 D_B 0.344 | gnorm G 61.28 D 36.80 | lr 8.55e-05
[2026-09-28T15:48:00] step 62950/80000 | G 4.953 (gan 1.463/1.621, cyc 0.234, idt 0.547) | D_A 0.327 D_B 0.371 | gnorm G 75.49 D 35.64 | lr 8.53e-05
[2026-09-28T15:48:02] step 63000/80000 | G 5.024 (gan 1.621/1.559, cyc 0.231, idt 0.520) | D_A 0.311 D_B 0.357 | gnorm G 68.59 D 35.38 | lr 8.50e-05
[2026-09-28T15:48:05] step 63050/80000 | G 5.408 (gan 1.723/1.689, cyc 0.249, idt 0.522) | D_A 0.334 D_B 0.359 | gnorm G 57.14 D 36.75 | lr 8.48e-05
[2026-09-28T15:48:07] step 63100/80000 | G 4.981 (gan 1.593/1.540, cyc 0.231, idt 0.867) | D_A 0.386 D_B 0.352 | gnorm G 54.36 D 38.17 | lr 8.45e-05
[2026-09-28T15:48:10] step 63150/80000 | G 5.093 (gan 1.732/1.431, cyc 0.241, idt 0.728) | D_A 0.326 D_B 0.354 | gnorm G 55.75 D 35.27 | lr 8.43e-05
[2026-09-28T15:48:12] step 63200/80000 | G 5.070 (gan 1.550/1.601, cyc 0.240, idt 0.563) | D_A 0.319 D_B 0.380 | gnorm G 52.12 D 35.43 | lr 8.40e-05
[2026-09-28T15:48:14] step 63250/80000 | G 5.338 (gan 1.626/1.791, cyc 0.240, idt 0.443) | D_A 0.278 D_B 0.378 | gnorm G 52.87 D 33.09 | lr 8.37e-05
[2026-09-28T15:48:16] step 63300/80000 | G 5.206 (gan 1.601/1.721, cyc 0.236, idt 0.472) | D_A 0.271 D_B 0.350 | gnorm G 54.70 D 30.98 | lr 8.35e-05
[2026-09-28T15:48:18] step 63350/80000 | G 5.272 (gan 1.717/1.606, cyc 0.244, idt 0.551) | D_A 0.304 D_B 0.331 | gnorm G 54.86 D 34.61 | lr 8.33e-05
[2026-09-28T15:48:21] step 63400/80000 | G 5.039 (gan 1.633/1.591, cyc 0.227, idt 1.036) | D_A 0.361 D_B 0.379 | gnorm G 56.56 D 42.10 | lr 8.30e-05
[2026-09-28T15:48:23] step 63450/80000 | G 5.014 (gan 1.484/1.687, cyc 0.230, idt 0.603) | D_A 0.293 D_B 0.376 | gnorm G 67.77 D 33.94 | lr 8.27e-05
[2026-09-28T15:48:25] step 63500/80000 | G 5.238 (gan 1.626/1.664, cyc 0.243, idt 0.528) | D_A 0.333 D_B 0.368 | gnorm G 64.85 D 37.45 | lr 8.25e-05
[2026-09-28T15:48:27] step 63550/80000 | G 5.307 (gan 1.754/1.636, cyc 0.240, idt 0.712) | D_A 0.317 D_B 0.397 | gnorm G 81.92 D 38.69 | lr 8.23e-05
[2026-09-28T15:48:29] step 63600/80000 | G 5.091 (gan 1.608/1.585, cyc 0.237, idt 0.899) | D_A 0.314 D_B 0.357 | gnorm G 77.14 D 35.55 | lr 8.20e-05
[2026-09-28T15:48:31] step 63650/80000 | G 5.876 (gan 1.905/1.946, cyc 0.253, idt 0.525) | D_A 0.278 D_B 0.302 | gnorm G 65.66 D 33.80 | lr 8.17e-05
[2026-09-28T15:48:34] step 63700/80000 | G 5.401 (gan 1.823/1.674, cyc 0.238, idt 0.582) | D_A 0.339 D_B 0.319 | gnorm G 76.92 D 34.83 | lr 8.15e-05
[2026-09-28T15:48:36] step 63750/80000 | G 4.991 (gan 1.532/1.573, cyc 0.236, idt 0.602) | D_A 0.314 D_B 0.400 | gnorm G 78.47 D 38.41 | lr 8.13e-05
[2026-09-28T15:48:38] step 63800/80000 | G 5.083 (gan 1.708/1.536, cyc 0.230, idt 0.618) | D_A 0.323 D_B 0.322 | gnorm G 56.99 D 34.34 | lr 8.10e-05
[2026-09-28T15:48:40] step 63850/80000 | G 5.112 (gan 1.530/1.674, cyc 0.239, idt 0.477) | D_A 0.292 D_B 0.363 | gnorm G 60.45 D 37.40 | lr 8.08e-05
[2026-09-28T15:48:42] step 63900/80000 | G 5.166 (gan 1.671/1.612, cyc 0.235, idt 0.536) | D_A 0.300 D_B 0.324 | gnorm G 53.77 D 33.72 | lr 8.05e-05
[2026-09-28T15:48:44] step 63950/80000 | G 5.032 (gan 1.648/1.579, cyc 0.226, idt 0.504) | D_A 0.328 D_B 0.337 | gnorm G 67.95 D 34.31 | lr 8.02e-05
[2026-09-28T15:48:47] step 64000/80000 | G 5.189 (gan 1.679/1.640, cyc 0.234, idt 1.145) | D_A 0.330 D_B 0.384 | gnorm G 55.53 D 35.40 | lr 8.00e-05
[2026-09-28T15:48:49] step 64050/80000 | G 5.162 (gan 1.620/1.663, cyc 0.235, idt 0.547) | D_A 0.337 D_B 0.330 | gnorm G 64.44 D 36.52 | lr 7.98e-05
[2026-09-28T15:48:52] step 64100/80000 | G 5.334 (gan 1.711/1.753, cyc 0.234, idt 0.540) | D_A 0.271 D_B 0.331 | gnorm G 60.91 D 27.85 | lr 7.95e-05
[2026-09-28T15:48:54] step 64150/80000 | G 5.285 (gan 1.761/1.552, cyc 0.247, idt 0.634) | D_A 0.320 D_B 0.287 | gnorm G 65.95 D 35.02 | lr 7.93e-05
[2026-09-28T15:48:56] step 64200/80000 | G 5.155 (gan 1.522/1.728, cyc 0.238, idt 0.640) | D_A 0.332 D_B 0.409 | gnorm G 50.53 D 42.53 | lr 7.90e-05
[2026-09-28T15:48:58] step 64250/80000 | G 5.104 (gan 1.644/1.558, cyc 0.238, idt 0.630) | D_A 0.313 D_B 0.359 | gnorm G 55.38 D 37.82 | lr 7.88e-05
[2026-09-28T15:49:00] step 64300/80000 | G 5.266 (gan 1.784/1.614, cyc 0.233, idt 0.527) | D_A 0.341 D_B 0.315 | gnorm G 55.79 D 37.18 | lr 7.85e-05
[2026-09-28T15:49:02] step 64350/80000 | G 5.068 (gan 1.560/1.615, cyc 0.237, idt 0.688) | D_A 0.322 D_B 0.422 | gnorm G 63.06 D 36.56 | lr 7.83e-05
[2026-09-28T15:49:05] step 64400/80000 | G 4.962 (gan 1.705/1.393, cyc 0.233, idt 0.657) | D_A 0.288 D_B 0.345 | gnorm G 47.05 D 33.38 | lr 7.80e-05
[2026-09-28T15:49:07] step 64450/80000 | G 5.290 (gan 1.737/1.634, cyc 0.240, idt 0.706) | D_A 0.330 D_B 0.309 | gnorm G 60.02 D 29.52 | lr 7.78e-05
[2026-09-28T15:49:09] step 64500/80000 | G 5.080 (gan 1.628/1.532, cyc 0.240, idt 0.771) | D_A 0.279 D_B 0.333 | gnorm G 52.66 D 32.47 | lr 7.75e-05
[2026-09-28T15:49:11] step 64550/80000 | G 5.319 (gan 1.762/1.597, cyc 0.245, idt 0.835) | D_A 0.316 D_B 0.395 | gnorm G 54.55 D 38.15 | lr 7.72e-05
[2026-09-28T15:49:13] step 64600/80000 | G 5.281 (gan 1.654/1.655, cyc 0.246, idt 1.121) | D_A 0.347 D_B 0.376 | gnorm G 54.16 D 40.48 | lr 7.70e-05
[2026-09-28T15:49:16] step 64650/80000 | G 4.980 (gan 1.578/1.585, cyc 0.227, idt 0.417) | D_A 0.368 D_B 0.357 | gnorm G 61.72 D 35.47 | lr 7.68e-05
[2026-09-28T15:49:18] step 64700/80000 | G 5.313 (gan 1.645/1.765, cyc 0.238, idt 0.643) | D_A 0.291 D_B 0.343 | gnorm G 61.03 D 34.85 | lr 7.65e-05
[2026-09-28T15:49:20] step 64750/80000 | G 5.166 (gan 1.741/1.520, cyc 0.238, idt 0.699) | D_A 0.310 D_B 0.327 | gnorm G 61.43 D 33.37 | lr 7.62e-05
[2026-09-28T15:49:22] step 64800/80000 | G 4.940 (gan 1.592/1.448, cyc 0.238, idt 0.474) | D_A 0.385 D_B 0.350 | gnorm G 68.77 D 39.75 | lr 7.60e-05
[2026-09-28T15:49:24] step 64850/80000 | G 4.917 (gan 1.572/1.506, cyc 0.230, idt 0.437) | D_A 0.239 D_B 0.387 | gnorm G 62.64 D 36.80 | lr 7.58e-05
[2026-09-28T15:49:26] step 64900/80000 | G 4.963 (gan 1.618/1.513, cyc 0.229, idt 0.785) | D_A 0.311 D_B 0.335 | gnorm G 52.54 D 35.67 | lr 7.55e-05
[2026-09-28T15:49:29] step 64950/80000 | G 5.513 (gan 1.732/1.827, cyc 0.244, idt 0.601) | D_A 0.313 D_B 0.333 | gnorm G 62.11 D 36.09 | lr 7.52e-05
[2026-09-28T15:49:31] step 65000/80000 | G 5.353 (gan 1.744/1.695, cyc 0.239, idt 0.622) | D_A 0.309 D_B 0.331 | gnorm G 80.14 D 37.31 | lr 7.50e-05
[2026-09-28T15:49:34] step 65050/80000 | G 5.045 (gan 1.672/1.615, cyc 0.220, idt 0.651) | D_A 0.330 D_B 0.336 | gnorm G 74.46 D 38.52 | lr 7.48e-05
[2026-09-28T15:49:36] step 65100/80000 | G 5.250 (gan 1.637/1.731, cyc 0.235, idt 0.338) | D_A 0.333 D_B 0.371 | gnorm G 87.47 D 40.85 | lr 7.45e-05
[2026-09-28T15:49:38] step 65150/80000 | G 5.041 (gan 1.732/1.419, cyc 0.236, idt 0.657) | D_A 0.305 D_B 0.339 | gnorm G 59.89 D 34.02 | lr 7.43e-05
[2026-09-28T15:49:40] step 65200/80000 | G 5.120 (gan 1.801/1.426, cyc 0.237, idt 0.558) | D_A 0.360 D_B 0.319 | gnorm G 71.28 D 33.95 | lr 7.40e-05
[2026-09-28T15:49:42] step 65250/80000 | G 5.238 (gan 1.676/1.655, cyc 0.238, idt 0.668) | D_A 0.282 D_B 0.395 | gnorm G 74.28 D 37.67 | lr 7.38e-05
[2026-09-28T15:49:45] step 65300/80000 | G 4.955 (gan 1.538/1.481, cyc 0.242, idt 0.432) | D_A 0.334 D_B 0.373 | gnorm G 55.37 D 36.11 | lr 7.35e-05
[2026-09-28T15:49:47] step 65350/80000 | G 5.523 (gan 1.758/1.719, cyc 0.256, idt 0.861) | D_A 0.303 D_B 0.339 | gnorm G 58.14 D 36.00 | lr 7.32e-05
[2026-09-28T15:49:49] step 65400/80000 | G 5.459 (gan 1.678/1.882, cyc 0.237, idt 0.606) | D_A 0.308 D_B 0.301 | gnorm G 69.68 D 33.37 | lr 7.30e-05
[2026-09-28T15:49:51] step 65450/80000 | G 5.359 (gan 1.812/1.585, cyc 0.245, idt 0.505) | D_A 0.304 D_B 0.312 | gnorm G 66.86 D 35.75 | lr 7.28e-05
[2026-09-28T15:49:53] step 65500/80000 | G 4.997 (gan 1.766/1.338, cyc 0.237, idt 0.586) | D_A 0.344 D_B 0.310 | gnorm G 64.98 D 36.62 | lr 7.25e-05
[2026-09-28T15:49:55] step 65550/80000 | G 5.165 (gan 1.676/1.561, cyc 0.241, idt 0.572) | D_A 0.312 D_B 0.316 | gnorm G 48.74 D 32.57 | lr 7.22e-05
[2026-09-28T15:49:58] step 65600/80000 | G 5.151 (gan 1.637/1.641, cyc 0.234, idt 0.606) | D_A 0.349 D_B 0.367 | gnorm G 55.44 D 37.23 | lr 7.20e-05
[2026-09-28T15:50:00] step 65650/80000 | G 5.071 (gan 1.680/1.613, cyc 0.222, idt 0.600) | D_A 0.273 D_B 0.351 | gnorm G 52.20 D 34.51 | lr 7.18e-05
[2026-09-28T15:50:02] step 65700/80000 | G 5.356 (gan 1.732/1.673, cyc 0.244, idt 0.643) | D_A 0.333 D_B 0.316 | gnorm G 60.31 D 38.52 | lr 7.15e-05
[2026-09-28T15:50:04] step 65750/80000 | G 5.075 (gan 1.624/1.553, cyc 0.237, idt 0.533) | D_A 0.357 D_B 0.346 | gnorm G 59.21 D 36.27 | lr 7.12e-05
[2026-09-28T15:50:06] step 65800/80000 | G 4.842 (gan 1.531/1.520, cyc 0.224, idt 0.630) | D_A 0.333 D_B 0.420 | gnorm G 54.36 D 42.62 | lr 7.10e-05
[2026-09-28T15:50:09] step 65850/80000 | G 5.156 (gan 1.737/1.478, cyc 0.243, idt 0.678) | D_A 0.364 D_B 0.310 | gnorm G 57.18 D 36.71 | lr 7.07e-05
[2026-09-28T15:50:11] step 65900/80000 | G 5.004 (gan 1.559/1.565, cyc 0.235, idt 0.541) | D_A 0.316 D_B 0.386 | gnorm G 65.75 D 36.26 | lr 7.05e-05
[2026-09-28T15:50:13] step 65950/80000 | G 4.964 (gan 1.612/1.508, cyc 0.231, idt 0.517) | D_A 0.318 D_B 0.353 | gnorm G 60.45 D 37.51 | lr 7.02e-05
[2026-09-28T15:50:15] step 66000/80000 | G 5.244 (gan 1.705/1.634, cyc 0.238, idt 0.710) | D_A 0.328 D_B 0.337 | gnorm G 69.20 D 34.82 | lr 7.00e-05
[2026-09-28T15:50:18] step 66050/80000 | G 4.920 (gan 1.640/1.489, cyc 0.224, idt 0.537) | D_A 0.327 D_B 0.379 | gnorm G 54.71 D 37.29 | lr 6.98e-05
[2026-09-28T15:50:20] step 66100/80000 | G 5.359 (gan 1.773/1.723, cyc 0.233, idt 0.431) | D_A 0.284 D_B 0.347 | gnorm G 54.78 D 31.96 | lr 6.95e-05
[2026-09-28T15:50:22] step 66150/80000 | G 5.129 (gan 1.715/1.565, cyc 0.231, idt 0.610) | D_A 0.346 D_B 0.330 | gnorm G 55.85 D 34.15 | lr 6.92e-05
[2026-09-28T15:50:25] step 66200/80000 | G 5.473 (gan 1.872/1.721, cyc 0.235, idt 0.709) | D_A 0.282 D_B 0.364 | gnorm G 63.41 D 35.33 | lr 6.90e-05
[2026-09-28T15:50:27] step 66250/80000 | G 5.310 (gan 1.785/1.674, cyc 0.231, idt 0.413) | D_A 0.303 D_B 0.303 | gnorm G 73.53 D 36.32 | lr 6.88e-05
[2026-09-28T15:50:29] step 66300/80000 | G 5.067 (gan 1.581/1.573, cyc 0.239, idt 0.525) | D_A 0.347 D_B 0.349 | gnorm G 64.17 D 36.87 | lr 6.85e-05
[2026-09-28T15:50:31] step 66350/80000 | G 5.480 (gan 1.829/1.762, cyc 0.236, idt 0.549) | D_A 0.306 D_B 0.320 | gnorm G 55.26 D 38.79 | lr 6.83e-05
[2026-09-28T15:50:33] step 66400/80000 | G 5.173 (gan 1.604/1.685, cyc 0.236, idt 0.487) | D_A 0.292 D_B 0.390 | gnorm G 53.45 D 39.81 | lr 6.80e-05
[2026-09-28T15:50:36] step 66450/80000 | G 5.077 (gan 1.740/1.448, cyc 0.236, idt 0.809) | D_A 0.301 D_B 0.358 | gnorm G 47.36 D 35.87 | lr 6.78e-05
[2026-09-28T15:50:38] step 66500/80000 | G 4.858 (gan 1.714/1.397, cyc 0.218, idt 0.403) | D_A 0.353 D_B 0.308 | gnorm G 58.11 D 38.95 | lr 6.75e-05
[2026-09-28T15:50:40] step 66550/80000 | G 4.932 (gan 1.739/1.347, cyc 0.231, idt 0.647) | D_A 0.339 D_B 0.361 | gnorm G 54.89 D 38.07 | lr 6.73e-05
[2026-09-28T15:50:42] step 66600/80000 | G 4.828 (gan 1.614/1.390, cyc 0.228, idt 0.574) | D_A 0.343 D_B 0.391 | gnorm G 63.42 D 38.06 | lr 6.70e-05
[2026-09-28T15:50:44] step 66650/80000 | G 5.070 (gan 1.696/1.467, cyc 0.238, idt 0.618) | D_A 0.319 D_B 0.357 | gnorm G 72.92 D 38.30 | lr 6.67e-05
[2026-09-28T15:50:46] step 66700/80000 | G 5.154 (gan 1.699/1.563, cyc 0.236, idt 0.778) | D_A 0.303 D_B 0.355 | gnorm G 47.34 D 35.94 | lr 6.65e-05
[2026-09-28T15:50:49] step 66750/80000 | G 5.531 (gan 1.710/1.931, cyc 0.236, idt 0.574) | D_A 0.241 D_B 0.369 | gnorm G 77.76 D 36.36 | lr 6.63e-05
[2026-09-28T15:50:51] step 66800/80000 | G 4.967 (gan 1.609/1.494, cyc 0.233, idt 0.587) | D_A 0.336 D_B 0.357 | gnorm G 72.55 D 42.03 | lr 6.60e-05
[2026-09-28T15:50:53] step 66850/80000 | G 5.531 (gan 1.559/1.975, cyc 0.250, idt 0.614) | D_A 0.293 D_B 0.344 | gnorm G 65.64 D 34.45 | lr 6.57e-05
[2026-09-28T15:50:55] step 66900/80000 | G 5.301 (gan 1.710/1.668, cyc 0.240, idt 0.597) | D_A 0.282 D_B 0.343 | gnorm G 78.84 D 36.52 | lr 6.55e-05
[2026-09-28T15:50:57] step 66950/80000 | G 5.182 (gan 1.597/1.676, cyc 0.239, idt 0.715) | D_A 0.318 D_B 0.381 | gnorm G 58.37 D 39.06 | lr 6.53e-05
[2026-09-28T15:51:00] step 67000/80000 | G 4.986 (gan 1.659/1.521, cyc 0.226, idt 0.746) | D_A 0.303 D_B 0.338 | gnorm G 45.11 D 33.91 | lr 6.50e-05
[2026-09-28T15:51:02] step 67050/80000 | G 5.533 (gan 1.802/1.780, cyc 0.244, idt 0.697) | D_A 0.249 D_B 0.350 | gnorm G 52.92 D 35.55 | lr 6.48e-05
[2026-09-28T15:51:05] step 67100/80000 | G 5.073 (gan 1.611/1.603, cyc 0.232, idt 0.465) | D_A 0.325 D_B 0.379 | gnorm G 59.83 D 36.64 | lr 6.45e-05
[2026-09-28T15:51:07] step 67150/80000 | G 5.146 (gan 1.644/1.566, cyc 0.242, idt 0.572) | D_A 0.380 D_B 0.344 | gnorm G 56.91 D 39.34 | lr 6.43e-05
[2026-09-28T15:51:09] step 67200/80000 | G 5.054 (gan 1.638/1.570, cyc 0.231, idt 0.673) | D_A 0.313 D_B 0.375 | gnorm G 50.40 D 34.51 | lr 6.40e-05
[2026-09-28T15:51:11] step 67250/80000 | G 4.953 (gan 1.725/1.437, cyc 0.224, idt 0.565) | D_A 0.363 D_B 0.354 | gnorm G 55.46 D 37.98 | lr 6.38e-05
[2026-09-28T15:51:13] step 67300/80000 | G 5.454 (gan 1.791/1.667, cyc 0.249, idt 0.521) | D_A 0.340 D_B 0.291 | gnorm G 65.87 D 34.27 | lr 6.35e-05
[2026-09-28T15:51:15] step 67350/80000 | G 5.158 (gan 1.729/1.537, cyc 0.237, idt 0.651) | D_A 0.302 D_B 0.374 | gnorm G 58.78 D 37.86 | lr 6.33e-05
[2026-09-28T15:51:18] step 67400/80000 | G 5.074 (gan 1.564/1.608, cyc 0.238, idt 0.682) | D_A 0.331 D_B 0.334 | gnorm G 58.86 D 34.41 | lr 6.30e-05
[2026-09-28T15:51:20] step 67450/80000 | G 5.370 (gan 1.741/1.626, cyc 0.250, idt 0.510) | D_A 0.293 D_B 0.394 | gnorm G 61.45 D 32.86 | lr 6.27e-05
[2026-09-28T15:51:22] step 67500/80000 | G 4.790 (gan 1.614/1.404, cyc 0.221, idt 0.667) | D_A 0.320 D_B 0.361 | gnorm G 46.44 D 31.44 | lr 6.25e-05
[2026-09-28T15:51:24] step 67550/80000 | G 5.070 (gan 1.569/1.628, cyc 0.234, idt 0.604) | D_A 0.298 D_B 0.347 | gnorm G 49.96 D 33.66 | lr 6.23e-05
[2026-09-28T15:51:26] step 67600/80000 | G 5.029 (gan 1.740/1.429, cyc 0.233, idt 0.568) | D_A 0.343 D_B 0.320 | gnorm G 60.38 D 35.28 | lr 6.20e-05
[2026-09-28T15:51:29] step 67650/80000 | G 5.173 (gan 1.687/1.521, cyc 0.246, idt 0.590) | D_A 0.330 D_B 0.363 | gnorm G 52.98 D 37.21 | lr 6.17e-05
[2026-09-28T15:51:31] step 67700/80000 | G 5.134 (gan 1.634/1.540, cyc 0.245, idt 0.602) | D_A 0.315 D_B 0.384 | gnorm G 67.98 D 36.64 | lr 6.15e-05
[2026-09-28T15:51:33] step 67750/80000 | G 5.173 (gan 1.547/1.675, cyc 0.244, idt 0.440) | D_A 0.292 D_B 0.355 | gnorm G 56.92 D 34.39 | lr 6.13e-05
[2026-09-28T15:51:35] step 67800/80000 | G 5.370 (gan 1.823/1.583, cyc 0.245, idt 0.504) | D_A 0.273 D_B 0.337 | gnorm G 57.59 D 33.57 | lr 6.10e-05
[2026-09-28T15:51:37] step 67850/80000 | G 4.996 (gan 1.744/1.427, cyc 0.228, idt 0.612) | D_A 0.271 D_B 0.343 | gnorm G 48.22 D 32.17 | lr 6.07e-05
[2026-09-28T15:51:40] step 67900/80000 | G 5.087 (gan 1.639/1.517, cyc 0.241, idt 0.613) | D_A 0.318 D_B 0.335 | gnorm G 54.76 D 37.03 | lr 6.05e-05
[2026-09-28T15:51:42] step 67950/80000 | G 4.989 (gan 1.533/1.539, cyc 0.240, idt 0.507) | D_A 0.338 D_B 0.340 | gnorm G 56.97 D 34.18 | lr 6.03e-05
[2026-09-28T15:51:44] step 68000/80000 | G 5.328 (gan 1.849/1.500, cyc 0.247, idt 0.721) | D_A 0.332 D_B 0.304 | gnorm G 64.17 D 35.97 | lr 6.00e-05
[2026-09-28T15:51:47] step 68050/80000 | G 5.493 (gan 1.848/1.667, cyc 0.247, idt 0.577) | D_A 0.309 D_B 0.329 | gnorm G 58.37 D 35.28 | lr 5.97e-05
[2026-09-28T15:51:49] step 68100/80000 | G 5.508 (gan 1.717/1.768, cyc 0.253, idt 0.498) | D_A 0.344 D_B 0.355 | gnorm G 71.79 D 38.64 | lr 5.95e-05
[2026-09-28T15:51:51] step 68150/80000 | G 4.967 (gan 1.537/1.596, cyc 0.229, idt 0.438) | D_A 0.329 D_B 0.412 | gnorm G 68.63 D 40.62 | lr 5.93e-05
[2026-09-28T15:51:54] step 68200/80000 | G 5.021 (gan 1.620/1.567, cyc 0.229, idt 0.634) | D_A 0.351 D_B 0.323 | gnorm G 56.24 D 34.22 | lr 5.90e-05
[2026-09-28T15:51:56] step 68250/80000 | G 5.333 (gan 1.656/1.723, cyc 0.244, idt 0.786) | D_A 0.300 D_B 0.368 | gnorm G 57.12 D 39.85 | lr 5.87e-05
[2026-09-28T15:51:58] step 68300/80000 | G 5.238 (gan 1.699/1.588, cyc 0.244, idt 0.586) | D_A 0.336 D_B 0.326 | gnorm G 67.19 D 34.27 | lr 5.85e-05
[2026-09-28T15:52:00] step 68350/80000 | G 5.596 (gan 1.846/1.746, cyc 0.250, idt 0.703) | D_A 0.259 D_B 0.308 | gnorm G 77.90 D 31.45 | lr 5.83e-05
[2026-09-28T15:52:02] step 68400/80000 | G 5.230 (gan 1.698/1.671, cyc 0.232, idt 0.989) | D_A 0.315 D_B 0.377 | gnorm G 69.00 D 32.16 | lr 5.80e-05
[2026-09-28T15:52:04] step 68450/80000 | G 5.040 (gan 1.612/1.519, cyc 0.239, idt 0.578) | D_A 0.274 D_B 0.370 | gnorm G 49.61 D 34.37 | lr 5.77e-05
[2026-09-28T15:52:07] step 68500/80000 | G 5.259 (gan 1.661/1.687, cyc 0.239, idt 0.577) | D_A 0.280 D_B 0.359 | gnorm G 49.74 D 33.32 | lr 5.75e-05
[2026-09-28T15:52:09] step 68550/80000 | G 5.287 (gan 1.723/1.644, cyc 0.240, idt 0.563) | D_A 0.298 D_B 0.306 | gnorm G 60.93 D 33.14 | lr 5.73e-05
[2026-09-28T15:52:11] step 68600/80000 | G 5.370 (gan 1.605/1.758, cyc 0.251, idt 0.648) | D_A 0.290 D_B 0.379 | gnorm G 58.56 D 39.21 | lr 5.70e-05
[2026-09-28T15:52:13] step 68650/80000 | G 5.483 (gan 1.790/1.789, cyc 0.238, idt 0.668) | D_A 0.321 D_B 0.293 | gnorm G 61.83 D 32.93 | lr 5.67e-05
[2026-09-28T15:52:16] step 68700/80000 | G 5.667 (gan 1.822/1.844, cyc 0.250, idt 0.709) | D_A 0.272 D_B 0.314 | gnorm G 72.59 D 37.80 | lr 5.65e-05
[2026-09-28T15:52:18] step 68750/80000 | G 5.295 (gan 1.600/1.719, cyc 0.247, idt 0.731) | D_A 0.333 D_B 0.389 | gnorm G 66.56 D 40.61 | lr 5.63e-05
[2026-09-28T15:52:20] step 68800/80000 | G 5.333 (gan 1.739/1.609, cyc 0.248, idt 0.820) | D_A 0.286 D_B 0.321 | gnorm G 48.93 D 33.61 | lr 5.60e-05
[2026-09-28T15:52:23] step 68850/80000 | G 5.450 (gan 1.730/1.710, cyc 0.251, idt 0.471) | D_A 0.301 D_B 0.354 | gnorm G 54.47 D 36.74 | lr 5.58e-05
[2026-09-28T15:52:25] step 68900/80000 | G 5.311 (gan 1.798/1.555, cyc 0.245, idt 0.844) | D_A 0.314 D_B 0.320 | gnorm G 54.69 D 33.88 | lr 5.55e-05
[2026-09-28T15:52:28] step 68950/80000 | G 5.137 (gan 1.605/1.621, cyc 0.239, idt 0.730) | D_A 0.320 D_B 0.332 | gnorm G 51.87 D 37.30 | lr 5.53e-05
[2026-09-28T15:52:30] step 69000/80000 | G 5.176 (gan 1.636/1.679, cyc 0.233, idt 0.521) | D_A 0.283 D_B 0.361 | gnorm G 57.38 D 36.25 | lr 5.50e-05
[2026-09-28T15:52:33] step 69050/80000 | G 5.546 (gan 1.788/1.776, cyc 0.248, idt 0.574) | D_A 0.249 D_B 0.316 | gnorm G 56.38 D 32.12 | lr 5.48e-05
[2026-09-28T15:52:36] step 69100/80000 | G 5.259 (gan 1.482/1.865, cyc 0.239, idt 0.610) | D_A 0.258 D_B 0.383 | gnorm G 46.31 D 33.96 | lr 5.45e-05
[2026-09-28T15:52:39] step 69150/80000 | G 5.637 (gan 1.778/1.883, cyc 0.247, idt 0.462) | D_A 0.251 D_B 0.327 | gnorm G 51.40 D 33.30 | lr 5.43e-05
[2026-09-28T15:52:41] step 69200/80000 | G 5.086 (gan 1.623/1.594, cyc 0.234, idt 0.553) | D_A 0.327 D_B 0.379 | gnorm G 53.15 D 36.81 | lr 5.40e-05
[2026-09-28T15:52:43] step 69250/80000 | G 5.402 (gan 1.674/1.816, cyc 0.239, idt 1.170) | D_A 0.313 D_B 0.339 | gnorm G 62.81 D 39.88 | lr 5.38e-05
[2026-09-28T15:52:46] step 69300/80000 | G 5.105 (gan 1.512/1.713, cyc 0.235, idt 0.688) | D_A 0.326 D_B 0.423 | gnorm G 61.04 D 41.76 | lr 5.35e-05
[2026-09-28T15:52:48] step 69350/80000 | G 5.221 (gan 1.798/1.535, cyc 0.236, idt 0.577) | D_A 0.355 D_B 0.337 | gnorm G 46.33 D 39.63 | lr 5.33e-05
[2026-09-28T15:52:50] step 69400/80000 | G 5.332 (gan 1.763/1.714, cyc 0.232, idt 0.648) | D_A 0.298 D_B 0.348 | gnorm G 58.92 D 36.87 | lr 5.30e-05
[2026-09-28T15:52:53] step 69450/80000 | G 5.179 (gan 1.595/1.730, cyc 0.232, idt 0.508) | D_A 0.295 D_B 0.368 | gnorm G 63.10 D 41.79 | lr 5.28e-05
[2026-09-28T15:52:55] step 69500/80000 | G 5.435 (gan 1.860/1.599, cyc 0.247, idt 0.673) | D_A 0.277 D_B 0.312 | gnorm G 49.19 D 34.15 | lr 5.25e-05
[2026-09-28T15:52:58] step 69550/80000 | G 5.393 (gan 1.763/1.687, cyc 0.243, idt 0.829) | D_A 0.288 D_B 0.311 | gnorm G 54.79 D 34.57 | lr 5.22e-05
[2026-09-28T15:53:00] step 69600/80000 | G 5.297 (gan 1.698/1.708, cyc 0.236, idt 0.922) | D_A 0.294 D_B 0.348 | gnorm G 54.74 D 36.58 | lr 5.20e-05
[2026-09-28T15:53:02] step 69650/80000 | G 5.122 (gan 1.605/1.610, cyc 0.238, idt 0.573) | D_A 0.309 D_B 0.361 | gnorm G 55.14 D 37.63 | lr 5.18e-05
[2026-09-28T15:53:05] step 69700/80000 | G 4.944 (gan 1.666/1.404, cyc 0.234, idt 0.472) | D_A 0.344 D_B 0.329 | gnorm G 47.03 D 34.08 | lr 5.15e-05
[2026-09-28T15:53:07] step 69750/80000 | G 5.276 (gan 1.820/1.576, cyc 0.235, idt 0.815) | D_A 0.312 D_B 0.372 | gnorm G 53.22 D 40.04 | lr 5.12e-05
[2026-09-28T15:53:09] step 69800/80000 | G 5.479 (gan 1.751/1.824, cyc 0.238, idt 0.686) | D_A 0.217 D_B 0.373 | gnorm G 57.83 D 33.82 | lr 5.10e-05
[2026-09-28T15:53:12] step 69850/80000 | G 5.110 (gan 1.569/1.661, cyc 0.235, idt 0.520) | D_A 0.290 D_B 0.381 | gnorm G 56.19 D 37.59 | lr 5.08e-05
[2026-09-28T15:53:14] step 69900/80000 | G 5.188 (gan 1.624/1.722, cyc 0.230, idt 0.688) | D_A 0.265 D_B 0.358 | gnorm G 49.14 D 33.81 | lr 5.05e-05
[2026-09-28T15:53:17] step 69950/80000 | G 5.250 (gan 1.589/1.714, cyc 0.243, idt 0.628) | D_A 0.279 D_B 0.318 | gnorm G 58.91 D 33.56 | lr 5.02e-05
[2026-09-28T15:53:19] step 70000/80000 | G 5.116 (gan 1.565/1.639, cyc 0.239, idt 0.514) | D_A 0.293 D_B 0.374 | gnorm G 68.50 D 35.60 | lr 5.00e-05
[2026-09-28T15:53:22] step 70050/80000 | G 5.142 (gan 1.698/1.521, cyc 0.240, idt 0.584) | D_A 0.319 D_B 0.339 | gnorm G 65.62 D 37.39 | lr 4.98e-05
[2026-09-28T15:53:25] step 70100/80000 | G 5.462 (gan 1.742/1.852, cyc 0.234, idt 0.736) | D_A 0.333 D_B 0.338 | gnorm G 57.95 D 33.51 | lr 4.95e-05
[2026-09-28T15:53:27] step 70150/80000 | G 5.243 (gan 1.766/1.613, cyc 0.233, idt 0.717) | D_A 0.290 D_B 0.310 | gnorm G 51.63 D 33.10 | lr 4.92e-05
[2026-09-28T15:53:29] step 70200/80000 | G 5.237 (gan 1.709/1.608, cyc 0.240, idt 0.753) | D_A 0.357 D_B 0.317 | gnorm G 51.30 D 42.13 | lr 4.90e-05
[2026-09-28T15:53:32] step 70250/80000 | G 5.427 (gan 1.766/1.717, cyc 0.243, idt 0.334) | D_A 0.240 D_B 0.335 | gnorm G 51.91 D 34.41 | lr 4.88e-05
[2026-09-28T15:53:34] step 70300/80000 | G 5.117 (gan 1.634/1.580, cyc 0.238, idt 0.728) | D_A 0.344 D_B 0.336 | gnorm G 59.48 D 39.18 | lr 4.85e-05
[2026-09-28T15:53:37] step 70350/80000 | G 5.224 (gan 1.685/1.635, cyc 0.238, idt 0.562) | D_A 0.309 D_B 0.333 | gnorm G 56.48 D 36.72 | lr 4.82e-05
[2026-09-28T15:53:39] step 70400/80000 | G 5.208 (gan 1.731/1.539, cyc 0.242, idt 0.711) | D_A 0.339 D_B 0.314 | gnorm G 57.95 D 37.26 | lr 4.80e-05
[2026-09-28T15:53:41] step 70450/80000 | G 5.547 (gan 1.753/1.787, cyc 0.251, idt 0.526) | D_A 0.318 D_B 0.340 | gnorm G 59.50 D 35.05 | lr 4.78e-05
[2026-09-28T15:53:44] step 70500/80000 | G 5.372 (gan 1.594/1.857, cyc 0.240, idt 0.735) | D_A 0.292 D_B 0.395 | gnorm G 71.07 D 40.93 | lr 4.75e-05
[2026-09-28T15:53:46] step 70550/80000 | G 5.236 (gan 1.680/1.664, cyc 0.237, idt 0.502) | D_A 0.235 D_B 0.355 | gnorm G 50.00 D 34.71 | lr 4.72e-05
[2026-09-28T15:53:49] step 70600/80000 | G 5.178 (gan 1.621/1.655, cyc 0.238, idt 0.590) | D_A 0.284 D_B 0.352 | gnorm G 51.53 D 34.49 | lr 4.70e-05
[2026-09-28T15:53:51] step 70650/80000 | G 5.276 (gan 1.704/1.621, cyc 0.244, idt 0.664) | D_A 0.274 D_B 0.342 | gnorm G 59.70 D 37.86 | lr 4.68e-05
[2026-09-28T15:53:53] step 70700/80000 | G 5.079 (gan 1.650/1.537, cyc 0.236, idt 0.539) | D_A 0.338 D_B 0.340 | gnorm G 48.26 D 36.92 | lr 4.65e-05
[2026-09-28T15:53:56] step 70750/80000 | G 5.104 (gan 1.678/1.573, cyc 0.232, idt 0.858) | D_A 0.326 D_B 0.308 | gnorm G 52.43 D 35.51 | lr 4.62e-05
[2026-09-28T15:53:58] step 70800/80000 | G 5.205 (gan 1.600/1.738, cyc 0.233, idt 0.505) | D_A 0.301 D_B 0.359 | gnorm G 48.25 D 38.76 | lr 4.60e-05
[2026-09-28T15:54:01] step 70850/80000 | G 5.333 (gan 1.605/1.798, cyc 0.241, idt 0.432) | D_A 0.268 D_B 0.376 | gnorm G 58.51 D 36.18 | lr 4.58e-05
[2026-09-28T15:54:03] step 70900/80000 | G 5.374 (gan 1.814/1.718, cyc 0.230, idt 0.696) | D_A 0.329 D_B 0.342 | gnorm G 70.97 D 40.17 | lr 4.55e-05
[2026-09-28T15:54:05] step 70950/80000 | G 4.916 (gan 1.718/1.373, cyc 0.228, idt 0.619) | D_A 0.365 D_B 0.299 | gnorm G 65.32 D 34.60 | lr 4.52e-05
[2026-09-28T15:54:08] step 71000/80000 | G 5.060 (gan 1.580/1.586, cyc 0.237, idt 0.709) | D_A 0.309 D_B 0.323 | gnorm G 58.46 D 37.03 | lr 4.50e-05
[2026-09-28T15:54:11] step 71050/80000 | G 5.082 (gan 1.557/1.597, cyc 0.241, idt 0.549) | D_A 0.281 D_B 0.430 | gnorm G 58.66 D 41.24 | lr 4.48e-05
[2026-09-28T15:54:14] step 71100/80000 | G 5.274 (gan 1.700/1.595, cyc 0.247, idt 0.455) | D_A 0.346 D_B 0.324 | gnorm G 59.66 D 38.68 | lr 4.45e-05
[2026-09-28T15:54:16] step 71150/80000 | G 5.053 (gan 1.633/1.547, cyc 0.234, idt 0.565) | D_A 0.336 D_B 0.364 | gnorm G 54.92 D 36.85 | lr 4.42e-05
[2026-09-28T15:54:18] step 71200/80000 | G 5.195 (gan 1.800/1.517, cyc 0.235, idt 0.940) | D_A 0.308 D_B 0.309 | gnorm G 48.27 D 32.07 | lr 4.40e-05
[2026-09-28T15:54:21] step 71250/80000 | G 5.482 (gan 1.906/1.621, cyc 0.244, idt 0.676) | D_A 0.295 D_B 0.317 | gnorm G 54.79 D 36.24 | lr 4.37e-05
[2026-09-28T15:54:23] step 71300/80000 | G 5.286 (gan 1.683/1.659, cyc 0.243, idt 0.869) | D_A 0.342 D_B 0.399 | gnorm G 57.13 D 42.17 | lr 4.35e-05
[2026-09-28T15:54:26] step 71350/80000 | G 5.172 (gan 1.579/1.650, cyc 0.243, idt 0.822) | D_A 0.282 D_B 0.320 | gnorm G 51.08 D 35.50 | lr 4.33e-05
[2026-09-28T15:54:28] step 71400/80000 | G 5.336 (gan 1.649/1.744, cyc 0.243, idt 0.545) | D_A 0.321 D_B 0.355 | gnorm G 54.11 D 35.66 | lr 4.30e-05
[2026-09-28T15:54:30] step 71450/80000 | G 4.817 (gan 1.573/1.427, cyc 0.227, idt 0.485) | D_A 0.357 D_B 0.376 | gnorm G 54.61 D 38.18 | lr 4.28e-05
[2026-09-28T15:54:33] step 71500/80000 | G 5.311 (gan 1.749/1.566, cyc 0.250, idt 0.649) | D_A 0.302 D_B 0.306 | gnorm G 62.89 D 35.04 | lr 4.25e-05
[2026-09-28T15:54:35] step 71550/80000 | G 5.378 (gan 1.671/1.714, cyc 0.249, idt 0.594) | D_A 0.313 D_B 0.318 | gnorm G 49.08 D 36.09 | lr 4.23e-05
[2026-09-28T15:54:38] step 71600/80000 | G 5.305 (gan 1.705/1.707, cyc 0.237, idt 0.505) | D_A 0.279 D_B 0.353 | gnorm G 51.12 D 36.53 | lr 4.20e-05
[2026-09-28T15:54:40] step 71650/80000 | G 5.167 (gan 1.531/1.727, cyc 0.239, idt 0.615) | D_A 0.278 D_B 0.394 | gnorm G 53.42 D 36.77 | lr 4.17e-05
[2026-09-28T15:54:42] step 71700/80000 | G 5.543 (gan 1.685/1.845, cyc 0.252, idt 0.775) | D_A 0.271 D_B 0.300 | gnorm G 65.84 D 34.55 | lr 4.15e-05
[2026-09-28T15:54:45] step 71750/80000 | G 5.442 (gan 1.765/1.684, cyc 0.249, idt 0.691) | D_A 0.259 D_B 0.344 | gnorm G 64.08 D 31.52 | lr 4.13e-05
[2026-09-28T15:54:47] step 71800/80000 | G 5.207 (gan 1.675/1.612, cyc 0.240, idt 0.652) | D_A 0.313 D_B 0.318 | gnorm G 61.19 D 35.01 | lr 4.10e-05
[2026-09-28T15:54:50] step 71850/80000 | G 5.106 (gan 1.756/1.538, cyc 0.226, idt 0.614) | D_A 0.316 D_B 0.321 | gnorm G 60.70 D 38.54 | lr 4.08e-05
[2026-09-28T15:54:52] step 71900/80000 | G 5.253 (gan 1.685/1.619, cyc 0.244, idt 0.641) | D_A 0.315 D_B 0.309 | gnorm G 57.41 D 35.18 | lr 4.05e-05
[2026-09-28T15:54:54] step 71950/80000 | G 5.206 (gan 1.722/1.582, cyc 0.238, idt 0.544) | D_A 0.335 D_B 0.348 | gnorm G 54.39 D 39.74 | lr 4.03e-05
[2026-09-28T15:54:57] step 72000/80000 | G 5.050 (gan 1.616/1.560, cyc 0.234, idt 0.617) | D_A 0.322 D_B 0.362 | gnorm G 50.52 D 35.20 | lr 4.00e-05
[2026-09-28T15:55:00] step 72050/80000 | G 5.121 (gan 1.770/1.524, cyc 0.228, idt 0.514) | D_A 0.344 D_B 0.308 | gnorm G 52.39 D 37.04 | lr 3.97e-05
[2026-09-28T15:55:02] step 72100/80000 | G 5.111 (gan 1.621/1.628, cyc 0.233, idt 0.513) | D_A 0.306 D_B 0.341 | gnorm G 56.87 D 36.39 | lr 3.95e-05
[2026-09-28T15:55:04] step 72150/80000 | G 4.969 (gan 1.626/1.473, cyc 0.234, idt 0.569) | D_A 0.349 D_B 0.352 | gnorm G 57.20 D 38.95 | lr 3.93e-05
[2026-09-28T15:55:07] step 72200/80000 | G 5.005 (gan 1.606/1.498, cyc 0.238, idt 0.573) | D_A 0.344 D_B 0.358 | gnorm G 56.67 D 36.39 | lr 3.90e-05
[2026-09-28T15:55:09] step 72250/80000 | G 5.277 (gan 1.686/1.668, cyc 0.240, idt 0.578) | D_A 0.295 D_B 0.356 | gnorm G 58.02 D 39.16 | lr 3.87e-05
[2026-09-28T15:55:12] step 72300/80000 | G 5.382 (gan 1.796/1.651, cyc 0.242, idt 0.712) | D_A 0.358 D_B 0.331 | gnorm G 55.60 D 41.96 | lr 3.85e-05
[2026-09-28T15:55:14] step 72350/80000 | G 4.933 (gan 1.637/1.444, cyc 0.231, idt 0.533) | D_A 0.389 D_B 0.338 | gnorm G 52.86 D 38.74 | lr 3.83e-05
[2026-09-28T15:55:17] step 72400/80000 | G 5.521 (gan 1.823/1.765, cyc 0.242, idt 0.683) | D_A 0.291 D_B 0.311 | gnorm G 52.70 D 34.45 | lr 3.80e-05
[2026-09-28T15:55:19] step 72450/80000 | G 5.570 (gan 1.854/1.714, cyc 0.250, idt 0.475) | D_A 0.288 D_B 0.343 | gnorm G 62.08 D 36.00 | lr 3.77e-05
[2026-09-28T15:55:22] step 72500/80000 | G 5.417 (gan 1.612/1.767, cyc 0.255, idt 0.558) | D_A 0.337 D_B 0.329 | gnorm G 56.52 D 39.77 | lr 3.75e-05
[2026-09-28T15:55:24] step 72550/80000 | G 5.192 (gan 1.702/1.626, cyc 0.233, idt 0.396) | D_A 0.281 D_B 0.326 | gnorm G 47.13 D 36.39 | lr 3.73e-05
[2026-09-28T15:55:26] step 72600/80000 | G 5.064 (gan 1.617/1.576, cyc 0.234, idt 0.584) | D_A 0.284 D_B 0.347 | gnorm G 50.00 D 37.71 | lr 3.70e-05
[2026-09-28T15:55:29] step 72650/80000 | G 5.205 (gan 1.757/1.508, cyc 0.242, idt 0.563) | D_A 0.324 D_B 0.316 | gnorm G 50.30 D 36.88 | lr 3.67e-05
[2026-09-28T15:55:31] step 72700/80000 | G 5.032 (gan 1.614/1.528, cyc 0.236, idt 0.401) | D_A 0.321 D_B 0.321 | gnorm G 53.28 D 34.77 | lr 3.65e-05
[2026-09-28T15:55:34] step 72750/80000 | G 5.457 (gan 1.670/1.869, cyc 0.240, idt 1.014) | D_A 0.304 D_B 0.316 | gnorm G 58.05 D 34.68 | lr 3.63e-05
[2026-09-28T15:55:36] step 72800/80000 | G 5.196 (gan 1.716/1.514, cyc 0.246, idt 0.476) | D_A 0.309 D_B 0.333 | gnorm G 49.86 D 37.71 | lr 3.60e-05
[2026-09-28T15:55:39] step 72850/80000 | G 5.477 (gan 1.793/1.643, cyc 0.255, idt 0.579) | D_A 0.295 D_B 0.315 | gnorm G 48.86 D 34.91 | lr 3.57e-05
[2026-09-28T15:55:41] step 72900/80000 | G 5.262 (gan 1.816/1.548, cyc 0.237, idt 0.594) | D_A 0.324 D_B 0.339 | gnorm G 48.72 D 36.60 | lr 3.55e-05
[2026-09-28T15:55:44] step 72950/80000 | G 5.098 (gan 1.700/1.526, cyc 0.234, idt 0.629) | D_A 0.331 D_B 0.334 | gnorm G 55.16 D 38.31 | lr 3.53e-05
[2026-09-28T15:55:46] step 73000/80000 | G 4.929 (gan 1.649/1.440, cyc 0.230, idt 0.682) | D_A 0.319 D_B 0.354 | gnorm G 49.07 D 38.90 | lr 3.50e-05
[2026-09-28T15:55:50] step 73050/80000 | G 5.059 (gan 1.632/1.574, cyc 0.232, idt 0.593) | D_A 0.301 D_B 0.327 | gnorm G 53.21 D 38.00 | lr 3.47e-05
[2026-09-28T15:55:52] step 73100/80000 | G 5.487 (gan 1.887/1.614, cyc 0.248, idt 0.663) | D_A 0.327 D_B 0.294 | gnorm G 52.71 D 35.09 | lr 3.45e-05
[2026-09-28T15:55:55] step 73150/80000 | G 5.405 (gan 1.768/1.704, cyc 0.242, idt 0.502) | D_A 0.279 D_B 0.310 | gnorm G 55.07 D 35.44 | lr 3.43e-05
[2026-09-28T15:55:57] step 73200/80000 | G 5.172 (gan 1.712/1.557, cyc 0.238, idt 0.596) | D_A 0.347 D_B 0.329 | gnorm G 51.69 D 38.50 | lr 3.40e-05
[2026-09-28T15:55:59] step 73250/80000 | G 5.013 (gan 1.746/1.411, cyc 0.232, idt 0.443) | D_A 0.312 D_B 0.329 | gnorm G 45.66 D 36.90 | lr 3.37e-05
[2026-09-28T15:56:02] step 73300/80000 | G 5.047 (gan 1.620/1.592, cyc 0.229, idt 0.497) | D_A 0.308 D_B 0.389 | gnorm G 48.65 D 36.45 | lr 3.35e-05
[2026-09-28T15:56:04] step 73350/80000 | G 5.336 (gan 1.668/1.745, cyc 0.240, idt 0.513) | D_A 0.240 D_B 0.328 | gnorm G 46.05 D 33.07 | lr 3.33e-05
[2026-09-28T15:56:07] step 73400/80000 | G 5.550 (gan 1.677/1.898, cyc 0.247, idt 0.518) | D_A 0.293 D_B 0.355 | gnorm G 60.06 D 42.88 | lr 3.30e-05
[2026-09-28T15:56:09] step 73450/80000 | G 5.567 (gan 1.659/1.861, cyc 0.256, idt 0.557) | D_A 0.262 D_B 0.347 | gnorm G 54.92 D 36.88 | lr 3.27e-05
[2026-09-28T15:56:11] step 73500/80000 | G 5.751 (gan 1.805/1.885, cyc 0.258, idt 0.481) | D_A 0.297 D_B 0.334 | gnorm G 59.74 D 40.16 | lr 3.25e-05
[2026-09-28T15:56:14] step 73550/80000 | G 5.473 (gan 1.734/1.692, cyc 0.256, idt 0.499) | D_A 0.294 D_B 0.328 | gnorm G 57.90 D 36.51 | lr 3.23e-05
[2026-09-28T15:56:16] step 73600/80000 | G 5.529 (gan 1.801/1.735, cyc 0.249, idt 0.849) | D_A 0.349 D_B 0.296 | gnorm G 60.46 D 36.57 | lr 3.20e-05
[2026-09-28T15:56:18] step 73650/80000 | G 5.754 (gan 1.877/1.837, cyc 0.255, idt 0.751) | D_A 0.285 D_B 0.278 | gnorm G 52.69 D 31.61 | lr 3.17e-05
[2026-09-28T15:56:21] step 73700/80000 | G 5.583 (gan 1.740/1.874, cyc 0.246, idt 0.455) | D_A 0.265 D_B 0.327 | gnorm G 50.01 D 34.58 | lr 3.15e-05
[2026-09-28T15:56:23] step 73750/80000 | G 5.517 (gan 1.782/1.727, cyc 0.251, idt 0.596) | D_A 0.296 D_B 0.309 | gnorm G 52.11 D 33.14 | lr 3.13e-05
[2026-09-28T15:56:26] step 73800/80000 | G 5.550 (gan 1.696/1.881, cyc 0.247, idt 0.899) | D_A 0.274 D_B 0.336 | gnorm G 54.09 D 31.93 | lr 3.10e-05
[2026-09-28T15:56:28] step 73850/80000 | G 5.029 (gan 1.555/1.616, cyc 0.232, idt 0.681) | D_A 0.276 D_B 0.374 | gnorm G 44.22 D 38.81 | lr 3.08e-05
[2026-09-28T15:56:30] step 73900/80000 | G 5.365 (gan 1.871/1.629, cyc 0.233, idt 0.488) | D_A 0.266 D_B 0.283 | gnorm G 44.61 D 31.25 | lr 3.05e-05
[2026-09-28T15:56:33] step 73950/80000 | G 5.281 (gan 1.821/1.532, cyc 0.241, idt 0.961) | D_A 0.349 D_B 0.322 | gnorm G 45.50 D 39.34 | lr 3.03e-05
[2026-09-28T15:56:35] step 74000/80000 | G 5.400 (gan 1.853/1.613, cyc 0.242, idt 0.655) | D_A 0.292 D_B 0.310 | gnorm G 53.26 D 40.52 | lr 3.00e-05
[2026-09-28T15:56:38] step 74050/80000 | G 5.249 (gan 1.738/1.594, cyc 0.240, idt 0.707) | D_A 0.322 D_B 0.346 | gnorm G 52.81 D 35.49 | lr 2.98e-05
[2026-09-28T15:56:41] step 74100/80000 | G 5.187 (gan 1.762/1.496, cyc 0.241, idt 0.714) | D_A 0.325 D_B 0.306 | gnorm G 52.15 D 40.01 | lr 2.95e-05
[2026-09-28T15:56:43] step 74150/80000 | G 5.474 (gan 1.747/1.765, cyc 0.245, idt 0.694) | D_A 0.306 D_B 0.280 | gnorm G 53.38 D 33.28 | lr 2.92e-05
[2026-09-28T15:56:45] step 74200/80000 | G 5.327 (gan 1.770/1.635, cyc 0.240, idt 0.587) | D_A 0.301 D_B 0.328 | gnorm G 48.23 D 35.46 | lr 2.90e-05
[2026-09-28T15:56:48] step 74250/80000 | G 5.589 (gan 1.823/1.751, cyc 0.252, idt 0.351) | D_A 0.268 D_B 0.317 | gnorm G 53.72 D 37.87 | lr 2.88e-05
[2026-09-28T15:56:50] step 74300/80000 | G 5.255 (gan 1.673/1.626, cyc 0.244, idt 0.568) | D_A 0.312 D_B 0.343 | gnorm G 55.33 D 39.06 | lr 2.85e-05
[2026-09-28T15:56:53] step 74350/80000 | G 5.608 (gan 1.615/1.924, cyc 0.259, idt 0.655) | D_A 0.233 D_B 0.333 | gnorm G 56.79 D 32.68 | lr 2.82e-05
[2026-09-28T15:56:55] step 74400/80000 | G 5.260 (gan 1.780/1.638, cyc 0.230, idt 0.778) | D_A 0.314 D_B 0.360 | gnorm G 53.80 D 38.36 | lr 2.80e-05
[2026-09-28T15:56:57] step 74450/80000 | G 5.025 (gan 1.705/1.467, cyc 0.232, idt 0.655) | D_A 0.298 D_B 0.301 | gnorm G 46.15 D 33.18 | lr 2.78e-05
[2026-09-28T15:57:00] step 74500/80000 | G 5.292 (gan 1.796/1.565, cyc 0.241, idt 0.488) | D_A 0.288 D_B 0.335 | gnorm G 51.21 D 35.36 | lr 2.75e-05
[2026-09-28T15:57:02] step 74550/80000 | G 5.422 (gan 1.672/1.741, cyc 0.251, idt 0.587) | D_A 0.274 D_B 0.325 | gnorm G 51.47 D 33.09 | lr 2.72e-05
[2026-09-28T15:57:04] step 74600/80000 | G 5.207 (gan 1.651/1.593, cyc 0.245, idt 0.577) | D_A 0.305 D_B 0.335 | gnorm G 51.81 D 37.54 | lr 2.70e-05
[2026-09-28T15:57:07] step 74650/80000 | G 5.500 (gan 1.770/1.671, cyc 0.257, idt 0.672) | D_A 0.302 D_B 0.271 | gnorm G 48.59 D 31.92 | lr 2.68e-05
[2026-09-28T15:57:09] step 74700/80000 | G 5.293 (gan 1.635/1.749, cyc 0.239, idt 0.606) | D_A 0.287 D_B 0.362 | gnorm G 47.86 D 35.03 | lr 2.65e-05
[2026-09-28T15:57:12] step 74750/80000 | G 5.357 (gan 1.688/1.785, cyc 0.235, idt 0.507) | D_A 0.242 D_B 0.379 | gnorm G 54.10 D 35.68 | lr 2.62e-05
[2026-09-28T15:57:14] step 74800/80000 | G 5.100 (gan 1.744/1.519, cyc 0.230, idt 0.535) | D_A 0.249 D_B 0.299 | gnorm G 52.77 D 30.41 | lr 2.60e-05
[2026-09-28T15:57:16] step 74850/80000 | G 5.398 (gan 1.704/1.753, cyc 0.243, idt 0.878) | D_A 0.308 D_B 0.354 | gnorm G 51.59 D 39.22 | lr 2.58e-05
[2026-09-28T15:57:19] step 74900/80000 | G 5.609 (gan 1.714/1.984, cyc 0.239, idt 0.458) | D_A 0.256 D_B 0.331 | gnorm G 53.47 D 37.42 | lr 2.55e-05
[2026-09-28T15:57:21] step 74950/80000 | G 5.547 (gan 1.798/1.772, cyc 0.247, idt 0.771) | D_A 0.274 D_B 0.321 | gnorm G 53.58 D 37.64 | lr 2.52e-05
[2026-09-28T15:57:23] step 75000/80000 | G 5.310 (gan 1.765/1.705, cyc 0.230, idt 0.688) | D_A 0.300 D_B 0.314 | gnorm G 60.54 D 35.03 | lr 2.50e-05
[2026-09-28T15:57:27] step 75050/80000 | G 5.263 (gan 1.817/1.584, cyc 0.233, idt 0.502) | D_A 0.379 D_B 0.317 | gnorm G 51.25 D 36.97 | lr 2.48e-05
[2026-09-28T15:57:29] step 75100/80000 | G 5.349 (gan 1.605/1.783, cyc 0.245, idt 0.504) | D_A 0.288 D_B 0.361 | gnorm G 52.44 D 35.41 | lr 2.45e-05
[2026-09-28T15:57:31] step 75150/80000 | G 5.181 (gan 1.642/1.640, cyc 0.237, idt 0.535) | D_A 0.344 D_B 0.323 | gnorm G 51.00 D 37.60 | lr 2.42e-05
[2026-09-28T15:57:34] step 75200/80000 | G 5.636 (gan 1.959/1.693, cyc 0.248, idt 0.635) | D_A 0.329 D_B 0.312 | gnorm G 52.23 D 34.88 | lr 2.40e-05
[2026-09-28T15:57:36] step 75250/80000 | G 5.506 (gan 1.865/1.647, cyc 0.249, idt 0.529) | D_A 0.311 D_B 0.297 | gnorm G 50.18 D 34.51 | lr 2.38e-05
[2026-09-28T15:57:38] step 75300/80000 | G 5.430 (gan 1.689/1.732, cyc 0.251, idt 0.467) | D_A 0.262 D_B 0.347 | gnorm G 49.04 D 34.58 | lr 2.35e-05
[2026-09-28T15:57:41] step 75350/80000 | G 5.441 (gan 1.736/1.739, cyc 0.246, idt 0.630) | D_A 0.265 D_B 0.333 | gnorm G 52.97 D 36.60 | lr 2.32e-05
[2026-09-28T15:57:43] step 75400/80000 | G 5.399 (gan 1.713/1.736, cyc 0.244, idt 0.762) | D_A 0.276 D_B 0.320 | gnorm G 53.53 D 32.98 | lr 2.30e-05
[2026-09-28T15:57:45] step 75450/80000 | G 5.341 (gan 1.802/1.620, cyc 0.240, idt 0.609) | D_A 0.319 D_B 0.347 | gnorm G 56.28 D 39.43 | lr 2.28e-05
[2026-09-28T15:57:48] step 75500/80000 | G 5.281 (gan 1.597/1.679, cyc 0.251, idt 0.831) | D_A 0.332 D_B 0.312 | gnorm G 59.59 D 35.87 | lr 2.25e-05
[2026-09-28T15:57:50] step 75550/80000 | G 5.405 (gan 1.779/1.703, cyc 0.240, idt 0.521) | D_A 0.296 D_B 0.340 | gnorm G 49.10 D 38.38 | lr 2.22e-05
[2026-09-28T15:57:53] step 75600/80000 | G 5.201 (gan 1.601/1.713, cyc 0.236, idt 0.802) | D_A 0.320 D_B 0.363 | gnorm G 49.24 D 37.07 | lr 2.20e-05
[2026-09-28T15:57:55] step 75650/80000 | G 5.275 (gan 1.696/1.716, cyc 0.233, idt 0.477) | D_A 0.292 D_B 0.345 | gnorm G 47.80 D 38.62 | lr 2.18e-05
[2026-09-28T15:57:57] step 75700/80000 | G 5.383 (gan 1.780/1.678, cyc 0.241, idt 0.596) | D_A 0.312 D_B 0.335 | gnorm G 55.75 D 35.72 | lr 2.15e-05
[2026-09-28T15:58:00] step 75750/80000 | G 5.136 (gan 1.632/1.629, cyc 0.234, idt 0.455) | D_A 0.303 D_B 0.323 | gnorm G 53.25 D 38.86 | lr 2.12e-05
[2026-09-28T15:58:02] step 75800/80000 | G 5.323 (gan 1.647/1.793, cyc 0.235, idt 0.663) | D_A 0.306 D_B 0.368 | gnorm G 56.32 D 39.47 | lr 2.10e-05
[2026-09-28T15:58:04] step 75850/80000 | G 4.922 (gan 1.549/1.501, cyc 0.234, idt 0.501) | D_A 0.338 D_B 0.374 | gnorm G 47.14 D 35.70 | lr 2.08e-05
[2026-09-28T15:58:07] step 75900/80000 | G 5.223 (gan 1.658/1.608, cyc 0.245, idt 0.550) | D_A 0.348 D_B 0.346 | gnorm G 51.11 D 41.72 | lr 2.05e-05
[2026-09-28T15:58:09] step 75950/80000 | G 5.345 (gan 1.716/1.648, cyc 0.248, idt 0.600) | D_A 0.290 D_B 0.326 | gnorm G 51.15 D 36.29 | lr 2.02e-05
[2026-09-28T15:58:11] step 76000/80000 | G 5.389 (gan 1.759/1.789, cyc 0.230, idt 0.704) | D_A 0.286 D_B 0.334 | gnorm G 47.95 D 33.89 | lr 2.00e-05
[2026-09-28T15:58:15] step 76050/80000 | G 5.566 (gan 1.786/1.724, cyc 0.257, idt 0.595) | D_A 0.277 D_B 0.313 | gnorm G 50.81 D 35.13 | lr 1.98e-05
[2026-09-28T15:58:17] step 76100/80000 | G 5.094 (gan 1.568/1.662, cyc 0.233, idt 0.735) | D_A 0.307 D_B 0.358 | gnorm G 47.88 D 39.36 | lr 1.95e-05
[2026-09-28T15:58:19] step 76150/80000 | G 5.496 (gan 1.813/1.768, cyc 0.239, idt 0.564) | D_A 0.311 D_B 0.350 | gnorm G 47.99 D 37.09 | lr 1.92e-05
[2026-09-28T15:58:22] step 76200/80000 | G 5.585 (gan 1.786/1.837, cyc 0.245, idt 0.539) | D_A 0.281 D_B 0.322 | gnorm G 51.44 D 34.26 | lr 1.90e-05
[2026-09-28T15:58:24] step 76250/80000 | G 5.250 (gan 1.634/1.721, cyc 0.237, idt 0.668) | D_A 0.298 D_B 0.368 | gnorm G 48.46 D 35.65 | lr 1.88e-05
[2026-09-28T15:58:26] step 76300/80000 | G 5.339 (gan 1.797/1.630, cyc 0.239, idt 0.464) | D_A 0.332 D_B 0.314 | gnorm G 49.81 D 33.92 | lr 1.85e-05
[2026-09-28T15:58:29] step 76350/80000 | G 5.504 (gan 1.718/1.883, cyc 0.238, idt 0.483) | D_A 0.267 D_B 0.331 | gnorm G 49.67 D 37.03 | lr 1.83e-05
[2026-09-28T15:58:31] step 76400/80000 | G 5.217 (gan 1.648/1.669, cyc 0.238, idt 0.479) | D_A 0.328 D_B 0.330 | gnorm G 48.55 D 36.10 | lr 1.80e-05
[2026-09-28T15:58:33] step 76450/80000 | G 5.257 (gan 1.739/1.616, cyc 0.238, idt 0.584) | D_A 0.315 D_B 0.307 | gnorm G 47.54 D 35.42 | lr 1.78e-05
[2026-09-28T15:58:36] step 76500/80000 | G 5.407 (gan 1.742/1.770, cyc 0.237, idt 0.607) | D_A 0.298 D_B 0.313 | gnorm G 44.97 D 34.18 | lr 1.75e-05
[2026-09-28T15:58:38] step 76550/80000 | G 5.354 (gan 1.654/1.732, cyc 0.246, idt 0.568) | D_A 0.292 D_B 0.320 | gnorm G 47.39 D 35.97 | lr 1.73e-05
[2026-09-28T15:58:41] step 76600/80000 | G 5.757 (gan 1.900/1.875, cyc 0.248, idt 0.372) | D_A 0.247 D_B 0.322 | gnorm G 50.75 D 34.87 | lr 1.70e-05
[2026-09-28T15:58:43] step 76650/80000 | G 5.270 (gan 1.727/1.644, cyc 0.237, idt 0.525) | D_A 0.350 D_B 0.368 | gnorm G 52.58 D 41.43 | lr 1.68e-05
[2026-09-28T15:58:45] step 76700/80000 | G 5.330 (gan 1.651/1.806, cyc 0.234, idt 0.802) | D_A 0.317 D_B 0.355 | gnorm G 51.16 D 38.61 | lr 1.65e-05
[2026-09-28T15:58:48] step 76750/80000 | G 5.483 (gan 1.806/1.703, cyc 0.247, idt 0.722) | D_A 0.339 D_B 0.260 | gnorm G 47.29 D 33.18 | lr 1.63e-05
[2026-09-28T15:58:50] step 76800/80000 | G 5.350 (gan 1.726/1.706, cyc 0.240, idt 0.749) | D_A 0.311 D_B 0.313 | gnorm G 45.57 D 36.32 | lr 1.60e-05
[2026-09-28T15:58:52] step 76850/80000 | G 5.521 (gan 1.762/1.771, cyc 0.249, idt 0.553) | D_A 0.249 D_B 0.317 | gnorm G 52.55 D 31.63 | lr 1.57e-05
[2026-09-28T15:58:55] step 76900/80000 | G 5.229 (gan 1.648/1.691, cyc 0.236, idt 0.813) | D_A 0.324 D_B 0.335 | gnorm G 49.91 D 37.77 | lr 1.55e-05
[2026-09-28T15:58:57] step 76950/80000 | G 5.277 (gan 1.756/1.643, cyc 0.235, idt 0.444) | D_A 0.341 D_B 0.323 | gnorm G 50.18 D 38.97 | lr 1.53e-05
[2026-09-28T15:59:00] step 77000/80000 | G 5.413 (gan 1.745/1.744, cyc 0.241, idt 0.633) | D_A 0.285 D_B 0.320 | gnorm G 50.39 D 38.29 | lr 1.50e-05
[2026-09-28T15:59:03] step 77050/80000 | G 5.480 (gan 1.685/1.787, cyc 0.251, idt 0.737) | D_A 0.283 D_B 0.380 | gnorm G 46.92 D 37.68 | lr 1.47e-05
[2026-09-28T15:59:05] step 77100/80000 | G 5.420 (gan 1.751/1.684, cyc 0.248, idt 0.725) | D_A 0.343 D_B 0.313 | gnorm G 46.60 D 32.98 | lr 1.45e-05
[2026-09-28T15:59:07] step 77150/80000 | G 5.309 (gan 1.693/1.705, cyc 0.239, idt 0.613) | D_A 0.285 D_B 0.350 | gnorm G 47.35 D 38.36 | lr 1.43e-05
[2026-09-28T15:59:10] step 77200/80000 | G 5.598 (gan 1.857/1.806, cyc 0.242, idt 0.621) | D_A 0.294 D_B 0.303 | gnorm G 49.15 D 36.67 | lr 1.40e-05
[2026-09-28T15:59:12] step 77250/80000 | G 5.204 (gan 1.690/1.624, cyc 0.236, idt 0.594) | D_A 0.302 D_B 0.320 | gnorm G 47.89 D 34.51 | lr 1.37e-05
[2026-09-28T15:59:14] step 77300/80000 | G 5.127 (gan 1.627/1.617, cyc 0.235, idt 0.631) | D_A 0.303 D_B 0.369 | gnorm G 47.41 D 38.21 | lr 1.35e-05
[2026-09-28T15:59:17] step 77350/80000 | G 5.420 (gan 1.610/1.818, cyc 0.249, idt 0.536) | D_A 0.290 D_B 0.346 | gnorm G 49.58 D 38.46 | lr 1.33e-05
[2026-09-28T15:59:19] step 77400/80000 | G 5.315 (gan 1.593/1.813, cyc 0.239, idt 0.910) | D_A 0.292 D_B 0.344 | gnorm G 48.25 D 35.93 | lr 1.30e-05
[2026-09-28T15:59:22] step 77450/80000 | G 5.231 (gan 1.654/1.690, cyc 0.236, idt 0.465) | D_A 0.310 D_B 0.343 | gnorm G 49.48 D 37.33 | lr 1.27e-05
[2026-09-28T15:59:24] step 77500/80000 | G 5.184 (gan 1.611/1.748, cyc 0.228, idt 0.550) | D_A 0.293 D_B 0.376 | gnorm G 45.20 D 37.99 | lr 1.25e-05
[2026-09-28T15:59:26] step 77550/80000 | G 5.542 (gan 1.794/1.734, cyc 0.252, idt 0.670) | D_A 0.315 D_B 0.316 | gnorm G 47.72 D 37.34 | lr 1.23e-05
[2026-09-28T15:59:29] step 77600/80000 | G 5.279 (gan 1.657/1.694, cyc 0.241, idt 0.583) | D_A 0.342 D_B 0.304 | gnorm G 45.48 D 36.52 | lr 1.20e-05
[2026-09-28T15:59:31] step 77650/80000 | G 5.340 (gan 1.720/1.689, cyc 0.241, idt 0.586) | D_A 0.315 D_B 0.369 | gnorm G 46.52 D 35.60 | lr 1.17e-05
[2026-09-28T15:59:33] step 77700/80000 | G 5.114 (gan 1.668/1.578, cyc 0.234, idt 0.428) | D_A 0.292 D_B 0.341 | gnorm G 47.51 D 36.53 | lr 1.15e-05
[2026-09-28T15:59:36] step 77750/80000 | G 5.210 (gan 1.672/1.707, cyc 0.229, idt 0.808) | D_A 0.301 D_B 0.361 | gnorm G 49.65 D 36.20 | lr 1.13e-05
[2026-09-28T15:59:38] step 77800/80000 | G 5.295 (gan 1.677/1.727, cyc 0.236, idt 0.492) | D_A 0.304 D_B 0.302 | gnorm G 44.98 D 33.97 | lr 1.10e-05
[2026-09-28T15:59:40] step 77850/80000 | G 5.496 (gan 1.757/1.764, cyc 0.247, idt 0.655) | D_A 0.302 D_B 0.329 | gnorm G 45.09 D 36.36 | lr 1.07e-05
[2026-09-28T15:59:43] step 77900/80000 | G 5.408 (gan 1.746/1.765, cyc 0.237, idt 0.600) | D_A 0.303 D_B 0.321 | gnorm G 44.38 D 33.50 | lr 1.05e-05
[2026-09-28T15:59:45] step 77950/80000 | G 5.472 (gan 1.795/1.752, cyc 0.241, idt 0.541) | D_A 0.313 D_B 0.296 | gnorm G 49.58 D 36.71 | lr 1.03e-05
[2026-09-28T15:59:48] step 78000/80000 | G 5.417 (gan 1.747/1.758, cyc 0.239, idt 0.586) | D_A 0.284 D_B 0.313 | gnorm G 44.20 D 32.13 | lr 1.00e-05
[2026-09-28T15:59:51] step 78050/80000 | G 5.164 (gan 1.730/1.635, cyc 0.225, idt 0.587) | D_A 0.352 D_B 0.329 | gnorm G 44.43 D 38.71 | lr 9.75e-06
[2026-09-28T15:59:53] step 78100/80000 | G 5.378 (gan 1.662/1.758, cyc 0.245, idt 0.702) | D_A 0.282 D_B 0.358 | gnorm G 43.37 D 37.98 | lr 9.50e-06
[2026-09-28T15:59:55] step 78150/80000 | G 5.412 (gan 1.742/1.757, cyc 0.239, idt 0.480) | D_A 0.310 D_B 0.313 | gnorm G 46.17 D 37.42 | lr 9.25e-06
[2026-09-28T15:59:58] step 78200/80000 | G 5.374 (gan 1.784/1.723, cyc 0.233, idt 0.641) | D_A 0.306 D_B 0.320 | gnorm G 46.98 D 35.38 | lr 9.00e-06
[2026-09-28T16:00:00] step 78250/80000 | G 5.327 (gan 1.731/1.644, cyc 0.244, idt 0.733) | D_A 0.352 D_B 0.332 | gnorm G 51.06 D 37.56 | lr 8.75e-06
[2026-09-28T16:00:03] step 78300/80000 | G 5.266 (gan 1.681/1.665, cyc 0.240, idt 0.655) | D_A 0.317 D_B 0.334 | gnorm G 46.69 D 36.60 | lr 8.50e-06
[2026-09-28T16:00:05] step 78350/80000 | G 5.371 (gan 1.642/1.831, cyc 0.237, idt 0.656) | D_A 0.295 D_B 0.353 | gnorm G 47.15 D 35.85 | lr 8.25e-06
[2026-09-28T16:00:07] step 78400/80000 | G 5.364 (gan 1.694/1.734, cyc 0.242, idt 0.499) | D_A 0.306 D_B 0.344 | gnorm G 47.99 D 35.93 | lr 8.00e-06
[2026-09-28T16:00:10] step 78450/80000 | G 5.194 (gan 1.608/1.670, cyc 0.240, idt 0.675) | D_A 0.337 D_B 0.356 | gnorm G 44.89 D 36.13 | lr 7.75e-06
[2026-09-28T16:00:12] step 78500/80000 | G 5.393 (gan 1.746/1.763, cyc 0.235, idt 0.601) | D_A 0.329 D_B 0.301 | gnorm G 46.38 D 34.67 | lr 7.50e-06
[2026-09-28T16:00:14] step 78550/80000 | G 5.305 (gan 1.602/1.851, cyc 0.231, idt 0.774) | D_A 0.272 D_B 0.377 | gnorm G 44.42 D 35.72 | lr 7.25e-06
[2026-09-28T16:00:17] step 78600/80000 | G 5.408 (gan 1.640/1.840, cyc 0.241, idt 0.768) | D_A 0.290 D_B 0.380 | gnorm G 45.17 D 39.53 | lr 7.00e-06
[2026-09-28T16:00:19] step 78650/80000 | G 5.337 (gan 1.567/1.723, cyc 0.256, idt 0.605) | D_A 0.281 D_B 0.335 | gnorm G 44.66 D 38.61 | lr 6.75e-06
[2026-09-28T16:00:22] step 78700/80000 | G 5.506 (gan 1.736/1.860, cyc 0.239, idt 0.643) | D_A 0.301 D_B 0.325 | gnorm G 44.79 D 36.17 | lr 6.50e-06
[2026-09-28T16:00:24] step 78750/80000 | G 5.251 (gan 1.686/1.708, cyc 0.232, idt 0.598) | D_A 0.314 D_B 0.302 | gnorm G 44.14 D 34.29 | lr 6.25e-06
[2026-09-28T16:00:26] step 78800/80000 | G 5.461 (gan 1.737/1.754, cyc 0.246, idt 0.537) | D_A 0.269 D_B 0.318 | gnorm G 47.29 D 37.47 | lr 6.00e-06
[2026-09-28T16:00:29] step 78850/80000 | G 5.383 (gan 1.633/1.840, cyc 0.239, idt 0.564) | D_A 0.287 D_B 0.373 | gnorm G 42.85 D 41.47 | lr 5.75e-06
[2026-09-28T16:00:31] step 78900/80000 | G 5.397 (gan 1.692/1.802, cyc 0.238, idt 0.722) | D_A 0.307 D_B 0.369 | gnorm G 45.39 D 39.18 | lr 5.50e-06
[2026-09-28T16:00:34] step 78950/80000 | G 5.421 (gan 1.703/1.823, cyc 0.237, idt 0.544) | D_A 0.279 D_B 0.317 | gnorm G 51.88 D 32.93 | lr 5.25e-06
[2026-09-28T16:00:36] step 79000/80000 | G 5.393 (gan 1.725/1.769, cyc 0.237, idt 0.827) | D_A 0.316 D_B 0.298 | gnorm G 47.44 D 33.82 | lr 5.00e-06
[2026-09-28T16:00:39] step 79050/80000 | G 5.553 (gan 1.759/1.852, cyc 0.243, idt 0.699) | D_A 0.260 D_B 0.306 | gnorm G 46.76 D 30.81 | lr 4.75e-06
[2026-09-28T16:00:41] step 79100/80000 | G 5.427 (gan 1.658/1.797, cyc 0.247, idt 0.645) | D_A 0.304 D_B 0.293 | gnorm G 48.38 D 32.98 | lr 4.50e-06
[2026-09-28T16:00:44] step 79150/80000 | G 5.576 (gan 1.836/1.815, cyc 0.241, idt 0.733) | D_A 0.294 D_B 0.303 | gnorm G 48.58 D 34.33 | lr 4.25e-06
[2026-09-28T16:00:46] step 79200/80000 | G 5.437 (gan 1.827/1.735, cyc 0.234, idt 0.682) | D_A 0.327 D_B 0.304 | gnorm G 48.89 D 36.56 | lr 4.00e-06
[2026-09-28T16:00:49] step 79250/80000 | G 5.395 (gan 1.703/1.807, cyc 0.236, idt 0.432) | D_A 0.319 D_B 0.337 | gnorm G 47.28 D 37.28 | lr 3.75e-06
[2026-09-28T16:00:51] step 79300/80000 | G 5.320 (gan 1.697/1.704, cyc 0.240, idt 0.674) | D_A 0.276 D_B 0.329 | gnorm G 47.57 D 33.63 | lr 3.50e-06
[2026-09-28T16:00:53] step 79350/80000 | G 5.344 (gan 1.670/1.748, cyc 0.241, idt 0.556) | D_A 0.322 D_B 0.318 | gnorm G 46.49 D 36.80 | lr 3.25e-06
[2026-09-28T16:00:56] step 79400/80000 | G 5.517 (gan 1.729/1.844, cyc 0.243, idt 0.727) | D_A 0.295 D_B 0.365 | gnorm G 48.54 D 37.65 | lr 3.00e-06
[2026-09-28T16:00:58] step 79450/80000 | G 5.544 (gan 1.749/1.883, cyc 0.239, idt 0.452) | D_A 0.280 D_B 0.299 | gnorm G 46.41 D 35.54 | lr 2.75e-06
[2026-09-28T16:01:00] step 79500/80000 | G 5.358 (gan 1.747/1.750, cyc 0.233, idt 0.628) | D_A 0.334 D_B 0.316 | gnorm G 45.88 D 36.91 | lr 2.50e-06
[2026-09-28T16:01:03] step 79550/80000 | G 5.506 (gan 1.827/1.782, cyc 0.237, idt 0.607) | D_A 0.286 D_B 0.331 | gnorm G 46.42 D 35.32 | lr 2.25e-06
[2026-09-28T16:01:05] step 79600/80000 | G 5.510 (gan 1.706/1.855, cyc 0.244, idt 0.428) | D_A 0.278 D_B 0.374 | gnorm G 44.95 D 38.11 | lr 2.00e-06
[2026-09-28T16:01:08] step 79650/80000 | G 5.249 (gan 1.650/1.728, cyc 0.234, idt 0.532) | D_A 0.294 D_B 0.304 | gnorm G 45.31 D 34.64 | lr 1.75e-06
[2026-09-28T16:01:10] step 79700/80000 | G 5.466 (gan 1.736/1.821, cyc 0.239, idt 0.517) | D_A 0.331 D_B 0.338 | gnorm G 46.55 D 35.73 | lr 1.50e-06
[2026-09-28T16:01:12] step 79750/80000 | G 5.504 (gan 1.780/1.850, cyc 0.234, idt 0.448) | D_A 0.266 D_B 0.348 | gnorm G 47.82 D 32.08 | lr 1.25e-06
[2026-09-28T16:01:15] step 79800/80000 | G 5.491 (gan 1.723/1.782, cyc 0.248, idt 0.662) | D_A 0.285 D_B 0.308 | gnorm G 43.90 D 33.46 | lr 1.00e-06
[2026-09-28T16:01:17] step 79850/80000 | G 5.349 (gan 1.678/1.777, cyc 0.237, idt 0.630) | D_A 0.310 D_B 0.323 | gnorm G 47.47 D 34.48 | lr 7.50e-07
[2026-09-28T16:01:19] step 79900/80000 | G 5.609 (gan 1.760/1.892, cyc 0.245, idt 0.523) | D_A 0.313 D_B 0.314 | gnorm G 48.90 D 34.85 | lr 5.00e-07
[2026-09-28T16:01:22] step 79950/80000 | G 5.488 (gan 1.820/1.731, cyc 0.242, idt 0.657) | D_A 0.270 D_B 0.347 | gnorm G 49.63 D 34.67 | lr 2.50e-07
[2026-09-28T16:01:24] step 80000/80000 | G 5.484 (gan 1.790/1.814, cyc 0.235, idt 0.609) | D_A 0.351 D_B 0.312 | gnorm G 46.10 D 33.39 | lr 0.00e+00
[2026-09-28T16:01:26] DONE 80000 steps | train time 64.0 min | 41.7 images/s | peak memory 1246 MB | non-finite steps 0
[2026-09-28T16:02:51] STABILITY {"D_A_loss_last20pct": 0.3068, "D_B_loss_last20pct": 0.3387, "G_adv_std_last20pct": 0.1069, "cycle_first_log": 0.671, "cycle_last20pct": 0.2394, "gnorm_G_max": 268.4862, "gnorm_D_max": 50.4756}
[2026-09-28T16:04:31] pred_A2B 300 images (187.5 img/s) | pred_B2A 7038 images (279.6 img/s) | peak inference memory 1331 MB
[2026-09-28T16:08:53] EVAL {"FID_B2A": 126.99458, "MiFID_B2A": 0.39915, "KID_B2A": 0.03942, "KID_std_B2A": 0.00483, "precision_B2A": 0.39667, "recall_B2A": 0.50667, "density_B2A": 0.28444, "coverage_B2A": 0.31333, "n_B2A": 300, "FID_A2B": 145.36953, "MiFID_A2B": 0.43314, "KID_A2B": 0.0656, "KID_std_A2B": 0.0062, "precision_A2B": 0.5, "recall_A2B": 0.25, "density_A2B": 0.44444, "coverage_A2B": 0.35667, "n_A2B": 300, "FID": 136.18206, "MiFID": 0.41615, "leaderboard_score_estimate": 68.2991}
