step,G_total,G_gan_AB,G_gan_BA,cycle,identity,D_A,D_B,D_A_real,D_A_fake,D_B_real,D_B_fake,gnorm_G,gnorm_D,lr
50,6.955064182281494,0.8129695892333985,0.7742936825752258,0.6709751188755035,0.6185703873634338,0.6891331589221954,0.6688572418689728,0.5284228515625,0.482431640625,0.544033203125,0.467392578125,12.446064213911692,3.521417670249939,0.0002
100,5.577079639434815,0.7328889971971512,0.6857234025001526,0.5198084050416947,0.7117807865142822,0.6772238969802856,0.6756167304515839,0.525869140625,0.4781494140625,0.524052734375,0.46556640625,12.818147678375244,3.9313681054115297,0.0002
150,5.954733996391297,0.6924834245443344,0.7081415295600891,0.5692636281251907,0.8782779574394226,0.654243301153183,0.6342999774217606,0.5322998046875,0.4678125,0.54966796875,0.45046875,14.533899478912353,4.186300761699677,0.0002
200,5.408745288848877,0.7332295501232147,0.7295461356639862,0.4932461977005005,0.5603896379470825,0.6610939574241638,0.6666767537593842,0.52818359375,0.4680908203125,0.5243359375,0.4639111328125,15.426365966796874,4.481483674049377,0.0002
250,5.012251720428467,0.7298587954044342,0.7215796530246734,0.4451016616821289,0.5960912108421326,0.6517602181434632,0.6316157066822052,0.53830078125,0.461142578125,0.54609375,0.4511474609375,15.6226664352417,4.805666966438293,0.0002
300,4.95521077632904,0.732881088256836,0.7075480377674103,0.4393477058410645,0.40581217408180237,0.655283704996109,0.6483755362033844,0.5336767578125,0.4639892578125,0.537275390625,0.4493017578125,15.737990226745605,5.625466156005859,0.0002
350,4.698635406494141,0.7365469694137573,0.7616468667984009,0.4000552022457123,0.44444459676742554,0.6380966222286224,0.6100497424602509,0.544326171875,0.4532568359375,0.57025390625,0.4358203125,15.39218671798706,6.941805820465088,0.0002
400,4.4233162975311275,0.7850796389579773,0.7753231358528138,0.35786418795585634,0.4487028121948242,0.6270351493358612,0.5837555736303329,0.55869140625,0.44072265625,0.58130859375,0.40802734375,17.69673557281494,9.090944134459203,0.0002
450,4.392888326644897,0.7355179178714752,0.8239994418621063,0.35417137503623963,0.6099109053611755,0.5652858000993729,0.6105449199676514,0.5934521484375,0.4030078125,0.5628076171875,0.43177490234375,18.585843524932862,10.299363536834717,0.0002
500,4.240793104171753,0.7464339649677276,0.9006993722915649,0.32420746982097626,0.6032161712646484,0.5946759331226349,0.5600795835256577,0.5793310546875,0.4084521484375,0.6044384765625,0.4057763671875,22.25295219421387,13.23779302597046,0.0002
550,4.20452808380127,0.7897968018054962,0.7865942937135696,0.32851712286472323,0.46547597646713257,0.5351217830181122,0.5874987298250198,0.612626953125,0.38298828125,0.5865771484375,0.41672607421875,21.80807674407959,13.808252315131986,0.0002
600,4.020378985404968,0.7388414090871811,0.8012201714515687,0.3100396770238876,0.5540714263916016,0.5419883024692536,0.5548345494270325,0.61736328125,0.3907177734375,0.5963916015625,0.384755859375,24.19636496719049,15.95202470779419,0.0002
650,4.073732519149781,0.84132832467556,0.7342256295681,0.31227231860160826,0.6337985992431641,0.5414985334873199,0.5819578492641448,0.6130615234375,0.37624755859375,0.583486328125,0.41313720703125,29.118531799316408,15.891892623901366,0.0002
700,3.934337577819824,0.8747895562648773,0.8178267586231232,0.28021515905857086,0.5430915951728821,0.5209608012437821,0.5725938665866852,0.616162109375,0.3794775390625,0.6002685546875,0.399990234375,31.99203405380249,16.02395975112915,0.0002
750,3.7903813695907593,0.7669098502397538,0.7283543920516968,0.2868896424770355,0.5535683631896973,0.4967386555671692,0.5705997765064239,0.6364599609375,0.356591796875,0.5960546875,0.399942626953125,33.29824420928955,16.427594108581545,0.0002
800,3.8555538129806517,0.8127604281902313,0.858764277100563,0.2730036371946335,0.6105932593345642,0.5287133985757828,0.5823815834522247,0.6149951171875,0.370098876953125,0.590302734375,0.410084228515625,39.39534439086914,18.760157814025877,0.0002
850,3.695440020561218,0.7786617225408554,0.8471870666742325,0.2586989024281502,0.6377490758895874,0.5190634429454803,0.5825640094280243,0.6247607421875,0.36963134765625,0.5858984375,0.40761962890625,37.47958255300716,17.75441321372986,0.0002
900,3.7782614183425904,0.8583202576637268,0.7494981682300568,0.27130537629127505,0.710957944393158,0.5719516682624817,0.5740506070852279,0.605380859375,0.3931298828125,0.6013818359375,0.400361328125,41.75597593307495,18.88468879699707,0.0002
950,3.6144496107101443,0.7813005930185318,0.7276847523450851,0.263183034658432,0.61089026927948,0.5809740680456161,0.6137484210729599,0.597412109375,0.39327880859375,0.57201171875,0.4166015625,34.56025768280029,20.015630855560303,0.0002
1000,3.435295262336731,0.7301217126846313,0.6992403525114059,0.25074164927005765,0.5206040143966675,0.5861270499229431,0.6058380162715912,0.58666015625,0.41450927734375,0.5678955078125,0.429169921875,35.88585910797119,16.18381193161011,0.0002
1050,3.562644681930542,0.7988383823633194,0.7311578583717346,0.2540810549259186,0.5741427540779114,0.6122000783681869,0.6181260776519776,0.5650146484375,0.425985107421875,0.566845703125,0.4358447265625,35.85478084564209,16.82852502822876,0.0002
1100,3.5932704973220826,0.7826829040050507,0.7565423655509949,0.25675565481185914,0.5873187780380249,0.5447430950403214,0.5543460804224014,0.599833984375,0.38640380859375,0.595546875,0.39705322265625,45.41163473129272,17.34927276611328,0.0002
1150,3.705394687652588,0.8881247079372406,0.8297308731079102,0.24844238579273223,0.5788813829421997,0.5738113069534302,0.5295002871751785,0.59283447265625,0.39684814453125,0.5997265625,0.3766162109375,60.32675315856934,18.961001720428467,0.0002
1200,3.64157723903656,0.8502459383010864,0.8022948926687241,0.2486295485496521,0.5750913619995117,0.5604827982187272,0.5869183480739594,0.6007080078125,0.38777099609375,0.5955126953125,0.41244873046875,49.942463417053226,23.568546447753906,0.0002
1250,3.4110655069351195,0.8134427005052567,0.6813173490762711,0.23953818172216415,0.834602415561676,0.5590795004367828,0.5577974647283555,0.6076708984375,0.3965234375,0.5976171875,0.382431640625,48.977523231506346,21.9791819190979,0.0002
1300,3.5041337394714356,0.7832538503408432,0.8032604521512985,0.23970242947340012,0.6966149210929871,0.6151668879389763,0.5786518824100494,0.580341796875,0.42202880859375,0.5961181640625,0.4027490234375,44.60929973602295,23.008096122741698,0.0002
1350,3.4326754283905028,0.7965514606237412,0.760999425649643,0.23439056932926178,0.5302243828773499,0.5574133831262589,0.5699517017602921,0.598525390625,0.399688720703125,0.59819580078125,0.40118896484375,47.85264442443847,20.083377895355223,0.0002
1400,3.522582049369812,0.8095222517848015,0.7367217344045639,0.24704225569963456,0.6339291930198669,0.5671525156497955,0.5611011499166488,0.60579833984375,0.376104736328125,0.620908203125,0.398837890625,50.629552879333495,22.83776043872444,0.0002
1450,3.6551935338973998,0.8651891630887986,0.8471482557058334,0.24285701155662537,0.3968047499656677,0.6001956158876419,0.5744929134845733,0.59605224609375,0.408194580078125,0.598515625,0.3847021484375,57.066619110107425,25.18156967163086,0.0002
1500,3.5114236545562743,0.8048181825876236,0.7972838115692139,0.23866520583629608,0.5960074663162231,0.5686401683092117,0.6044685167074203,0.6006640625,0.39177978515625,0.569091796875,0.417060546875,62.46799327850342,23.32593563079834,0.0002
1550,3.5175764751434326,0.8221498250961303,0.7662410748004913,0.24114819437265397,0.6049992442131042,0.5648971140384674,0.5416785138845444,0.60318359375,0.40379150390625,0.616220703125,0.38553955078125,51.420446701049805,22.265214023590087,0.0002
1600,3.5608839416503906,0.7945768129825592,0.8696425729990005,0.2370830699801445,0.5375128984451294,0.562102479338646,0.5448026174306869,0.5886376953125,0.397100830078125,0.6257763671875,0.390771484375,61.907584762573244,21.737736454010008,0.0002
1650,3.576442527770996,0.9253631359338761,0.7874634933471679,0.23295198678970336,0.5418211221694946,0.5718263369798661,0.5611198234558106,0.6102001953125,0.39936279296875,0.6050390625,0.3800439453125,64.36989658355714,24.643759460449218,0.0002
1700,3.5602548503875733,0.886746187210083,0.7938499855995178,0.23495733559131624,0.5604199171066284,0.5309675472974777,0.585059369802475,0.6086279296875,0.384150390625,0.5924267578125,0.3940234375,63.2454642868042,21.830768966674803,0.0002
1750,3.3584698629379273,0.7290981560945511,0.8121853357553482,0.22714829742908477,0.5419069528579712,0.6177140951156617,0.5281560504436493,0.5995751953125,0.40527099609375,0.6136669921875,0.3846142578125,52.33089141845703,24.08289846420288,0.0002
1800,3.5284193897247316,0.8575324016809464,0.8074197399616242,0.23293340504169463,0.510465681552887,0.5647516304254532,0.5785211110115052,0.600244140625,0.404124755859375,0.5893701171875,0.40039306640625,54.22581100463867,22.229064884185792,0.0002
1850,3.4795412492752074,0.8125546610355378,0.8008936619758606,0.23326161593198777,0.5227929353713989,0.5484629410505295,0.6489537823200225,0.6010400390625,0.38965576171875,0.5786328125,0.4309228515625,64.04501895904541,26.365497722625733,0.0002
1900,3.466335644721985,0.9149081867933273,0.6742008617520332,0.23465332865715027,0.7148607969284058,0.5444755715131759,0.5671799606084824,0.606015625,0.37523193359375,0.5963037109375,0.395556640625,63.73519554916693,24.6365189743042,0.0002
1950,3.510433330535889,0.7976188462972641,0.7587149983644486,0.2442624345421791,0.5891304016113281,0.5812304639816284,0.5653390997648239,0.6008740234375,0.406478271484375,0.6047021484375,0.395775146484375,63.6798193359375,25.759477043151854,0.0002
2000,3.609806413650513,0.8672107875347137,0.8235808748006821,0.23987684428691863,0.5712379217147827,0.5561272144317627,0.556959966123104,0.6177978515625,0.391064453125,0.6184228515625,0.38349853515625,69.88680240631103,25.808976020812988,0.0002
2050,3.8165597677230836,0.798934455215931,0.9970355480909348,0.2525737178325653,0.7573607563972473,0.46796842485666273,0.5332322943210602,0.64412109375,0.336737060546875,0.6253271484375,0.37361328125,87.41142543792725,24.184023361206055,0.0002
2100,3.745749387741089,0.8949001085758209,0.9438431346416474,0.2383757647871971,0.5048263072967529,0.495387961268425,0.526354061961174,0.639775390625,0.352530517578125,0.6206005859375,0.369129638671875,97.6872695159912,24.903169231414793,0.0002
2150,3.7792810153961183,1.0290034693479537,0.9483383345603943,0.22524240076541902,0.3114687502384186,0.5569574844837188,0.5049747747182846,0.6277001953125,0.385374755859375,0.6332177734375,0.355802001953125,102.32892673492432,31.276430950164794,0.0002
2200,3.716397886276245,0.8590209615230561,1.022038648724556,0.22941728681325912,0.4947766661643982,0.5818531477451324,0.5390449172258377,0.609970703125,0.381722412109375,0.6323828125,0.378861083984375,93.9040397644043,31.870411970177475,0.0002
2250,3.819866967201233,1.1737443172931672,0.834117847084999,0.22650060147047044,0.5112797617912292,0.5272730976343155,0.48574476659297944,0.614580078125,0.381204833984375,0.6513916015625,0.336260986328125,100.43763496398925,27.253574714660644,0.0002
2300,3.7985176992416383,1.023093237876892,0.8781390881538391,0.23716067492961884,0.5475342273712158,0.5333540636301041,0.5294381506741047,0.628046875,0.37629150390625,0.65248046875,0.3708734130859375,102.86044666290283,32.076807556152346,0.0002
2350,3.467265796661377,0.8092075788974762,0.8324623104929924,0.2281994888186455,0.3856010437011719,0.5471530947089195,0.5398229402303696,0.622255859375,0.381400146484375,0.61301513671875,0.374742431640625,74.38579132080078,28.29685609817505,0.0002
2400,3.7919290542602537,0.8944838106632232,1.0274670618772506,0.2337472754716873,0.5317087173461914,0.46340373426675796,0.5193891543149948,0.662802734375,0.3394183349609375,0.62109375,0.369632568359375,113.14727012478575,27.080718116760252,0.0002
2450,3.79630820274353,0.8168038475513458,1.1508830726146697,0.22857766032218932,0.5775183439254761,0.423952474296093,0.5404091352224349,0.6823095703125,0.313304443359375,0.6270654296875,0.3832275390625,124.38855491638184,26.833139991760255,0.0002
2500,4.410896353721618,1.1145946645736695,1.3111076700687407,0.24814925611019134,0.7693142294883728,0.4363063770532608,0.55021962672472,0.6888818359375,0.3137103271484375,0.6416015625,0.361392822265625,143.1542547607422,34.23145652770996,0.0002
2550,3.876288261413574,0.9312577682733536,1.1239855229854583,0.22763062238693238,0.4467583894729614,0.42258706122636797,0.5397605001926422,0.6854052734375,0.3067669677734375,0.626044921875,0.38316650390625,128.0868409729004,29.411321659088134,0.0002
2600,3.865853815078735,1.008441612124443,1.024853112399578,0.22906988829374314,0.6276955604553223,0.5412214821577073,0.5129712295532226,0.6496728515625,0.355115966796875,0.6316015625,0.34768310546875,123.22753227233886,37.56671710968018,0.0002
2650,3.636358904838562,0.979312368631363,0.9292031472921372,0.2159804192185402,0.39230263233184814,0.46680383682250975,0.4987433391809464,0.670595703125,0.3403167724609375,0.640791015625,0.36029052734375,116.93346015930176,27.887597846984864,0.0002
2700,3.7659518051147463,0.9537852442264557,1.0523881608247756,0.21997230023145675,0.450732946395874,0.5317848235368728,0.4946453183889389,0.64472900390625,0.345826416015625,0.650517578125,0.35084228515625,134.98752555847167,31.953108100891114,0.0002
2750,4.135854296684265,1.0493676352500916,1.1884004002809525,0.23726078420877456,0.4306713938713074,0.43824632614851,0.5176903623342514,0.687998046875,0.31597900390625,0.65117919921875,0.356241455078125,148.36144386291505,33.81281303405762,0.0002
2800,3.9350890159606933,1.0422018390893937,1.0984972095489502,0.22429874360561372,0.46632397174835205,0.445383533090353,0.493966224193573,0.687646484375,0.312318115234375,0.64939453125,0.3397601318359375,148.90360191345215,32.45495872497558,0.0002
2850,3.550940628051758,0.9052483648061752,0.8921112358570099,0.2191976299881935,0.5440597534179688,0.5108141785860062,0.49743990510702135,0.6433349609375,0.3586029052734375,0.6455615234375,0.3572607421875,120.23920265197754,31.960583839416504,0.0002
2900,3.891779971122742,1.0711802005767823,1.0597996044158935,0.2201000201702118,0.7059186100959778,0.5027900031208992,0.6016064563393593,0.667470703125,0.336888427734375,0.6154248046875,0.3851116943359375,127.76233406066895,37.63874202728272,0.0002
2950,3.5176437187194822,0.81915711581707,0.9270823818445205,0.22142552822828293,0.4400132894515991,0.5195958676934243,0.49438933432102206,0.6545361328125,0.352337646484375,0.643291015625,0.3546185302734375,104.48752822875977,34.55113746643067,0.0002
3000,3.9538957977294924,0.9226315182447433,1.256224262714386,0.22188000291585921,0.6714212894439697,0.4756579250097275,0.4960463809967041,0.66349609375,0.33207763671875,0.65006103515625,0.349404296875,168.2129372577278,30.818226413726805,0.0002
3050,3.7697326374053954,0.9536683595180512,1.0237532982230186,0.22403887331485747,0.575041651725769,0.49355692744255064,0.5471330124139786,0.67705322265625,0.33300537109375,0.62118896484375,0.376402587890625,133.89428901672363,36.57085350036621,0.0002
3100,3.607365255355835,0.9670655459165574,0.8582251468300819,0.22275931984186173,0.5426465272903442,0.5804328399896622,0.5514435994625092,0.62544189453125,0.37833740234375,0.61983154296875,0.37015625,99.3210206604004,34.70055742263794,0.0002
3150,3.56368239402771,0.9361549583077431,0.9175175034999847,0.21375124096870424,0.595978856086731,0.5430967077612877,0.5265607416629792,0.6406640625,0.37265533447265625,0.63792236328125,0.3528955078125,107.06332206726074,35.824447784423825,0.0002
3200,3.5546782207489014,0.8985219383239746,0.8718500584363937,0.22303827822208405,0.6915895938873291,0.5348225793242455,0.47123129189014434,0.62519775390625,0.352008056640625,0.6657080078125,0.348604736328125,109.64161849975586,30.82252244949341,0.0002
3250,3.901309633255005,1.0964565113186837,0.9905893409252167,0.22678297698497774,0.6073983907699585,0.45654313027858734,0.4791959461569786,0.674521484375,0.33804443359375,0.6634912109375,0.329652099609375,150.5092079925537,30.827462368011474,0.0002
3300,3.6471408557891847,0.9808974450826645,0.9333038327097892,0.21661744624376297,0.4061599671840668,0.4998550432920456,0.6096554946899414,0.646455078125,0.35084228515625,0.62109619140625,0.392493896484375,127.52854759216308,34.10948913574219,0.0002
3350,3.7747001457214355,1.0795918864011764,0.9885439804196358,0.21332053542137147,0.5650526285171509,0.47897792637348174,0.46511399567127226,0.66351806640625,0.3358367919921875,0.6655078125,0.3432666015625,137.86817108154298,30.115286960601807,0.0002
3400,3.862116742134094,1.1576795554161072,0.885778180360794,0.2273323792219162,0.505142331123352,0.5327107326686382,0.5081874853372574,0.6358740234375,0.3660479736328125,0.658948974609375,0.3370599365234375,127.47698516845703,33.749054012298586,0.0002
3450,3.6993958139419556,1.0388456779718398,0.8631880915164948,0.2246702554821968,0.582495927810669,0.5534023794531823,0.45699686780571935,0.62014404296875,0.377685546875,0.6674951171875,0.3277557373046875,125.00526977539063,32.528738822937015,0.0002
3500,3.6167101764678957,1.0414056557416915,0.8864402413368225,0.21110803574323656,0.6087526679039001,0.5494381844997406,0.49966742396354674,0.61568359375,0.37688232421875,0.649267578125,0.35314208984375,127.10342414855957,35.42391960144043,0.0002
3550,3.667562108039856,1.0048390352725982,0.88551931142807,0.2221504718065262,0.9002291560173035,0.48593011289834975,0.5070246854424476,0.6622021484375,0.349805908203125,0.653603515625,0.3589822387695312,141.42977836608887,32.819364128112795,0.0002
3600,3.6217833662033083,0.9984529292583466,0.8727425563335419,0.21882348388433456,0.6386820673942566,0.4711830696463585,0.49692817449569704,0.654892578125,0.340986328125,0.6468994140625,0.353509521484375,125.95921264648437,31.09494373321533,0.0002
3650,3.920542278289795,1.0561272406578064,1.0829356789588929,0.22268491804599763,0.507380485534668,0.5089155474305153,0.473274472951889,0.6414306640625,0.349859619140625,0.65876953125,0.330318603515625,143.0914370727539,32.944528312683104,0.0002
3700,3.611267523765564,0.9754741775989533,0.9134449553489685,0.21529355019330979,0.35768043994903564,0.497996651828289,0.559566513299942,0.6500146484375,0.35306396484375,0.635126953125,0.379224853515625,131.18863090515137,32.97680381774902,0.0002
3750,3.7015924739837645,1.0370107740163803,0.9306367421150208,0.2167431193590164,0.612802267074585,0.497101377248764,0.5647493097186088,0.6720947265625,0.341126708984375,0.6254638671875,0.3791168212890625,144.41512641906738,36.02451042175293,0.0002
3800,3.9129316568374635,1.02501225233078,1.0857723069190979,0.22526838898658752,0.4776665270328522,0.47666699707508087,0.5523285421729088,0.6571142578125,0.34130859375,0.633544921875,0.366273193359375,141.63772171020508,34.31757476806641,0.0002
3850,3.7275773000717165,0.9127223515510559,1.0718251609802245,0.21787872582674025,0.6177836656570435,0.4901676931977272,0.4964182072877884,0.65509521484375,0.3430596923828125,0.6472607421875,0.358587646484375,151.92241943359375,30.765826797485353,0.0002
3900,3.8849070644378663,1.072413575053215,1.0490445917844773,0.22043111562728882,0.5475099682807922,0.4845925557613373,0.5236669611930848,0.67633056640625,0.33528076171875,0.6470263671875,0.356541748046875,151.45628913879395,36.320602645874025,0.0002
3950,3.484287691116333,0.972992984354496,0.8288280099630356,0.2103083336353302,0.6445152759552002,0.48077457696199416,0.551269037425518,0.6596240234375,0.3287030029296875,0.6278173828125,0.372611083984375,119.82202476501465,32.933155364990235,0.0002
4000,3.7882589960098265,1.1232909333705903,0.9207210233807563,0.21803087919950484,0.4988304376602173,0.4786910703778267,0.46012340307235716,0.6681103515625,0.3291961669921875,0.6761962890625,0.3264971923828125,151.08859283447265,34.707183074951175,0.0002
4050,3.7895026540756227,1.0802526134252548,0.9338269555568695,0.22192788124084473,0.9568895101547241,0.4508784845471382,0.44554640173912047,0.695126953125,0.318779296875,0.673857421875,0.319720458984375,158.3323388671875,32.82129064559936,0.0002
4100,4.003157057762146,1.1498873901367188,1.0168266332149505,0.22955537527799608,0.5574826002120972,0.43724423021078107,0.4340711782872677,0.68294921875,0.30485107421875,0.6958544921875,0.302218017578125,171.7805032348633,33.16704677581787,0.0002
4150,3.9979270982742308,1.2167778557538986,0.9735041558742523,0.22595563441514968,0.45540523529052734,0.47933230191469195,0.49627254605293275,0.67353515625,0.33097412109375,0.67580322265625,0.3256591796875,165.35736724853516,36.048175964355465,0.0002
4200,3.804445948600769,0.9373947325348854,1.121488572359085,0.21819533050060272,0.40626955032348633,0.4633746185898781,0.5045009195804596,0.6909375,0.331263427734375,0.6500830078125,0.344857177734375,164.7330973815918,32.882699168458274,0.0002
4250,3.9188894844055175,1.0447139579057694,1.0710543769598007,0.22539014101028443,0.507223904132843,0.48511320322752,0.4897723105549812,0.6571728515625,0.33911376953125,0.6602197265625,0.329825439453125,155.4254712677002,36.33446044921875,0.0002
4300,3.8441479063034056,0.9919359958171845,1.0725850045681,0.22245336204767227,0.5053229331970215,0.4637471976876259,0.59107535302639,0.668935546875,0.327928466796875,0.6177783203125,0.39106201171875,157.16133987426758,38.7809613609314,0.0002
4350,3.876667776107788,1.0772105103731155,1.0419382047653198,0.21968988060951233,0.9348435401916504,0.5917833584547043,0.4778694513440132,0.64042724609375,0.38000732421875,0.65967529296875,0.33038818359375,135.16669136047364,36.88416553497314,0.0002
4400,3.710335578918457,1.0535389694571495,0.9940167784690856,0.20784747511148452,0.7421245574951172,0.4907475432753563,0.504016786813736,0.65783447265625,0.3380963134765625,0.6536572265625,0.3419830322265625,137.26472747802734,34.459298286437985,0.0002
4450,3.8150577116012574,1.0892353123426437,1.0354858493804933,0.2112920716404915,0.5156182050704956,0.5014489048719406,0.47298370957374575,0.6540966796875,0.32883544921875,0.674912109375,0.33058837890625,154.07799514770508,37.88333112716675,0.0002
4500,3.806792130470276,1.2000975102186202,0.8929056289792061,0.21422362416982652,0.4653647243976593,0.48562411665916444,0.4927798199653626,0.6676513671875,0.3417578125,0.66772705078125,0.33637451171875,140.10490676879883,33.01021747589111,0.0002
4550,3.6858569145202638,1.0821696466207504,0.8582900440692902,0.21817465454339982,0.5874865055084229,0.48478355318307875,0.49933483988046645,0.668994140625,0.3423992919921875,0.658330078125,0.336119384765625,127.93726501464843,35.18433048248291,0.0002
4600,3.4366621351242066,0.9043913269042969,0.8681731289625167,0.20801221072673798,0.6072937250137329,0.5193391445279122,0.5189046558737754,0.64146484375,0.36260787963867186,0.63361328125,0.36988037109375,109.12200225830078,30.601827907562257,0.0002
4650,3.5930648708343504,0.9664424958825112,0.9129615393280983,0.21420760542154313,0.6767511963844299,0.5045619437098503,0.4991310015320778,0.6554736328125,0.3413970947265625,0.6657666015625,0.343446044921875,130.24953475952148,34.104252910614015,0.0002
4700,3.8140654802322387,0.9529312163591385,1.083217076063156,0.2222396504878998,0.5447540283203125,0.49222352147102355,0.543409394621849,0.6571533203125,0.3408319091796875,0.64125732421875,0.346756591796875,133.87881439208985,35.1736771774292,0.0002
4750,3.7104896926879882,1.0080352729558946,0.9781978249549865,0.2155320769548416,0.6530327796936035,0.4822043536603451,0.5729612842202186,0.659287109375,0.34655517578125,0.6225244140625,0.37477294921875,134.3496688079834,33.77507305145264,0.0002
4800,3.6223124361038206,0.9381338739395142,1.0108726426959038,0.20916324049234392,0.3950549066066742,0.47914930298924446,0.5063935333490371,0.668955078125,0.33634521484375,0.65749755859375,0.3465673828125,120.54090339660644,34.05421281814575,0.0002
4850,3.788321919441223,1.0622642850875854,0.9737015706300736,0.21904450356960298,0.4426197409629822,0.4956512874364853,0.47869840651750567,0.6508837890625,0.3522784423828125,0.66820556640625,0.32666259765625,133.61692520141602,31.055952682495118,0.0002
4900,3.973034267425537,1.0776565384864807,1.1777226090431214,0.2147068890929222,0.8374695777893066,0.45072520792484283,0.5031008356809616,0.6595947265625,0.317554931640625,0.649267578125,0.347935791015625,164.89983909606934,31.85379837036133,0.0002
4950,3.5944546985626222,0.9229705709218979,0.9745920997858047,0.21211150109767915,0.5297843217849731,0.5095720279216767,0.5281517678499221,0.651474609375,0.3569989013671875,0.640048828125,0.360045166015625,136.07707725524904,35.25479835510254,0.0002
5000,3.616124997138977,1.0126606917381287,0.9252049323916435,0.20978242069482803,0.6394950151443481,0.4820453840494156,0.5068460893630982,0.6590576171875,0.3483984375,0.6435546875,0.347662353515625,149.12231590270997,34.510019340515136,0.0002
5050,3.6095509767532348,0.9489030164480209,0.9311153122782707,0.21619158118963241,0.6678012609481812,0.5061974409222603,0.4564094111323357,0.6466259765625,0.34019287109375,0.680615234375,0.3308282470703125,122.3549526977539,34.175196437835694,0.0002
5100,3.941206865310669,1.1799245864152907,0.9865310549736023,0.22184390276670457,1.0527369976043701,0.44572646498680113,0.463543498814106,0.69142822265625,0.31524658203125,0.6723681640625,0.331126708984375,154.99656410217284,32.68346675872803,0.0002
5150,4.040364480018615,1.3245264995098114,1.00593023955822,0.21373846828937532,0.8988461494445801,0.4824454793334007,0.42097216546535493,0.662041015625,0.3270806884765625,0.695537109375,0.29510498046875,160.54503784179687,31.377785282135008,0.0002
5200,4.511941509246826,1.3811836034059524,1.26044687718153,0.233788882791996,0.8661949634552002,0.40192984089255335,0.39627451211214065,0.7057763671875,0.28580078125,0.7129248046875,0.2955218505859375,208.07199699401855,27.807837619781495,0.0002
5250,3.9979125165939333,1.1494556868076324,1.048336020708084,0.2250151017308235,0.3961416482925415,0.4119993272423744,0.40618254721164704,0.71759765625,0.29869384765625,0.708642578125,0.2856591796875,171.2594772338867,33.93240732192993,0.0002
5300,4.1767501592636105,1.3068425536155701,1.025983957350254,0.2304904529452324,0.7113759517669678,0.4703137814998627,0.4041875261068344,0.679111328125,0.31595672607421876,0.71839599609375,0.2923040771484375,170.65706161499023,34.645266723632815,0.0002
5350,4.013022813796997,1.260247809290886,0.9371494299173355,0.22695319831371308,0.4728180170059204,0.41055511713027953,0.4425991156697273,0.7037646484375,0.2995513916015625,0.686123046875,0.300545654296875,181.65735748291016,33.32522939682007,0.0002
5400,4.499542007446289,1.593326810002327,1.1746824759244918,0.2164415916800499,0.5223492980003357,0.44064863175153735,0.34081238076090814,0.69993408203125,0.30091064453125,0.7438623046875,0.2450390625,225.88427609813456,32.32095119476318,0.0002
5450,4.119092555046081,1.3023968434333801,1.0923776614665985,0.21553975403308867,0.5330712795257568,0.39549910083413126,0.4703542472422123,0.71237548828125,0.28835357666015626,0.717899169921875,0.3180523681640625,183.7646656036377,34.85429605484009,0.0002
5500,3.9829139614105227,1.0122013992071153,1.1715120995044708,0.2249000570178032,0.4734264314174652,0.4415187266469002,0.5204151184856891,0.69001953125,0.31096176147460936,0.65080322265625,0.33769287109375,179.06521202087401,39.65674926757813,0.0002
5550,4.1755961370468135,0.9963795125484467,1.3693422186374664,0.22623430281877518,0.42684435844421387,0.4225010111927986,0.4566768537461758,0.717900390625,0.294915771484375,0.678681640625,0.32154022216796874,190.7699725341797,35.06144645690918,0.0002
5600,4.288309564590454,1.1637178057432174,1.3915488493442536,0.21663035809993744,0.46942538022994995,0.5255304828286171,0.507941700220108,0.675487060546875,0.31075927734375,0.6671142578125,0.331177978515625,196.60321807861328,42.630525283813476,0.0002
5650,4.068531265258789,1.2008491849899292,1.0867135167121886,0.22262106955051422,0.7195606827735901,0.5388865759968757,0.5467326736450195,0.6608837890625,0.360821533203125,0.6664501953125,0.33278076171875,157.50566711425782,47.569328689575194,0.0002
5700,3.7422416496276854,1.051397867500782,0.9547632747888565,0.21701006561517716,0.5252883434295654,0.47728883937001226,0.5373024326562882,0.6762255859375,0.3170831298828125,0.648095703125,0.35395263671875,127.38787895202637,37.85865669250488,0.0002
5750,3.7019865989685057,1.0498478150367736,0.8798937129974366,0.22153063267469406,0.3632655739784241,0.44315300181508066,0.5236854311823845,0.7007080078125,0.31917877197265626,0.65005859375,0.3536279296875,142.30981697082518,36.533594932556156,0.0002
5800,3.6786595439910887,0.9489580434560776,1.0170100957155228,0.21408642411231996,0.4517616629600525,0.5135878884792328,0.44483363419771194,0.6370263671875,0.3452056884765625,0.6879736328125,0.318021240234375,139.87803642272948,32.559006423950194,0.0002
5850,3.8035829210281373,0.9946956998109817,1.071294090151787,0.21719913870096208,0.4899319112300873,0.43128187835216525,0.5170481199026108,0.695654296875,0.305289306640625,0.64578857421875,0.34521484375,159.64140228271484,34.3589199256897,0.0002
5900,4.079833898544312,1.0559417337179184,1.197914097905159,0.2282472589612007,0.579343855381012,0.43937683492898943,0.46091804653406143,0.6869189453125,0.3228680419921875,0.6788037109375,0.320252685546875,154.4227275085449,34.280091781616214,0.0002
5950,3.679961977005005,0.9897513335943222,0.9554702091217041,0.21684255450963974,0.4689023494720459,0.4558119398355484,0.51017638027668,0.67770263671875,0.3108441162109375,0.65716796875,0.349530029296875,134.90140716552733,36.93912366867065,0.0002
6000,3.9083863830566408,1.085745671391487,1.1203034564852714,0.21279215842485427,0.5324017405509949,0.4274261273443699,0.4637933361530304,0.696982421875,0.30734375,0.6759765625,0.3272021484375,178.50772338867188,35.98101959228516,0.0002
6050,4.260544018745422,1.143236352801323,1.2878817051649094,0.22867824733257294,0.47344282269477844,0.44408902049064636,0.48579237759113314,0.70736083984375,0.2783648681640625,0.66126953125,0.337086181640625,178.7488262939453,42.037929725646975,0.0002
6100,3.7456293058395387,0.9004865673184395,1.0669547808170319,0.22227349281311035,0.46619945764541626,0.44881857067346576,0.5430254262685775,0.70640380859375,0.311180419921875,0.6450146484375,0.368665771484375,154.35159126281738,38.04989952087402,0.0002
6150,4.00387520313263,1.1569350630044937,1.0815165844559669,0.22067794144153596,0.5940036773681641,0.45417189836502075,0.46398227632045747,0.6744482421875,0.319368896484375,0.66913818359375,0.3181219482421875,166.65998077392578,34.47332136154175,0.0002
6200,4.296657829284668,1.218241480588913,1.2610955289006234,0.2271651044487953,0.7364266514778137,0.5145017990469932,0.4789941844344139,0.68177001953125,0.32378662109375,0.6788818359375,0.32311767578125,170.8384622192383,40.89234867095947,0.0002
6250,3.812233328819275,1.022230618596077,0.9802083516120911,0.22622429728507995,0.8235477805137634,0.4673932045698166,0.4527162301540375,0.6902001953125,0.321982421875,0.68435546875,0.32460693359375,135.12057426452637,36.51836088180542,0.0002
6300,3.846991038322449,1.0737302860617637,1.0373813846707345,0.21698492139577866,0.47593986988067627,0.50230990588665,0.4711576446890831,0.6584814453125,0.338331298828125,0.688511962890625,0.3103082275390625,171.82732917785646,37.4217069586929,0.0002
6350,3.966776943206787,1.117715135216713,1.1075131511688232,0.2176935824751854,0.7518697381019592,0.43889970853924754,0.4674546131491661,0.6970751953125,0.31833160400390625,0.6714404296875,0.3303515625,186.81252792358399,34.70084072113037,0.0002
6400,4.07620041847229,1.1942512607574463,1.0732898664474488,0.2260824039578438,0.6394143104553223,0.4127690011262894,0.5111822316050529,0.6962744140625,0.28695098876953123,0.6646630859375,0.33239990234375,156.61112678527832,35.52164474487304,0.0002
6450,3.8314389038085936,1.0656720235943795,1.0174710661172868,0.21853697806596756,0.6846355199813843,0.386042397916317,0.5248098628222942,0.7127001953125,0.27854949951171876,0.652861328125,0.3528546142578125,153.8570184326172,33.07518648147583,0.0002
6500,4.213139147758484,1.2345530962944031,1.2290307366847992,0.21869441330432893,0.5302586555480957,0.42577613770961764,0.44663971573114397,0.6855810546875,0.308677978515625,0.6734765625,0.31295654296875,205.4848942565918,31.42772943496704,0.0002
6550,3.6941017961502074,1.0350127774477005,0.9479802471399307,0.21388859570026397,0.39819514751434326,0.4972578549385071,0.458956538438797,0.677900390625,0.3445361328125,0.6801123046875,0.3179833984375,154.62606605529785,36.836546669006346,0.0002
6600,4.023380937576294,1.0710425516963005,1.226869562268257,0.21568359881639482,0.5312613248825073,0.4082181480526924,0.45395071893930433,0.70498046875,0.28981964111328123,0.6813525390625,0.316334228515625,204.2749935531616,34.401845664978026,0.0002
6650,3.8717953395843505,1.039585102200508,1.1231321376562118,0.2136347609758377,0.42932644486427307,0.3929693108797073,0.5218353405594826,0.7113916015625,0.28205780029296873,0.64814208984375,0.3533880615234375,190.0044952392578,35.8672465133667,0.0002
6700,4.438139114379883,1.1316889750957488,1.4827689385414125,0.22796015322208404,0.5024216771125793,0.32394414484500883,0.4590595898032188,0.7743603515625,0.2510231018066406,0.6712939453125,0.316951904296875,214.2870018005371,33.806240501403806,0.0002
6750,4.234186096191406,1.1869191575050353,1.2561469459533692,0.22388999968767165,0.4047691226005554,0.44417070388793944,0.4932790707051754,0.709937744140625,0.282152099609375,0.6716796875,0.3248638916015625,198.65942977905274,41.674904670715335,0.0002
6800,4.125655345916748,1.1236298196017742,1.2893421691656113,0.21408542066812516,0.6866497993469238,0.40558684602379796,0.5315703055262566,0.7059765625,0.283876953125,0.679453125,0.3406402587890625,201.48093132019042,38.85351093292236,0.0002
6850,3.9709182500839235,1.0369085494428874,1.2208595782518388,0.21414376527071,0.3631629943847656,0.5676353773474694,0.5366647821664811,0.6456298828125,0.362293701171875,0.65379150390625,0.325517578125,189.54743675231933,48.359175033569336,0.0002
6900,4.034391756057739,1.2114331696927547,1.1074367117881776,0.2144402328133583,0.4055321514606476,0.3860480298101902,0.5665799096226692,0.718544921875,0.2785931396484375,0.66456787109375,0.348515625,183.3759587097168,36.652261390686036,0.0002
6950,4.076355557441712,1.0555715441703797,1.2295537993311882,0.22390377551317214,0.5552122592926025,0.4072637471556664,0.4666106590628624,0.73005859375,0.29382843017578125,0.6683935546875,0.323994140625,201.2874542236328,35.65874267578125,0.0002
7000,4.312510557174683,1.108417957574129,1.3265764844417571,0.23468951344490052,0.5255013704299927,0.4803766591846943,0.4660328942537308,0.6973486328125,0.2926860046386719,0.6846337890625,0.33010009765625,186.66639907836915,36.36495384216309,0.0002
7050,4.120522670745849,1.049275309443474,1.3101904356479646,0.22013210952281953,0.525374710559845,0.34296880453824996,0.43939467906951907,0.7360791015625,0.2510040283203125,0.6943310546875,0.31273681640625,219.7247950744629,29.991724224090575,0.0002
7100,4.076497120857239,1.027769678235054,1.2707238805294037,0.22225044757127763,0.43343424797058105,0.3971554599702358,0.5326456779241562,0.7328271484375,0.2869793701171875,0.6415771484375,0.350546875,202.17667465209962,36.571292037963865,0.0002
7150,3.971426458358765,1.002736918926239,1.1982308894395828,0.22130733251571655,0.3244154751300812,0.42443501502275466,0.4796736896038055,0.70930419921875,0.28473388671875,0.66439453125,0.336790771484375,175.5842771911621,36.0406282043457,0.0002
7200,3.8626702785491944,1.076009851694107,1.1285125237703324,0.20726848632097244,0.5381518006324768,0.37501089796423914,0.4725945708155632,0.731630859375,0.26797698974609374,0.6786474609375,0.338770751953125,168.910675201416,33.24768835067749,0.0002
7250,4.2013915205001835,1.0830239409208298,1.422088353037834,0.2120349022746086,0.6048404574394226,0.44456839114427565,0.5109036272764206,0.710302734375,0.2957135009765625,0.66046630859375,0.3286968994140625,233.3333720397949,41.60739080429077,0.0002
7300,4.4177076578140255,1.361565525531769,1.188316730260849,0.2334781751036644,0.43024617433547974,0.4509522804617882,0.41752211898565295,0.710439453125,0.28974380493164065,0.7043603515625,0.2966925048828125,202.19287506103515,36.43047201156616,0.0002
7350,3.9683339166641236,1.0719810473918914,1.1699888515472412,0.21579549759626387,0.4879845976829529,0.39981197513639927,0.480175766646862,0.701162109375,0.2850775146484375,0.66481689453125,0.3215863037109375,196.74564392089843,36.325978393554685,0.0002
7400,3.7616911935806274,1.0328578853607178,1.1204333478212356,0.2010499957203865,0.5046783089637756,0.4740115289390087,0.4923451054096222,0.690634765625,0.3253082275390625,0.671884765625,0.34890625,166.05931114196778,40.92688278198242,0.0002
7450,3.884003267288208,1.079768168926239,1.0414169052243232,0.2203522726893425,0.5192995667457581,0.49135216414928434,0.4978228086233139,0.6820166015625,0.31691085815429687,0.65761962890625,0.3341107177734375,164.36534729003907,39.762824573516845,0.0002
7500,4.195722045898438,1.2400139206647873,1.2390560066699983,0.21458151638507844,0.7462360858917236,0.39930837020277976,0.4258168072998524,0.72490234375,0.27256179809570313,0.696259765625,0.303001708984375,188.4266293334961,34.5464747428894,0.0002
7550,4.177503252029419,1.189470422565937,1.2118636524677278,0.2220211446285248,0.5481197237968445,0.41733440294861796,0.458825649023056,0.715751953125,0.28789306640625,0.68511474609375,0.30940185546875,182.33550971984863,34.82492069244385,0.0002
7600,4.1263497447967525,1.0809769234061242,1.2424003547430038,0.22537155717611312,0.6553589105606079,0.44306589603424074,0.4421936470270157,0.68998046875,0.3036798095703125,0.6870361328125,0.31581787109375,197.15498943718111,36.09556438446045,0.0002
7650,4.069010939598083,1.2036578410863876,1.1377496907114983,0.21595042526721955,0.5342978835105896,0.4283320426940918,0.4561178417503834,0.7137158203125,0.302247314453125,0.6786767578125,0.324296875,214.3778530883789,38.20499923706055,0.0002
7700,4.09788179397583,1.1347728329896927,1.2241817092895508,0.21736590504646303,0.45033782720565796,0.3793893610686064,0.40232802033424375,0.72271484375,0.272119140625,0.7168896484375,0.28375213623046874,207.08136703491212,33.63906354904175,0.0002
7750,4.0944500827789305,1.0900512266159057,1.3440188986063004,0.20754749774932862,0.38366469740867615,0.3700328037142754,0.49525138169527055,0.7500830078125,0.27104248046875,0.660009765625,0.3331109619140625,216.9205355834961,36.635433769226076,0.0002
7800,4.555903692245483,1.1611224946379661,1.5443045487999916,0.23130957961082457,0.7000454664230347,0.45028891921043396,0.5159606820344925,0.69331787109375,0.2906048583984375,0.658399658203125,0.330726318359375,195.76057510375978,43.37096353530884,0.0002
7850,4.126318073272705,1.0079915195703506,1.417161955833435,0.21264557391405106,0.6795980930328369,0.3878303802013397,0.5587826770544052,0.731171875,0.2805833435058594,0.642374267578125,0.363975830078125,196.9805758666992,38.06938076019287,0.0002
7900,4.611953740119934,1.0700028610229493,1.7478164426982403,0.22426680088043213,0.4937228560447693,0.3418502542376518,0.478920601606369,0.77208984375,0.23478652954101562,0.6838330078125,0.33861572265625,260.80982387542724,33.22890262214505,0.0002
7950,4.0138138389587406,1.1856477946043014,1.017132315635681,0.22637921571731567,0.607925295829773,0.39232682406902314,0.515156851708889,0.72178466796875,0.281322021484375,0.65068359375,0.3353924560546875,169.6172967529297,33.91706552505493,0.0002
8000,3.856142354011536,0.9534820699691773,1.1913680553436279,0.2139115297794342,0.5423206686973572,0.4006123834848404,0.5179037711024285,0.7238671875,0.2761644744873047,0.6382470703125,0.3572528076171875,183.56496200561523,34.779671096801756,0.0002
8050,4.2693342685699465,1.1807162044942379,1.325529763698578,0.22038603484630584,0.6261851787567139,0.47855986297130587,0.4194876465201378,0.7068359375,0.3075909423828125,0.7097314453125,0.291785888671875,203.2897486114502,37.467722778320315,0.0002
8100,4.155578408241272,0.9838571918010711,1.3925466275215148,0.22239682227373123,0.542033851146698,0.4517620587348938,0.4890531662106514,0.69898681640625,0.288818359375,0.66134765625,0.337314453125,205.34484130859374,41.88784198760986,0.0002
8150,3.951891598701477,1.0037565922737122,1.2376738995313645,0.21380763947963716,0.5229414701461792,0.44947061538696287,0.4680599519610405,0.7008203125,0.30168731689453127,0.66995361328125,0.3266314697265625,162.3110359954834,38.32428108215332,0.0002
8200,3.788963170051575,1.0773093730211258,1.0540710440278054,0.20719784885644912,0.6604605913162231,0.43049025028944016,0.5081689521670342,0.7024365234375,0.30103302001953125,0.668699951171875,0.339935302734375,177.3578157043457,37.99297235488891,0.0002
8250,4.187810163497925,1.2062763607501983,1.182294203042984,0.2249049511551857,0.4145488440990448,0.39228774547576906,0.4166086295247078,0.71830078125,0.27495559692382815,0.711474609375,0.30589599609375,186.68396850585938,33.17640230178833,0.0002
8300,4.157155995368957,1.0989337411522866,1.2569288384914399,0.22516167730093004,0.7470316290855408,0.3834782585501671,0.5680053752660751,0.740400390625,0.2795098876953125,0.6345849609375,0.3399127197265625,207.3147344970703,40.45376808166504,0.0002
8350,3.8993701791763304,1.0435662984848022,1.1303325217962266,0.21568391770124434,0.605408787727356,0.452854812592268,0.43077478408813474,0.68218994140625,0.298470458984375,0.692783203125,0.3170684814453125,161.5977939605713,34.079172401428224,0.0002
8400,4.062049884796142,1.1684200322628022,1.1409364366531372,0.2190866729617119,0.43869495391845703,0.45889672249555585,0.47572764098644255,0.6866845703125,0.309417724609375,0.6684228515625,0.3300177001953125,178.25839988708495,36.60183084487915,0.0002
8450,4.162380299568176,1.3803710532188416,1.1263814628124238,0.20695347011089324,0.47090885043144226,0.5214752489328385,0.409970246553421,0.6770263671875,0.34077560424804687,0.71478515625,0.28382568359375,179.62846801757811,42.65252243041992,0.0002
8500,4.132011241912842,1.2532608032226562,1.1729843980073928,0.21322075456380843,0.559172511100769,0.43582224726676944,0.41374410524964333,0.6848193359375,0.2963189697265625,0.697578125,0.300849609375,203.54521575927734,35.228977603912355,0.0002
8550,4.620614643096924,1.4144055092334746,1.4303485947847365,0.22198256433010102,0.5426396131515503,0.4191395464539528,0.4342754642665386,0.73186279296875,0.2801947021484375,0.702269287109375,0.29047821044921873,258.64620376586913,39.71205936431885,0.0002
8600,4.160245518684388,1.2736284804344178,1.1051942560076713,0.22267784655094147,0.46160751581192017,0.37738580256700516,0.45583533465862275,0.7238037109375,0.2714502716064453,0.683173828125,0.3065814208984375,210.84647094726563,34.93634162902832,0.0002
8650,4.690315766334534,1.4449934649467469,1.3757401907444,0.23369776129722594,0.6402137875556946,0.395642111748457,0.374026707559824,0.73572021484375,0.2786993408203125,0.7329345703125,0.2778839111328125,244.5967059326172,35.01704563140869,0.0002
8700,4.3966631412506105,1.4316026616096496,1.259731029868126,0.21316617995500564,0.6414426565170288,0.4716001632809639,0.3720337879657745,0.6875732421875,0.2943939208984375,0.736884765625,0.26240478515625,246.65926086425782,41.09265340805054,0.0002
8750,4.280149517059326,1.2390326744318008,1.2533440047502518,0.22347160339355468,0.5649188756942749,0.5795183908939362,0.4708072976768017,0.69918701171875,0.312808837890625,0.707734375,0.3053680419921875,203.46334396362306,48.260364589691164,0.0002
8800,3.973504910469055,1.1838142639398574,1.0381146991252899,0.21894699543714524,0.5586283206939697,0.4352373670041561,0.514105983376503,0.7143798828125,0.302921142578125,0.6505419921875,0.333341064453125,170.90330986022948,39.60197582244873,0.0002
8850,3.9774878644943237,1.0307331848144532,1.271137679517269,0.20945212870836258,0.6296354532241821,0.43840874403715135,0.45543972074985506,0.6963623046875,0.2949432373046875,0.70099365234375,0.304658203125,189.0871858215332,37.692604866027835,0.0002
8900,4.055657587051392,1.20317520737648,1.1253914070129394,0.21588637590408324,0.45246410369873047,0.3926930367946625,0.4431564773619175,0.71466796875,0.28909423828125,0.6829248046875,0.3084423828125,156.4454189300537,33.418076839447025,0.0002
8950,3.904585371017456,1.2343756651878357,0.9440151274204254,0.21577432185411452,0.41709238290786743,0.45234407499432566,0.5402061563730239,0.7012744140625,0.30040313720703127,0.67198486328125,0.32234222412109376,146.20107360839845,41.844376716613766,0.0002
9000,4.031296420097351,0.9865827322006225,1.2640094864368439,0.22258802324533464,0.7135388255119324,0.42799332439899446,0.5203487773239612,0.7034521484375,0.2901507568359375,0.6619580078125,0.3558697509765625,189.16364456176757,38.45278152465821,0.0002
9050,3.93216477394104,0.9970730543136597,1.1383405926823615,0.2245938903093338,0.6142698526382446,0.38240808367729184,0.45814147472381594,0.7236083984375,0.28051788330078126,0.683756103515625,0.30320831298828127,156.28554626464845,33.323600406646726,0.0002
9100,4.205880227088929,1.168593893647194,1.2699638015031816,0.22091532111167908,0.450693815946579,0.4133635763823986,0.4688368657231331,0.72859375,0.275350341796875,0.6827490234375,0.3348614501953125,178.86050399780274,37.364821147918704,0.0002
9150,4.012166547775268,1.1765722757577897,1.1524805814027785,0.21038921147584916,0.3351697027683258,0.6664867267012596,0.47087763220071793,0.6464434814453125,0.35675567626953125,0.67476806640625,0.32431640625,170.1183073425293,42.14586822509766,0.0002
9200,4.091207518577575,1.1890438199043274,1.1879409795999527,0.21427784025669097,0.4693942964076996,0.422063574641943,0.45807873845100405,0.70621826171875,0.2908056640625,0.6880810546875,0.3058123779296875,194.3876287841797,37.96916175842285,0.0002
9250,4.1976946830749515,1.2127624136209487,1.213944211602211,0.2213735091686249,0.9633362293243408,0.39587018430233,0.47785359501838687,0.72327880859375,0.26589447021484375,0.69715087890625,0.3249554443359375,190.00834686279296,41.206166133880615,0.0002
9300,4.406797256469726,1.2686548602581025,1.353470887541771,0.2230839329957962,0.48835012316703796,0.38196423903107646,0.5009498792886734,0.731728515625,0.2696478271484375,0.67332275390625,0.320694580078125,220.61936431884766,38.76017848968506,0.0002
9350,4.165559163093567,1.119599964618683,1.3506416469812392,0.21191469341516495,0.4152102768421173,0.36698724575340747,0.472107964605093,0.733046875,0.26138786315917967,0.6790087890625,0.3260107421875,229.32693359375,34.577857971191406,0.0002
9400,4.573231468200683,1.1766103315353393,1.5732396486401559,0.22792269110679628,0.5348260998725891,0.3767939506471157,0.48507029563188553,0.7490380859375,0.2537504577636719,0.65736083984375,0.3377001953125,240.26173736572267,35.78657917022705,0.0002
9450,4.424159703254699,1.1324851816892625,1.4470348769426347,0.23057995796203612,0.6780455112457275,0.36742738395929336,0.44867343485355377,0.7382275390625,0.25700286865234373,0.6989599609375,0.3174542236328125,215.84893280029297,36.32630514144898,0.0002
9500,4.27091854095459,1.2454870057106018,1.2646879428625106,0.22009294599294663,0.4769706130027771,0.38314185991883276,0.4832202723622322,0.736141357421875,0.2726776123046875,0.666201171875,0.322335205078125,203.09848526000977,41.03231115341187,0.0002
9550,4.22105161190033,1.208174673318863,1.2923764312267303,0.21506256252527237,0.41694334149360657,0.4404183977097273,0.4742775332927704,0.71502685546875,0.2908306884765625,0.68474609375,0.3249090576171875,226.51873794555664,43.3755770111084,0.0002
9600,4.2119664335250855,1.0729813921451568,1.3845637279748917,0.2193026661872864,0.6507191061973572,0.43891892105340957,0.48040602415800093,0.7135400390625,0.2843505859375,0.67267578125,0.317474365234375,233.03691757202148,44.93787479400635,0.0002
9650,4.291751160621643,1.2573629516363143,1.3329892683029174,0.21267486482858658,0.3938376307487488,0.38921274453401566,0.45526478737592696,0.7171337890625,0.2837799072265625,0.6785595703125,0.315875244140625,238.15770767211913,36.20233543395996,0.0002
9700,3.9965611743927,1.2016196876764298,1.126505350470543,0.2085545176267624,0.5821884870529175,0.42319879222661255,0.4251475442945957,0.7222998046875,0.2798077392578125,0.7043017578125,0.3087921142578125,205.69603393554686,38.193653469085696,0.0002
9750,4.708301281929016,1.499915722310543,1.4561027401685716,0.2190353488922119,0.44578325748443604,0.3702973537147045,0.359748315513134,0.738896484375,0.2534320068359375,0.73728759765625,0.248912353515625,258.18132377157406,37.14076360702515,0.0002
9800,4.548471989631653,1.3058365964889527,1.4790141463279725,0.2204526546597481,0.5767793655395508,0.2848281542211771,0.4099953792989254,0.78830078125,0.21906463623046876,0.71568115234375,0.281539306640625,268.4862107849121,32.466085281372074,0.0002
9850,4.473145055770874,1.2496308052539826,1.4451439517736435,0.22229628682136535,0.4596557915210724,0.4039448218047619,0.4463772323727608,0.72918701171875,0.26880615234375,0.695791015625,0.3141424560546875,228.52811294555664,40.376810188293454,0.0002
9900,4.214754214286804,1.229463741183281,1.1511493331193925,0.22926764011383058,0.5937097072601318,0.42370448291301727,0.38176654681563377,0.71430908203125,0.29201507568359375,0.7218408203125,0.2742755126953125,191.36300857543947,35.81275279998779,0.0002
9950,4.445043148994446,1.3885028886795043,1.2768539327383042,0.2224607914686203,0.569003164768219,0.3722837406396866,0.46592550158500673,0.7417724609375,0.25098724365234376,0.69055419921875,0.309208984375,224.66980422973631,42.41997688293457,0.0002
10000,4.43614239692688,1.232842314839363,1.4019078248739243,0.22517403334379196,0.7145785093307495,0.4153649914264679,0.44895311385393144,0.73173583984375,0.2704833984375,0.693818359375,0.3053668212890625,203.38491760253908,44.08201421737671,0.0002
10050,4.203135890960693,0.9876315349340439,1.4957976979017258,0.21496333092451095,0.5178251266479492,0.3864204826951027,0.4980038559436798,0.7355126953125,0.25720565795898437,0.669013671875,0.3232992553710938,205.6951725769043,39.5003399848938,0.0002
10100,4.474329218864441,1.294157524704933,1.3609905248880387,0.22739764750003816,0.5109615921974182,0.4489381903409958,0.47666697666049,0.72863525390625,0.2856475830078125,0.6844921875,0.31984893798828123,210.0912480163574,43.52998481750488,0.0002
10150,4.5075053691864015,1.1475783209502697,1.624188248515129,0.21696735620498658,0.5613946318626404,0.4485253340005875,0.4812584510445595,0.721328125,0.27985809326171873,0.6757275390625,0.3184675598144531,185.84715057373046,39.67329187393189,0.0002
10200,4.137845025062561,1.1969533920288087,1.161533271074295,0.22241979748010635,0.7981014251708984,0.5037260165810585,0.5423158395290375,0.68892578125,0.30643157958984374,0.6901513671875,0.3407086181640625,159.35660034179688,47.865896949768064,0.0002
10250,4.0895015001297,1.1923799219727516,1.1627460032701493,0.2167969450354576,0.5754455327987671,0.4468527868390083,0.4365700335800648,0.70312744140625,0.30365966796875,0.68730224609375,0.2984320068359375,195.35052154541015,36.98334766387939,0.0002
10300,4.122526636123657,1.0447398340702057,1.2952507936954498,0.22281699806451796,0.3577756881713867,0.3730497198551893,0.4393444475531578,0.7295068359375,0.2638221740722656,0.6883056640625,0.308629150390625,188.35059509277343,33.46580383300781,0.0002
10350,4.0228336143493655,1.1507640343904495,1.1970465230941771,0.20937787890434265,0.48333120346069336,0.4238595148921013,0.4896987995505333,0.71330078125,0.2935009765625,0.66910400390625,0.325447998046875,177.9667483520508,40.025676231384274,0.0002
10400,4.008220477104187,1.0744615423679351,1.2254335129261016,0.2135406768321991,0.46163123846054077,0.40742463946342466,0.5012118515372276,0.7107666015625,0.2753240966796875,0.6679345703125,0.331527099609375,174.3737914276123,37.67677066802978,0.0002
10450,3.975133428573608,1.0712280938029288,1.1883186680078506,0.2144483333826065,0.513895571231842,0.4648475982248783,0.4951446501910686,0.70841552734375,0.3085882568359375,0.65870361328125,0.32860595703125,170.23217987060548,39.823074398040774,0.0002
10500,4.302913618087769,1.1297471773624421,1.3711210721731186,0.22525567442178726,0.5959591865539551,0.4550189098715782,0.5733524331450462,0.7009912109375,0.3180621337890625,0.647159423828125,0.359578857421875,181.1002555847168,44.28074722290039,0.0002
10550,4.389302902221679,1.188258626461029,1.4299178794026375,0.2213907954096794,0.5255664587020874,0.40961680591106414,0.4336317341029644,0.71177734375,0.2818017578125,0.6909814453125,0.3155999755859375,217.80999099731446,34.07057332992554,0.0002
10600,4.154073243141174,1.0876001650094986,1.2168528836965562,0.23120252460241317,0.6032279133796692,0.37854510635137556,0.4697814276814461,0.7398828125,0.26011062622070313,0.681669921875,0.3116058349609375,180.24650840759278,36.93267715454102,0.0002
10650,4.280195207595825,1.2609056967496872,1.2804524332284928,0.21735463052988052,0.582995593547821,0.35799319975078103,0.5560574945807457,0.740712890625,0.2523736572265625,0.67046875,0.3433197021484375,204.97462966918945,41.0566579246521,0.0002
10700,3.9538998413085937,1.1337096971273422,1.1615420430898666,0.20733101099729537,0.5895698070526123,0.4737242939323187,0.5357221123576165,0.71218505859375,0.29885955810546877,0.6600537109375,0.3414166259765625,168.87617980957032,42.43843673706055,0.0002
10750,4.159327359199524,1.216008451282978,1.2929458022117615,0.20629663705825807,0.593490719795227,0.4816002033650875,0.4326602218300104,0.6854931640625,0.3073779296875,0.6849560546875,0.3079901123046875,194.64059036254883,40.34921928405762,0.0002
10800,4.3473411512374875,1.2587717843055726,1.29482730448246,0.22421775817871092,0.6168733835220337,0.38208124235272406,0.4014345845580101,0.7200732421875,0.27103240966796877,0.71548828125,0.280625,205.4870305633545,34.10423069000244,0.0002
10850,4.4042160606384275,1.178541780114174,1.4923584961891174,0.21666447192430496,0.7359530329704285,0.33450468242168424,0.46772905588150027,0.7636767578125,0.255341796875,0.677861328125,0.3264935302734375,237.60711166381836,37.971000804901124,0.0002
10900,4.134897828102112,1.0423362290859222,1.2681784787774086,0.22804789036512374,0.5458455681800842,0.4235896557569504,0.44183712780475615,0.70639404296875,0.2741395568847656,0.6810009765625,0.305196533203125,174.0337107849121,38.40265600204468,0.0002
10950,4.3276204490661625,1.289438963532448,1.2881345278024674,0.2187558689713478,0.5434613823890686,0.4296850572526455,0.41625326938927176,0.73921142578125,0.28648406982421876,0.71811279296875,0.2976446533203125,189.0289440917969,38.2302752494812,0.0002
11000,4.425720324516297,1.321043811440468,1.2825812977552413,0.2277619031071663,0.41726693511009216,0.4166593265533447,0.5086584490537643,0.7128173828125,0.27946533203125,0.65685546875,0.32438720703125,180.7104320526123,40.212968559265136,0.0002
11050,4.192563047409058,1.2181776118278504,1.2296751266717911,0.21808879494667052,0.5668693780899048,0.390550391972065,0.4352650065720081,0.73432861328125,0.2773577880859375,0.702373046875,0.309095458984375,181.78587936401368,35.22783109664917,0.0002
11100,4.32588276386261,1.2152028048038483,1.3667968249320983,0.21798539280891419,0.4601184129714966,0.6601846499741078,0.47634941428899763,0.6468896484375,0.3507861328125,0.6589990234375,0.322049560546875,193.34685607910157,50.475551776885986,0.0002
11150,4.366520290374756,1.2682261729240418,1.3108123379945755,0.2234352269768715,0.5581681728363037,0.3481340044736862,0.3956166872382164,0.755537109375,0.2616259765625,0.72758544921875,0.2816632080078125,226.85039253234862,31.067841701507568,0.0002
11200,4.696875095367432,1.400002128481865,1.5797005426883697,0.21464655071496963,0.4397769570350647,0.3918290439248085,0.3957760201394558,0.73180908203125,0.24621231079101563,0.709521484375,0.2762188720703125,233.20036361694335,37.56970043182373,0.0002
11250,4.164195995330811,1.1464246302843093,1.2685639852285384,0.2186509218811989,0.5086489319801331,0.3787458849698305,0.4455931293964386,0.74426513671875,0.257896728515625,0.69098388671875,0.308079833984375,214.45209396362304,38.219979743957516,0.0002
11300,4.485146760940552,1.2780671840906144,1.3942588889598846,0.2266025909781456,0.6544130444526672,0.3701279070973396,0.5040603004395962,0.7385205078125,0.2663006591796875,0.67232421875,0.3324945068359375,225.71291290283204,40.46232980728149,0.0002
11350,4.3493667459487915,1.2563804495334625,1.325821402668953,0.220895614027977,0.5984079837799072,0.38455955043435097,0.39169110149145125,0.7238818359375,0.269146728515625,0.7139990234375,0.2779959106445313,214.37307479858399,32.30355438232422,0.0002
11400,4.661436591148377,1.4623220378160477,1.4953648692369461,0.21296870917081834,0.5619771480560303,0.5818132820725441,0.4265289804339409,0.6787451171875,0.317042236328125,0.707021484375,0.28374664306640623,242.88664978027344,49.85726951599121,0.0002
11450,3.987080411911011,1.1820441460609437,1.1011129772663117,0.21299041211605071,0.531423807144165,0.5465672640502452,0.4404938095808029,0.67496826171875,0.32875762939453124,0.6986376953125,0.30788818359375,160.8601626586914,45.576150283813476,0.0002
11500,3.9258371591567993,1.2044166526198388,1.1088093128800391,0.20157640159130097,0.414057195186615,0.4598474156111479,0.48516616255044936,0.69891845703125,0.3077899169921875,0.6782568359375,0.32415771484375,132.36274688720704,40.92803440093994,0.0002
11550,4.02684720993042,1.2407633417844772,1.1178427532315254,0.20853014022111893,0.45832952857017517,0.4265844613313675,0.4568548333644867,0.6968212890625,0.301527099609375,0.69891845703125,0.29852020263671875,159.50262420654298,40.20776678085327,0.0002
11600,4.352135710716247,1.0951369750499724,1.4729008680582047,0.22301223397254943,0.5415148138999939,0.40107287615537646,0.4635586877167225,0.7274462890625,0.2753314208984375,0.696083984375,0.3096759033203125,207.6108999633789,38.702296867370606,0.0002
11650,4.480671720504761,1.1576790499687195,1.4610059094429015,0.23274834632873534,0.5100848078727722,0.35396200001239775,0.426960473805666,0.742236328125,0.2546258544921875,0.69562744140625,0.284051513671875,216.15375457763673,31.541183586120606,0.0002
11700,4.317548322677612,1.1658124488592148,1.3087927067279816,0.23036789417266845,0.4746607542037964,0.37832599371671677,0.5059629598259926,0.7322607421875,0.26924560546875,0.675361328125,0.331458740234375,196.43402725219727,39.95695442199707,0.0002
11750,4.429157581329346,1.2013338693976403,1.3971124106645585,0.2288389053940773,0.5059890747070312,0.48969182938337324,0.5086063247919083,0.696864013671875,0.304344482421875,0.6752978515625,0.329315185546875,205.33177047729492,47.54754926681519,0.0002
11800,4.083628356456757,1.09378104865551,1.2432036948204042,0.2183304551243782,0.6706593036651611,0.42711337134242056,0.48456137597560883,0.71339599609375,0.2949761962890625,0.66857666015625,0.3292535400390625,157.38802902221678,41.9546612739563,0.0002
11850,4.388005523681641,1.253498158454895,1.439908026456833,0.21182491540908813,0.4903542697429657,0.4539924296736717,0.4270704910159111,0.7018896484375,0.296400146484375,0.7086669921875,0.3040130615234375,213.88839370727538,43.06576769692557,0.0002
11900,4.486077327728271,1.3821853113174438,1.310311388373375,0.22419757544994354,0.6403385400772095,0.3966225722432137,0.432263380587101,0.7252783203125,0.2724334716796875,0.69712890625,0.301026611328125,198.6010792541504,37.71430820465088,0.0002
11950,4.459903659820557,1.3398569649457932,1.4039634162187575,0.21451041102409363,0.6884437203407288,0.38166441589593886,0.435055413544178,0.7258251953125,0.2647098541259766,0.703837890625,0.3042779541015625,198.74642517089845,42.07449378967285,0.0002
12000,4.3243515586853025,1.4276978093385697,1.1436041474342347,0.21913119584321974,0.483367383480072,0.4251203453540802,0.3902414287626743,0.7174462890625,0.28554519653320315,0.735322265625,0.27720550537109373,176.5198973083496,36.17887052536011,0.0002
12050,4.226646213531494,1.189967220723629,1.2427442160248756,0.22424184560775756,1.009669542312622,0.387967761978507,0.482986820936203,0.734892578125,0.274749755859375,0.673134765625,0.322574462890625,192.57487503051757,37.14092937469482,0.0002
12100,4.403466739654541,1.2727772057056428,1.4350595891475677,0.211953746676445,0.738814651966095,0.3706492048501968,0.42431489646434783,0.73061279296875,0.258797607421875,0.7118505859375,0.2803968811035156,235.3066278076172,37.23340261459351,0.0002
12150,4.2803589677810665,1.2073493373394013,1.4154605054855347,0.20719363927841186,0.47628530859947205,0.4016361341625452,0.5142203703522682,0.7384326171875,0.2737481689453125,0.6800146484375,0.318297119140625,203.48345245361327,44.051959438323976,0.0002
12200,4.243693294525147,1.2405583634972572,1.2027142959833146,0.2250525775551796,0.5656267404556274,0.4210029208660126,0.5107265514135361,0.7213232421875,0.2865496826171875,0.665634765625,0.32577392578125,196.06613704136439,44.056373558044434,0.0002
12250,4.294170565605164,1.2425216138362885,1.3183770725131034,0.2166589853167534,0.618048369884491,0.41141729086637496,0.4850665207207203,0.71232421875,0.2688897705078125,0.68206787109375,0.323824462890625,195.41858627319337,44.789147262573245,0.0002
12300,4.570013275146485,1.302241947054863,1.5510835260152818,0.21458597660064696,0.8337191343307495,0.39608514934778216,0.44898138910532,0.751083984375,0.26809783935546877,0.69103515625,0.31210205078125,235.143383102417,39.78281723022461,0.0002
12350,4.874476866722107,1.420401350259781,1.596637173295021,0.23217978984117507,0.4690697193145752,0.4023976371437311,0.44942888379096985,0.7256982421875,0.27310638427734374,0.705833740234375,0.2949224853515625,238.6128581237793,43.77215785980225,0.0002
12400,4.330212550163269,1.1770656365156174,1.2938751693069934,0.23240896224975585,0.4723318815231323,0.360381885021925,0.44370445862412455,0.7416064453125,0.2500982666015625,0.69589111328125,0.302078857421875,199.65665328979492,35.80489917755127,0.0002
12450,4.662403540611267,1.5313065922260285,1.3369536364078523,0.2242679128050804,0.4405527114868164,0.42585023015737533,0.38786436870694163,0.7410205078125,0.2804547119140625,0.73036865234375,0.268265380859375,202.9226058959961,41.94489240646362,0.0002
12500,5.059182338714599,1.5150025588274003,1.6601093830168248,0.2355088075995445,0.6951630711555481,0.45792154118418693,0.4879381451010704,0.73563720703125,0.2618907165527344,0.702939453125,0.30069961547851565,235.6817056274414,44.372880134582516,0.0002
12550,4.340870575904846,1.2902148842811585,1.2682412517070771,0.22280180543661118,0.4707832932472229,0.36399104349315164,0.46549805387854576,0.7476904296875,0.24793895721435547,0.6848046875,0.29857574462890624,199.6769775390625,37.60371942520142,0.0002
12600,4.38739396572113,1.135798551440239,1.462220798432827,0.22367182791233062,0.5513929724693298,0.4235033510625362,0.3960647328197956,0.7033154296875,0.289920654296875,0.7314794921875,0.2841680908203125,226.1329837036133,36.810521087646485,0.0002
12650,4.447228059768677,1.2245398300886154,1.4973816603422165,0.2156633159518242,0.4915493428707123,0.3194002692401409,0.4288953401893377,0.778544921875,0.23955718994140626,0.7000732421875,0.29527557373046875,234.06346603393555,35.121467952728274,0.0002
12700,4.390036363601684,1.2119078528881073,1.4304510641098023,0.2184596824645996,0.6283169388771057,0.4645055419206619,0.4557350718975067,0.6884130859375,0.2836094665527344,0.70222900390625,0.3119573974609375,191.31992279052736,45.69629302978515,0.0002
12750,4.446127986907959,1.2064928442239762,1.3855755782127381,0.2317574429512024,0.4897705614566803,0.41423102490603925,0.46481886953115464,0.740419921875,0.2838037109375,0.6846435546875,0.3020379638671875,233.40387588500977,39.46160413742066,0.0002
12800,4.542820110321045,1.2874316430091859,1.4470948821306229,0.22603669583797456,0.4940701425075531,0.4092379543185234,0.536194144487381,0.705859375,0.2788726806640625,0.66578125,0.3358624267578125,208.1262678527832,40.29159645080566,0.0002
12850,4.1317730903625485,1.136409541964531,1.2732482624053956,0.2152644118666649,0.4316160976886749,0.42724826849997044,0.46022365614771843,0.7294482421875,0.29007232666015625,0.6993017578125,0.323089599609375,155.2301301574707,38.15065304756165,0.0002
12900,4.3611327743530275,1.2203440511226653,1.3805443543195723,0.22003054440021516,0.4406801760196686,0.43625029906630514,0.48933002635836603,0.7133056640625,0.276192626953125,0.6628515625,0.3242486572265625,165.53624839782714,41.11532192230224,0.0002
12950,4.076090726852417,1.0768872302770616,1.247968104481697,0.21890442579984665,0.5028661489486694,0.44343314692378044,0.412991039454937,0.71422119140625,0.29933387756347657,0.698349609375,0.300687255859375,166.77109573364257,37.13857604980469,0.0002
13000,4.134105010032654,1.109691825658083,1.2968633151054383,0.21594373136758804,0.4853629171848297,0.47992658883333206,0.49978120721876623,0.683037109375,0.3023602294921875,0.670400390625,0.31994598388671874,179.97579650878907,44.59990465164184,0.0002
13050,4.003346266746521,1.3471360594034194,1.010832172036171,0.20567225590348243,0.6382065415382385,0.4187814672291279,0.44341638416051865,0.7112744140625,0.28338714599609377,0.69435546875,0.3022955322265625,156.99039688110352,38.9085143661499,0.0002
13100,4.2062499046325685,1.367542571425438,1.0772570690512657,0.22018128573894502,0.5141583681106567,0.43661091834306714,0.41188846707344057,0.72748046875,0.28199066162109376,0.7142919921875,0.28580078125,179.34811950683593,38.40648490905762,0.0002
13150,4.616722168922425,1.272153834104538,1.4639443892240525,0.23507799029350282,0.6836273670196533,0.4481521555781364,0.4338189299404621,0.70822265625,0.2958348083496094,0.7108642578125,0.286685791015625,225.5415602874756,40.16302415847778,0.0002
13200,4.310914802551269,1.1998198080062865,1.2798397654294968,0.22890689969062805,0.5156428813934326,0.3523691239207983,0.48585916578769683,0.745517578125,0.2532916259765625,0.6920458984375,0.305587158203125,205.98648162841798,39.60933446884155,0.0002
13250,4.188748474121094,1.1964629065990449,1.2514861983060837,0.21759992480278015,0.557092010974884,0.39988813519477845,0.5210288193821907,0.7408251953125,0.27391571044921875,0.68103515625,0.3246371459960937,184.0656999206543,42.242024955749514,0.0002
13300,4.602693119049072,1.3729718640446662,1.356622020304203,0.23413740813732148,0.48689237236976624,0.3980135403573513,0.39862979128956794,0.72216796875,0.26491302490234375,0.7280517578125,0.274559326171875,193.8393232727051,35.9529506111145,0.0002
13350,4.133759751319885,1.268257473707199,1.1271229046583175,0.21729741960763932,0.6395375728607178,0.36500207185745237,0.42100302517414095,0.7507080078125,0.25912261962890626,0.7049951171875,0.28886474609375,174.78620330810546,37.77553358078003,0.0002
13400,4.715049133300782,1.1866382567584515,1.7068671655654908,0.22769296318292617,0.5559380054473877,0.3715488962084055,0.436067211329937,0.7364892578125,0.24508941650390625,0.7069189453125,0.30443359375,258.7570085144043,37.2216713142395,0.0002
13450,4.5401461935043335,1.4360597643256188,1.302684143781662,0.22517529040575027,0.4956883192062378,0.41872717812657356,0.44764218538999556,0.72793701171875,0.281192626953125,0.69345703125,0.296746826171875,225.08122268676757,39.902109127044675,0.0002
13500,4.160556139945984,1.200028555393219,1.2272909796237945,0.21665457516908646,0.42650729417800903,0.35952815763652324,0.41687513031065465,0.73721923828125,0.24785552978515624,0.7156640625,0.29387359619140624,192.6569218444824,35.02318391799927,0.0002
13550,4.308904595375061,1.321533133983612,1.3200704580545426,0.2084126278758049,0.45067811012268066,0.4226649456471205,0.36707200601696965,0.739453125,0.29490936279296875,0.728115234375,0.2597675323486328,195.89281127929686,36.02825065612793,0.0002
13600,4.679865617752075,1.2105625468492507,1.640911939740181,0.22854889392852784,0.5871143341064453,0.5056510254740715,0.4573632252216339,0.6839453125,0.2996484375,0.69827392578125,0.30622802734375,230.76719146728516,44.9466155052185,0.0002
13650,4.44929566860199,1.2218993043899535,1.4253997853398324,0.22524957090616227,0.5355013608932495,0.376053861156106,0.5096440917253494,0.741298828125,0.2627789306640625,0.675758056640625,0.31665008544921874,199.66065097808837,41.57457365036011,0.0002
13700,4.645459122657776,1.208595420718193,1.6555028116703034,0.22267011135816575,0.5505756139755249,0.3694241587072611,0.39349364981055257,0.7400244140625,0.25727813720703124,0.72557861328125,0.2776119995117188,231.51376678466798,38.72465385437012,0.0002
13750,4.270420684814453,1.288297923207283,1.2637519967556,0.2147963461279869,0.5276775360107422,0.43581088855862615,0.4352341189980507,0.729598388671875,0.28021728515625,0.70638916015625,0.297557373046875,187.88927337646484,40.637774543762205,0.0002
13800,4.413226928710937,1.2000114211440087,1.4325969237089158,0.2225773224234581,0.46389275789260864,0.4553321459889412,0.5140816351771355,0.70798828125,0.294442138671875,0.654454345703125,0.3302423095703125,202.38664978027344,46.77710224151611,0.0002
13850,4.2545920085906985,1.1785791271924972,1.2729555767774583,0.22538216322660445,0.5345990061759949,0.40167199209332466,0.5030458834767342,0.722109375,0.2650033569335937,0.67545166015625,0.3397723388671875,203.13154342651367,40.309173049926756,0.0002
13900,4.4835664176940915,1.1597933411598205,1.556902614235878,0.22085880637168884,0.45458146929740906,0.3458043296635151,0.47762268856167794,0.7581640625,0.2535728454589844,0.67878662109375,0.3251837158203125,222.09808517456054,40.07568965911865,0.0002
13950,4.3735092878341675,1.186268520951271,1.465646480321884,0.21519928574562072,0.8200955986976624,0.396396679840982,0.4877919399738312,0.7432763671875,0.2643801879882812,0.66250732421875,0.32369384765625,165.59463317871095,40.93612056732178,0.0002
14000,4.505096459388733,1.3621306931972503,1.42810310870409,0.2143578362464905,0.5134968161582947,0.42387779638171197,0.37191094905138017,0.708291015625,0.28061676025390625,0.741015625,0.2697723388671875,228.45573539733886,38.20245014190674,0.0002
14050,4.457614254951477,1.354188546538353,1.3477743130922317,0.21945642590522765,0.6284235715866089,0.34150374930351973,0.4193913190066814,0.755400390625,0.2446429443359375,0.71550537109375,0.2806085205078125,206.65352005004883,36.46865444183349,0.0002
14100,4.554520545005798,1.203490280508995,1.4572795536369085,0.23671883702278138,0.6262704133987427,0.5189995058625937,0.4036001728475094,0.71761474609375,0.28328197479248046,0.72097900390625,0.2793756103515625,198.74022918701172,45.15044177308374,0.0002
14150,4.3960023641586305,1.3603165662288665,1.1821256548166275,0.231695017516613,0.8618457913398743,0.4081980425864458,0.4302183170616627,0.7355419921875,0.2823487854003906,0.7128173828125,0.2816851806640625,159.1588646697998,38.70973665237427,0.0002
14200,4.156473846435547,1.1638964012265205,1.2521965983510017,0.21754760503768922,0.6242684721946716,0.4035919977724552,0.4774360889941454,0.7286279296875,0.2636863708496094,0.6886865234375,0.3225689697265625,143.98027000427246,41.12103820800781,0.0002
14250,4.345253639221191,1.0992874667048453,1.4718860059976577,0.22176002204418183,0.8354912996292114,0.39262491405010225,0.46592715457081796,0.73925537109375,0.259044189453125,0.68098388671875,0.3105047607421875,220.6030774797712,40.37452016830444,0.0002
14300,4.139176006317139,1.2906970652937888,1.1608364704251288,0.21095531284809113,0.473609983921051,0.4633490888774395,0.5188531348109245,0.69230224609375,0.3062551879882813,0.68084716796875,0.320235595703125,157.55381858825683,47.58132957458496,0.0002
14350,4.1567198848724365,1.1890145863592625,1.2268034297227859,0.21761272802948953,0.6098597049713135,0.461810532733798,0.4922162786126137,0.70510009765625,0.2965155029296875,0.68269775390625,0.3186175537109375,182.69496963500976,43.45937562942505,0.0002
14400,4.299240231513977,1.1877750903367996,1.3301463502645492,0.22266484916210175,0.35965320467948914,0.4012562003731728,0.5274964685738087,0.7175390625,0.27991455078125,0.66739501953125,0.340078125,197.33663467407226,41.235516738891604,0.0002
14450,4.066301436424255,1.1621786823868752,1.2057016849517823,0.21230262964963914,0.30463874340057373,0.434142459705472,0.4643734234571457,0.71908203125,0.2994239807128906,0.67880126953125,0.3160833740234375,147.10940200805663,38.56581880569458,0.0002
14500,4.443926329612732,1.3091476941108704,1.384843683242798,0.21874186933040618,0.5643222332000732,0.5064703679084778,0.43291102901101114,0.68580810546875,0.3211993408203125,0.6938671875,0.297978515625,165.1156226348877,43.214488105773924,0.0002
14550,4.102525720596313,1.2792336058616638,1.1292321911454202,0.21175749033689498,0.5413070917129517,0.4458475671708584,0.44125507056713104,0.704613037109375,0.284388427734375,0.69443359375,0.311817626953125,155.26836669921875,36.03946332931518,0.0002
14600,4.246498260498047,1.1840133666992188,1.273759816288948,0.22359063237905502,0.7682412266731262,0.4084047181904316,0.43929011464118956,0.713388671875,0.28305816650390625,0.699267578125,0.2855718994140625,192.2457176208496,35.56012668609619,0.0002
14650,4.453003778457641,1.3574354195594787,1.4352571642398835,0.20753889620304108,0.5570216774940491,0.34386963278055194,0.40568419098854064,0.75720703125,0.25422332763671873,0.727763671875,0.292813720703125,172.57740795135499,34.809244346618655,0.0002
14700,4.165840692520142,1.0739993953704834,1.3219708025455474,0.221233811378479,0.9022411108016968,0.42335970159620046,0.49962073773145677,0.716767578125,0.28101104736328125,0.666552734375,0.3287664794921875,197.41292907714845,43.35937652587891,0.0002
14750,4.196716041564941,1.2357346999645233,1.175119667649269,0.22323270946741103,0.5037365555763245,0.45886142626404763,0.47928750425577166,0.7103955078125,0.29587005615234374,0.67973388671875,0.312386474609375,163.17710006713867,40.62577411651611,0.0002
14800,4.344981808662414,1.3218447166681289,1.286394446492195,0.2170928293466568,0.6072077751159668,0.5315719464421272,0.4372252793610096,0.68180908203125,0.310706787109375,0.73027099609375,0.2861492919921875,178.5606317138672,46.937374439239505,0.0002
14850,4.1977257680892945,1.2442606329917907,1.1001863992214203,0.23165984183549881,0.6194634437561035,0.44816169276833534,0.44766082644462585,0.70669189453125,0.30099639892578123,0.7035009765625,0.29734375,134.7648698425293,42.51400760650635,0.0002
14900,4.230150766372681,1.1865331679582596,1.3434086704254151,0.2125261101126671,0.42162150144577026,0.3963625203818083,0.4563756029307842,0.7277294921875,0.27966812133789065,0.6743505859375,0.3077609252929687,175.03722625732422,38.83455257415771,0.0002
14950,4.398278856277466,1.133877461850643,1.520032494664192,0.21804611146450043,0.5059651136398315,0.43777921572327616,0.4718534004688263,0.70594482421875,0.2877685546875,0.6912744140625,0.307540283203125,210.48480880737304,41.40096111297608,0.0002
15000,4.538842449188232,1.2836738163232804,1.5202516511082649,0.21686462223529815,0.4415321946144104,0.4821505239605904,0.4295366212725639,0.69778564453125,0.2984375,0.713974609375,0.296607666015625,201.60184684753418,46.613746871948244,0.0002
15050,4.275008263587952,1.1847065976262092,1.2876505982875823,0.2253313860297203,0.5468992590904236,0.467818543612957,0.46180057287216186,0.702318115234375,0.3065145874023438,0.7003515625,0.309388427734375,181.72632659912108,41.210707626342774,0.0002
15100,4.368176279067993,1.3453761613368989,1.294370206594467,0.2160537400841713,0.5577641129493713,0.39928690120577814,0.44170675724744796,0.71955078125,0.2752459716796875,0.69429443359375,0.293216552734375,166.85804481506347,40.63459712982178,0.0002
15150,4.160014190673828,1.3178754806518556,1.1139291799068451,0.21602619498968123,0.5204433798789978,0.3935778633505106,0.5015878233313561,0.7246826171875,0.28035003662109376,0.6870458984375,0.3210406494140625,160.78211349487304,39.72317384719849,0.0002
15200,4.226710133552551,1.2199271953105926,1.2293976974487304,0.22217315673828125,0.5650392770767212,0.43661763839423656,0.4006041294336319,0.726160888671875,0.28253372192382814,0.707548828125,0.2861309814453125,171.38743698120118,36.550585441589355,0.0002
15250,4.311752166748047,1.3263290119171143,1.2681421196460725,0.2146601277589798,0.595444917678833,0.43460248164832593,0.43406500309705737,0.71188720703125,0.2841619873046875,0.7083056640625,0.29261810302734376,162.76329177856445,41.49273839950561,0.0002
15300,4.1805808544158936,1.2093125224113463,1.1706972110271454,0.22507138788700104,0.8708868026733398,0.3934262146055698,0.46128676004707814,0.72532470703125,0.26774627685546876,0.6896044921875,0.30981689453125,151.3430340576172,37.34972024917602,0.0002
15350,4.744276905059815,1.3453794932365417,1.5127791881561279,0.23576478004455567,0.5595945119857788,0.34465792171657084,0.39532802790403365,0.76337890625,0.248345947265625,0.73162353515625,0.267215576171875,209.4611231994629,39.73238285064697,0.0002
15400,4.826354322433471,1.390066893696785,1.7076401841640472,0.21608090668916702,0.6150355935096741,0.38746799558401107,0.4220187444984913,0.7435107421875,0.2598724365234375,0.71857421875,0.2898748779296875,257.0596555328369,38.04756507873535,0.0002
15450,4.8533862113952635,1.4034041690826415,1.611397033929825,0.2298231279850006,0.4415980279445648,0.36432800598442555,0.40292867198586463,0.75105224609375,0.23938812255859376,0.72594970703125,0.278114013671875,223.26808609008788,39.60913103103638,0.0002
15500,4.695968923568725,1.3777275323867797,1.482810022830963,0.22942891776561736,0.726922333240509,0.37941417321562765,0.4043046832084656,0.7567529296875,0.2558575439453125,0.72034912109375,0.27571868896484375,200.29566818237305,38.618220558166506,0.0002
15550,4.553320088386536,1.2433184081315993,1.5522533297538756,0.21971855014562608,0.4365854263305664,0.38814900144934655,0.419942202270031,0.73185546875,0.25505859375,0.6985986328125,0.2815887451171875,213.9103611755371,41.47447723388672,0.0002
15600,4.301180295944214,1.2457082456350326,1.2672710025310516,0.22352513462305068,0.7133424878120422,0.4301814875006676,0.48306740522384645,0.72291015625,0.29899810791015624,0.6976171875,0.3327593994140625,169.105245513916,43.343374481201174,0.0002
15650,4.881152663230896,1.3375997734069824,1.7251410686969757,0.22730147629976272,0.8261505365371704,0.39072905577719214,0.471925927400589,0.739345703125,0.25676803588867186,0.68501953125,0.3045751953125,212.65442581176757,42.75513986587524,0.0002
15700,4.409872326850891,1.3041518115997315,1.4486937341094017,0.20712834775447844,0.597482442855835,0.43762520715594294,0.48590135425329206,0.70850341796875,0.289521484375,0.69962646484375,0.310736083984375,166.7853581237793,44.23804023742676,0.0002
15750,4.280850486755371,1.2279771208763122,1.3301191622018813,0.21534427851438523,0.5357987880706787,0.4323707515001297,0.45592227146029474,0.70275634765625,0.28782928466796875,0.681572265625,0.295853271484375,173.30641006469727,40.094655227661136,0.0002
15800,4.574869041442871,1.2854121416807174,1.4393027746677398,0.23126926392316818,0.6056423187255859,0.3717310132831335,0.40478953331708906,0.75188720703125,0.2651904296875,0.723955078125,0.289462890625,201.2170474243164,38.21642644882202,0.0002
15850,4.394730353355408,1.2436842748522758,1.3306926357746125,0.22754418075084687,0.5539664030075073,0.40570238560438154,0.5060286746919155,0.7227099609375,0.2689715576171875,0.68777587890625,0.308414306640625,182.11486267089845,43.0853080368042,0.0002
15900,4.3369919872283935,1.1854473549127578,1.3390901869535445,0.22655680358409883,0.6011217832565308,0.353446207344532,0.4324181813001633,0.7457177734375,0.2476422119140625,0.70238037109375,0.3039358520507813,164.30563735961914,35.54637359619141,0.0002
15950,4.503651537895203,1.2579092127084732,1.4388192635774613,0.22586538672447204,0.6055513620376587,0.3949255122244358,0.44697468131780627,0.74392578125,0.25863983154296877,0.6908935546875,0.2965887451171875,170.61890396118164,40.32058364868164,0.0002
16000,4.503148546218872,1.3446085143089295,1.34772376537323,0.2263520312309265,0.49013644456863403,0.45953030049800875,0.42616735383868215,0.72115234375,0.294288330078125,0.698310546875,0.2983441162109375,178.89628547668457,44.83545333862305,0.0002
16050,4.1695158624649045,1.2231056329607963,1.242392588853836,0.21300220459699631,0.5866029262542725,0.44279446355998514,0.4256975455582142,0.702724609375,0.296787109375,0.70640625,0.2973309326171875,151.83706756591798,37.54567838668823,0.0002
16100,4.580971894264221,1.4569852310419082,1.2152109295129776,0.23859696596860885,0.35059645771980286,0.4215617117285728,0.39063834726810454,0.7167431640625,0.27623443603515624,0.7284228515625,0.2789111328125,175.79499633789064,39.56019723892212,0.0002
16150,4.226065893173217,1.3472153174877166,1.1123903703689575,0.2208075287938118,0.5623374581336975,0.4352060143649578,0.46804442957043646,0.718134765625,0.298997802734375,0.68702880859375,0.30318359375,176.27277572631837,41.4867271232605,0.0002
16200,4.450105614662171,1.4360131457448007,1.202296768426895,0.22647446542978286,0.3757762312889099,0.4059526932239532,0.4468644332885742,0.71139404296875,0.2727484130859375,0.702763671875,0.2992901611328125,161.01929275512694,38.51744033813477,0.0002
16250,4.308940558433533,1.156748471558094,1.4007584249973297,0.21892920792102813,0.8316020965576172,0.4100507685542107,0.39771949395537376,0.72197509765625,0.280556640625,0.7220751953125,0.2680224609375,187.95785079956056,39.37760305404663,0.0002
16300,4.637122025489807,1.3846002393960952,1.4592691892385483,0.22415657430887223,0.5504363775253296,0.3922682524472475,0.4898106586933136,0.7268212890625,0.26420654296875,0.69114501953125,0.3195440673828125,181.24527130126953,40.71117897033692,0.0002
16350,4.249718923568725,1.185606263279915,1.2201130723953246,0.23049994856119155,0.4081396460533142,0.3895651189982891,0.4266075460612774,0.74625732421875,0.2724310302734375,0.711435546875,0.2894354248046875,168.0948349761963,40.33528388977051,0.0002
16400,4.476509194374085,1.3616174858808519,1.311177579164505,0.22546426564455033,0.9138345122337341,0.3520389997214079,0.39880013555288313,0.7501953125,0.2579046630859375,0.72291259765625,0.275323486328125,198.48914154052736,35.209197196960446,0.0002
16450,4.476044330596924,1.1771250388026238,1.6016227327287198,0.21216207146644592,0.7635672092437744,0.3614989724755287,0.41875359654426575,0.745830078125,0.238865966796875,0.702890625,0.2916778564453125,204.16044048387178,38.65610464096069,0.0002
16500,4.49150667667389,1.2932767599821091,1.3696853983402253,0.22856806248426437,0.45736023783683777,0.45194341115653514,0.497535125464201,0.7148876953125,0.284310302734375,0.679464111328125,0.3193487548828125,171.6304881286621,44.24463413238525,0.0002
16550,5.031820402145386,1.68344948887825,1.4922042274475098,0.23202083587646485,0.46970057487487793,0.3687511084228754,0.3742019276320934,0.7447119140625,0.24688125610351563,0.727548828125,0.2568524169921875,222.10730529785155,36.06626449584961,0.0002
16600,4.4030969619750975,1.1886509492993356,1.4331881201267243,0.22265723794698716,0.5397108793258667,0.40176977068185804,0.48011117815971377,0.74150390625,0.26362030029296873,0.69391357421875,0.3117828369140625,187.4636721801758,45.99240833282471,0.0002
16650,4.358500699996949,1.263876854777336,1.3147943252325058,0.22247869580984114,0.4986087679862976,0.4179447267949581,0.5036097276210785,0.7158837890625,0.29146026611328124,0.68109375,0.32588623046875,172.55072456359864,44.34825159072876,0.0002
16700,4.533354296684265,1.3218979966640472,1.3643089148402214,0.23089341849088668,0.4296627640724182,0.43512985795736314,0.397404393106699,0.71647216796875,0.27784637451171873,0.7160546875,0.276361083984375,179.62909523010254,43.12156684875488,0.0002
16750,4.806239366531372,1.4062547451257705,1.5757202643156052,0.22803304523229598,0.5143548846244812,0.37528256967663765,0.47851255133748055,0.7519189453125,0.25695220947265623,0.6837255859375,0.32096435546875,206.5524641418457,42.795771532058716,0.0002
16800,4.73576521396637,1.5281098580360413,1.3543958485871554,0.23165743947029113,0.5965540409088135,0.3730380959063768,0.38368321627378466,0.753056640625,0.24551876068115233,0.7386669921875,0.255567626953125,217.69353179931642,39.50711359024048,0.0002
16850,4.546760182380677,1.2107178354263306,1.4163478368520737,0.23996181279420853,0.6420513987541199,0.37724587708711627,0.511588034182787,0.749228515625,0.249339599609375,0.687431640625,0.315491943359375,207.35557838439942,42.50800708770752,0.0002
16900,4.477555446624756,1.3873437362909318,1.2917868744581937,0.2248030999302864,0.5525331497192383,0.4905846828222275,0.4066475521028042,0.70465576171875,0.29936920166015624,0.71671875,0.2813287353515625,165.93035064697267,45.401752624511715,0.0002
16950,4.481165041923523,1.391420080214739,1.301442533135414,0.22353779911994934,0.4485197365283966,0.3836737088859081,0.46485347747802735,0.729541015625,0.25338775634765626,0.7049462890625,0.3084478759765625,183.75175903320311,39.43006305305325,0.0002
17000,4.280330657958984,1.1795055329799653,1.3680506557226182,0.2165968105196953,0.6247062683105469,0.37282179571688173,0.461680905520916,0.75533203125,0.265338134765625,0.6767724609375,0.3141400146484375,173.42907127380371,36.67482913970947,0.0002
17050,4.493135704994201,1.2919364511966704,1.5256536376476288,0.2094431972503662,0.3944298028945923,0.4078380298614502,0.42092907264828683,0.73271484375,0.264566650390625,0.71896484375,0.2890234375,179.46735534667968,40.299441471099854,0.0002
17100,4.261355204582214,1.1302313160896302,1.295788161456585,0.2294169670343399,0.4362339973449707,0.4778915494866669,0.43134283542633056,0.682666015625,0.2934454345703125,0.7113525390625,0.2996070861816406,162.88907127380372,36.94417201995849,0.0002
17150,4.372036752700805,1.3653709769248963,1.206225117146969,0.2250550842285156,0.5976883172988892,0.4027041507512331,0.43220139414072034,0.7436279296875,0.2674346923828125,0.7019580078125,0.2997052001953125,159.35332542419434,38.51143501281738,0.0002
17200,4.546747798919678,1.391396530866623,1.348076094686985,0.22590940028429032,0.46032267808914185,0.41168813735246657,0.4855891652405262,0.7285302734375,0.273529052734375,0.68967529296875,0.3102264404296875,168.85732078552246,40.912853775024416,0.0002
17250,4.3002019786834715,1.296057140827179,1.2711946272850037,0.21661877483129502,0.6828470230102539,0.38034465208649637,0.45583586663007736,0.7400390625,0.277908935546875,0.69521240234375,0.3089892578125,168.27552879333496,39.39961154937744,0.0002
17300,4.599178771972657,1.350657980144024,1.4549785429239273,0.2241927820444107,0.2973330616950989,0.4283695614337921,0.46204872861504553,0.7081591796875,0.2767498779296875,0.707777099609375,0.2865003967285156,193.86163940429688,45.03048530578613,0.0002
17350,4.536994376182556,1.285982927083969,1.4854324394464493,0.22069737911224366,0.5704091787338257,0.41938313767313956,0.41761554062366485,0.727724609375,0.2722467041015625,0.72467041015625,0.27998779296875,182.49769165039064,39.5504528427124,0.0002
17400,4.411779670715332,1.136785223186016,1.4865655916929246,0.2235536104440689,0.627806544303894,0.4013413146138191,0.44696071937680243,0.7245556640625,0.2690974426269531,0.6908837890625,0.295767822265625,163.19421356201173,39.33655197143555,0.0002
17450,4.4124622774124145,1.2611518126726151,1.4746812850236892,0.20957864582538605,0.44582244753837585,0.3907752324640751,0.4983664846420288,0.7268701171875,0.2800780487060547,0.67594970703125,0.3239959716796875,153.86202880859375,37.935486278533936,0.0002
17500,4.587762031555176,1.3529439300298691,1.4214795748889446,0.2266673156619072,0.6864656209945679,0.3799222197383642,0.3997741314768791,0.742978515625,0.2616180419921875,0.732265625,0.28293212890625,197.3525954437256,37.383369789123535,0.0002
17550,4.61058403968811,1.4465935456752776,1.2921496498584748,0.23398010611534117,0.6723377108573914,0.42609874963760375,0.39170399874448775,0.720908203125,0.296788330078125,0.723125,0.26542449951171876,175.91724105834962,34.42725715637207,0.0002
17600,4.731948299407959,1.263817121386528,1.6459031152725219,0.22777850478887557,0.6897512078285217,0.32419676188379526,0.47149938449263573,0.79058349609375,0.21173831939697266,0.702607421875,0.30566864013671874,190.38924392700196,43.04207025527954,0.0002
17650,5.0768354129791256,1.5184979197382926,1.7175676023960114,0.23009622871875762,0.4001671075820923,0.33741150841116907,0.44638092786073685,0.764091796875,0.227479248046875,0.7050048828125,0.2745556640625,213.83997940063477,39.38081874847412,0.0002
17700,4.730672941207886,1.3818565839529038,1.541012004315853,0.22597554296255112,0.8740906715393066,0.42922779604792594,0.38191891856491567,0.72914794921875,0.27881134033203125,0.7285791015625,0.281341552734375,208.51602264404298,41.43358850479126,0.0002
17750,4.185917296409607,1.2240774919092656,1.2736883741617202,0.21101892948150636,0.4927840232849121,0.36596328642219306,0.5152217461168767,0.74652099609375,0.2467001724243164,0.675859375,0.3102392578125,162.88190521240233,44.1732643699646,0.0002
17800,4.492965188026428,1.2744935768842698,1.4546853184700013,0.2204732918739319,0.5264868140220642,0.3434852513670921,0.4337008881568909,0.755625,0.24549720764160157,0.722437744140625,0.2857598876953125,197.8574838256836,36.79244758605957,0.0002
17850,4.316537728309632,1.271071291565895,1.2252596972882748,0.22752584606409074,0.5615512132644653,0.420963459610939,0.40890165239572523,0.7246875,0.27658203125,0.70947021484375,0.2772906494140625,172.24691635131836,41.86569929122925,0.0002
17900,4.5272555875778195,1.232624585032463,1.458333095908165,0.2295372360944748,0.5316023230552673,0.40133135475218296,0.4775562284886837,0.72908203125,0.2698622131347656,0.69158203125,0.3238604736328125,176.3530094909668,44.32539588928223,0.0002
17950,4.789544157981872,1.3222187823057174,1.7112293648719787,0.2195120021700859,0.6545429229736328,0.3223519242182374,0.3721297524869442,0.760283203125,0.236312255859375,0.7398388671875,0.25850433349609375,211.40229667663573,33.27480550765991,0.0002
18000,4.687688531875611,1.4278275454044342,1.3757697470486163,0.23551140755414962,0.5228370428085327,0.46420802623033525,0.3847345568239689,0.72165283203125,0.2706257629394531,0.732109375,0.2604766845703125,182.43311141967774,42.23679330825806,0.0002
18050,4.850111260414123,1.490583092570305,1.4993821489810943,0.23251825213432312,0.6156330704689026,0.40534162044525146,0.37762956112623214,0.754185791015625,0.259027099609375,0.744326171875,0.257615966796875,177.91621536254883,39.671728973388674,0.0002
18100,4.331776356697082,1.3451311457157136,1.2293002158403397,0.21966812074184416,0.5660091042518616,0.4045417781174183,0.41759283378720286,0.71640380859375,0.25877960205078127,0.73317138671875,0.29016876220703125,153.89175994873048,39.286384391784665,0.0002
18150,4.692264332771301,1.4514522057771684,1.5014529168605804,0.21741990149021148,0.6232091784477234,0.5693076990544796,0.4230381566286087,0.69943359375,0.32162109375,0.7132470703125,0.27011962890625,174.14878204345703,49.555268955230716,0.0002
18200,4.719364309310913,1.4910044032335281,1.318486521244049,0.23873417258262633,0.5721443891525269,0.4427036727964878,0.36353142239153385,0.716435546875,0.27835830688476565,0.75696533203125,0.2521475219726563,164.92712760925292,38.79417781829834,0.0002
18250,4.32377450466156,1.5233881264925002,1.0964019745588303,0.2129980531334877,0.5401007533073425,0.45445663630962374,0.3951525318622589,0.688076171875,0.305714111328125,0.7278564453125,0.264688720703125,152.9914601135254,37.729012660980224,0.0002
18300,4.601090197563171,1.321043987572193,1.4687506276369096,0.22641194611787796,0.5253955125808716,0.37970121011137964,0.5148291647434234,0.7447705078125,0.2660101318359375,0.68595703125,0.3116094970703125,170.69812705993652,44.37319652557373,0.0002
18350,4.339900031089782,1.2750607839226722,1.315645167529583,0.21864925891160966,0.6038331389427185,0.38355494394898415,0.47365689143538475,0.7331201171875,0.27098358154296875,0.69742919921875,0.3044061279296875,158.52311058044432,39.76244594573975,0.0002
18400,4.2142447662353515,1.1847854095697403,1.3344816455245019,0.211872219145298,0.5276497602462769,0.4202390626072884,0.4465993446856737,0.71473876953125,0.276431884765625,0.7034228515625,0.30863128662109374,162.96616302490236,41.69697090148926,0.0002
18450,4.1822131252288814,1.1419141578674317,1.3335237503051758,0.2133469006419182,0.5734905004501343,0.39629202798008917,0.43174959570169447,0.73294677734375,0.2698452758789063,0.7064892578125,0.28819091796875,151.48860237121582,38.642894439697265,0.0002
18500,4.425028324127197,1.2506506353616715,1.4053454983234406,0.22112902283668517,0.6456220746040344,0.33894757241010665,0.47843009769916534,0.765625,0.2432672119140625,0.688193359375,0.31461181640625,166.68149688720703,38.372724781036375,0.0002
18550,4.510298850536347,1.315266478061676,1.4402772429585458,0.21934438854455948,0.4284273386001587,0.3445604008436203,0.41968529641628266,0.75482666015625,0.24047195434570312,0.72149658203125,0.2856787109375,144.9171241760254,38.47836067199707,0.0002
18600,4.612014441490174,1.3347128689289094,1.486614229977131,0.2238359221816063,0.5627000331878662,0.3881822669506073,0.40995189726352693,0.7376708984375,0.2550969696044922,0.73528076171875,0.271199951171875,205.72914611816407,35.95747110366821,0.0002
18650,4.765587186813354,1.6375497913360595,1.3639584904909134,0.22050985991954802,0.4727490544319153,0.37136291556060314,0.37078152984380724,0.733388671875,0.26369873046875,0.73401123046875,0.244117431640625,180.50653870251713,35.18017944335938,0.0002
18700,4.0961993265151975,1.1935586374998093,1.1694976106286048,0.21664288580417634,0.6638779044151306,0.42051244132220744,0.37638226240873335,0.7387890625,0.2774737548828125,0.7408984375,0.2708050537109375,152.0641995239258,41.95763166427612,0.0002
18750,4.663377447128296,1.4392905151844024,1.4034213209152222,0.22758320301771165,0.6004709601402283,0.37959507465362546,0.5257211445271969,0.7406982421875,0.2605213928222656,0.6751409912109375,0.3072285461425781,174.88201026916505,40.48720932006836,0.0002
18800,4.5337081623077395,1.3994634282588958,1.4002505373954772,0.2167492738366127,0.4300980865955353,0.3848364346846938,0.4056345018744469,0.75042724609375,0.25013641357421873,0.7313818359375,0.2832122802734375,162.12612686157226,40.16581031799316,0.0002
18850,4.485018639564514,1.2152511644363404,1.4497029453516006,0.22750806480646132,0.6019793748855591,0.39516917821019887,0.430969725176692,0.73556884765625,0.2644451904296875,0.71951171875,0.284512939453125,162.82178932189942,42.669320297241214,0.0002
18900,4.943960723876953,1.3587825536727904,1.7648213016986847,0.2275446128845215,0.5539448261260986,0.40409804992377757,0.40550085753202436,0.73346923828125,0.2637823486328125,0.726142578125,0.2751458740234375,224.77684936523437,40.92615131378174,0.0002
18950,4.641250262260437,1.450969021320343,1.3534295409917831,0.2296064603328705,0.6997950673103333,0.4047887087240815,0.39610000506043436,0.73778076171875,0.2605278015136719,0.716376953125,0.26517822265625,175.85927116394043,39.45010704040527,0.0002
19000,4.600407948493958,1.2821808916330337,1.5498235467076302,0.22105044096708298,0.6275066137313843,0.3326755453646183,0.5413706097006797,0.77134765625,0.23456283569335937,0.6784033203125,0.336046142578125,140.47404991149904,45.32429126739502,0.0002
19050,4.424932432174683,1.26937393784523,1.3892506924271584,0.22078847646713257,0.5915653705596924,0.3884303638339043,0.3666288712620735,0.74372314453125,0.259910888671875,0.738974609375,0.2673638916015625,189.37555839538575,35.536803302764895,0.0002
19100,4.623638367652893,1.491717311143875,1.3213965505361558,0.22631556570529937,0.757209062576294,0.44332823365926743,0.38728981524705886,0.71135009765625,0.2759210205078125,0.72395263671875,0.2626959228515625,177.68946243286132,41.48956237792969,0.0002
19150,4.9344144582748415,1.5991591542959214,1.4601962888240814,0.23438237756490707,0.7248796820640564,0.4243700641393662,0.35820523276925087,0.72282470703125,0.28332321166992186,0.74822998046875,0.245755615234375,175.91828964233397,38.1072248840332,0.0002
19200,4.527160654067993,1.3933564418554305,1.3646245983242988,0.22114745169878006,0.5411567091941833,0.4181244637072086,0.4615593110024929,0.7175244140625,0.28291229248046873,0.7112646484375,0.286676025390625,141.752314453125,41.415752220153806,0.0002
19250,4.390007681846619,1.4272970658540727,1.2399523997306823,0.21534477800130844,0.5924721360206604,0.4026929104328156,0.39906521916389465,0.75259521484375,0.28005462646484375,0.72737060546875,0.28312728881835936,141.03045135498047,37.8920586013794,0.0002
19300,4.283553032875061,1.2806494814157485,1.2748296606540679,0.2160092368721962,0.7080514430999756,0.4367352864146233,0.42997129529714584,0.7003173828125,0.2805882263183594,0.714287109375,0.27877227783203123,146.3952420806885,40.78186164855957,0.0002
19350,4.391044473648071,1.1597624509036542,1.4510283833742141,0.22253170281648635,0.45847100019454956,0.3950002723932266,0.5286239558458328,0.71857666015625,0.2569441223144531,0.67302490234375,0.33874465942382814,153.40534645080567,43.70013845443726,0.0002
19400,4.149772911071778,1.2635428987443447,1.2396013402938844,0.20582858562469483,0.7659534215927124,0.46634629428386687,0.5200435596704484,0.715732421875,0.30483245849609375,0.669261474609375,0.316715087890625,148.5730891418457,42.84746681213379,0.0002
19450,4.3083032035827635,1.2104444029927253,1.359714511036873,0.2172680401802063,0.49563658237457275,0.39593697026371955,0.45641094468533994,0.7313671875,0.27267913818359374,0.7078955078125,0.2935784912109375,134.80466354370117,34.35322956085205,0.0002
19500,4.145702385902405,1.2095746845006943,1.293316223025322,0.2053514301776886,0.6081340909004211,0.4086567242443562,0.4125295525789261,0.71718505859375,0.2756719970703125,0.718583984375,0.296572265625,150.22335823059083,37.50537483215332,0.0002
19550,4.384608249664307,1.2321512189507484,1.4475509971380234,0.21311325013637542,0.47771719098091125,0.3776098607480526,0.43828123435378075,0.749122314453125,0.2665362548828125,0.69726806640625,0.2818634033203125,130.96556289672853,38.49060405731201,0.0002
19600,5.062370352745056,1.5275765949487685,1.6727693980932237,0.23275304436683655,0.5557553172111511,0.3617905417084694,0.36757837891578676,0.75287109375,0.2344775390625,0.7430517578125,0.266435546875,200.41558921813964,37.28534215927124,0.0002
19650,4.4607613039016725,1.2781142264604568,1.4176503616571425,0.2206245881319046,0.41605421900749207,0.40460983470082285,0.40393214389681814,0.7284228515625,0.2732301330566406,0.7191845703125,0.263526611328125,154.6276589202881,36.397966117858886,0.0002
19700,4.414790849685669,1.302592825293541,1.354738057255745,0.21968249589204789,0.6839726567268372,0.42023422464728355,0.44051615774631503,0.7235546875,0.27743972778320314,0.7255615234375,0.2913482666015625,134.8330982208252,40.69354419708252,0.0002
19750,4.529503345489502,1.4150272285938263,1.2816514712572098,0.22910308659076692,0.5319437980651855,0.4594431999325752,0.4445504406094551,0.69361328125,0.2962100219726562,0.71220703125,0.2877825927734375,147.17138442993163,40.98077386856079,0.0002
19800,4.643317308425903,1.4812836742401123,1.350257529914379,0.2264720156788826,0.5270850658416748,0.4243291100859642,0.400233678817749,0.7327978515625,0.2751385498046875,0.7369091796875,0.268651123046875,148.85091804504395,37.86578554153442,0.0002
19850,4.593433637619018,1.4448111367225647,1.4691412535309791,0.20993515729904175,0.5228533744812012,0.3557305447757244,0.3863519445061684,0.7583935546875,0.2529218292236328,0.73034423828125,0.26522979736328123,161.04512435913085,36.885491771698,0.0002
19900,4.889498391151428,1.3610201448202133,1.6690651828050613,0.23242663502693175,0.5431731343269348,0.33253425810486076,0.42454630225896833,0.75565673828125,0.22340255737304687,0.71383056640625,0.276328125,208.63933807373047,35.68651214599609,0.0002
19950,5.005806322097778,1.6273775559663772,1.4923393940925598,0.23576116651296616,0.5565006732940674,0.33528952203691004,0.4044362173974514,0.7644287109375,0.2381591796875,0.73001953125,0.272608642578125,180.5050991821289,33.83651876449585,0.0002
20000,5.3090015888214115,1.9921069720387459,1.4694408237934113,0.23093172460794448,0.5601410865783691,0.34665993869304657,0.40397417422384024,0.7636767578125,0.2514154052734375,0.7449951171875,0.25797760009765625,185.26241752624512,35.049486045837405,0.0002
20050,4.786387996673584,1.623775839805603,1.320570427775383,0.23025521546602248,0.5792288780212402,0.4562950931489468,0.4182783517241478,0.7094140625,0.2808612060546875,0.7234375,0.27139251708984374,142.43433029174804,42.44039226531982,0.0002
20100,4.510149450302124,1.2479258584976196,1.5115415507555008,0.21883525371551513,0.4951709508895874,0.3672509765625,0.4027314905822277,0.742060546875,0.2491729736328125,0.7202294921875,0.275091552734375,183.95693664550782,35.39291610717773,0.0002
20150,4.512536325454712,1.4504429572820663,1.2731350883841515,0.22361978620290757,0.47202685475349426,0.49136225432157515,0.3555879805982113,0.71309814453125,0.30603759765625,0.7472314453125,0.25373138427734376,147.40483764648437,43.80572772026062,0.0002
20200,4.398991913795471,1.2280125051736832,1.4647207975387573,0.21328232944011688,0.5836120247840881,0.3965588693320751,0.4768040430545807,0.737138671875,0.2599176025390625,0.700487060546875,0.3082623291015625,135.259164352417,39.06534393310547,0.0002
20250,4.365122995376587,1.3102324688434601,1.3006027626991272,0.21928597033023833,0.6682589054107666,0.4410842232406139,0.4717839893698692,0.722757568359375,0.2705133056640625,0.676708984375,0.31478790283203123,119.89312164306641,40.32375765819939,0.0002
20300,4.419925155639649,1.3542248815298081,1.3095550674200058,0.21951815098524094,0.8052206039428711,0.4262280761450529,0.43649469144642356,0.7288232421875,0.27459442138671875,0.71444091796875,0.2796539306640625,121.92465507507325,38.11134643554688,0.0002
20350,4.380803456306458,1.5268539822101592,1.1539409458637238,0.21250106692314147,0.7059509754180908,0.3962816135585308,0.4331196418404579,0.7320458984375,0.285797119140625,0.719560546875,0.286029052734375,122.09454978942871,36.15702346801758,0.0002
20400,4.554743871688843,1.4591534006595612,1.4180267870426178,0.20969546407461168,0.5100122690200806,0.43766303107142446,0.37558182552456854,0.7161474609375,0.26873565673828126,0.7362548828125,0.26131683349609375,172.5240383911133,36.23405775070191,0.0002
20450,4.630731329917908,1.3283502811193466,1.5407089006900787,0.2202090162038803,0.721535325050354,0.490313944965601,0.4440914931893349,0.70823486328125,0.296802978515625,0.70304443359375,0.2970654296875,146.86339485168457,44.72430488586426,0.0002
20500,4.46517991065979,1.3955902674794196,1.2664214339852333,0.22539602667093278,0.7336155772209167,0.4343282318115234,0.43459357410669325,0.71759033203125,0.284066162109375,0.7129150390625,0.2863134765625,136.30569541931152,39.560479431152345,0.0002
20550,4.455880165100098,1.302568752169609,1.359604377746582,0.22421337693929672,0.6383155584335327,0.40356485232710837,0.36763699501752856,0.72202880859375,0.283792724609375,0.7356640625,0.2616055297851563,116.63191795349121,32.82531768798828,0.0002
20600,4.556989126205444,1.394394155740738,1.4767283248901366,0.21073332875967027,0.7510343790054321,0.39933193728327754,0.38653320524841545,0.718837890625,0.26576171875,0.74673095703125,0.25088714599609374,186.17967353820802,38.81944875717163,0.0002
20650,4.53817467212677,1.3666228395700455,1.425040292441845,0.21831394404172896,0.41986480355262756,0.3785466793552041,0.4271342442929745,0.7476220703125,0.24995819091796875,0.7238720703125,0.2830853271484375,143.4376784515381,37.65167469024658,0.0002
20700,4.315369648933411,1.330557171702385,1.2382395106554032,0.2183216181397438,0.648058295249939,0.4198479887843132,0.4705660596489906,0.72666015625,0.28620361328125,0.6890771484375,0.314527587890625,128.80739028930665,38.81650522232056,0.0002
20750,4.805599026679992,1.3803956180810928,1.6697148531675339,0.21943606704473495,0.5416054725646973,0.3746822975575924,0.40971775352954865,0.7535498046875,0.24828338623046875,0.722001953125,0.27663116455078124,176.86106452941894,36.635733146667484,0.0002
20800,4.542677693367004,1.3344792574644089,1.4400412818789483,0.2210196453332901,0.5663536190986633,0.36180913865566255,0.4024175199866295,0.7506494140625,0.2396820068359375,0.7201806640625,0.269517822265625,158.1258359527588,36.88314916610718,0.0002
20850,4.557804894447327,1.393921024799347,1.3706204998493194,0.2241579183936119,0.49332910776138306,0.4371440225839615,0.43775815814733504,0.71211669921875,0.28626327514648436,0.713447265625,0.2872393798828125,132.31780616760253,37.052548751831054,0.0002
20900,4.76758957862854,1.4405842703580856,1.4592511960864067,0.2334692633152008,0.39945292472839355,0.3964387057721615,0.41809067972004416,0.74524169921875,0.2462384033203125,0.7198779296875,0.27886932373046874,174.04599807739257,41.936081352233884,0.0002
20950,5.118417329788208,1.3442995977401733,1.9699570727348328,0.22552007883787156,0.596030592918396,0.378730007596314,0.496121991276741,0.759619140625,0.24649139404296874,0.705296630859375,0.286458740234375,211.45934217803332,47.274111137390136,0.0002
21000,4.377418074607849,1.1619479936361312,1.4973483848571778,0.21476521611213684,0.43201524019241333,0.3288319382071495,0.45248640537261964,0.75390625,0.23602020263671875,0.69470458984375,0.2971102905273437,156.6783588409424,33.73245183944702,0.0002
21050,4.185885000228882,1.2025926834344864,1.3140985643863679,0.2086492195725441,0.6617359519004822,0.3950351345539093,0.4425847517699003,0.7327734375,0.2732545852661133,0.71081298828125,0.295391845703125,133.80537033081055,38.95071187973022,0.0002
21100,4.683530597686768,1.370679678916931,1.520661292076111,0.22402370005846023,0.5381834506988525,0.38243133932352064,0.4651069876551628,0.759189453125,0.2621026611328125,0.7035009765625,0.29601806640625,119.9964421081543,43.69981119155884,0.0002
21150,4.723841381072998,1.3179267486929893,1.6092905694246291,0.22457800716161727,0.6077460050582886,0.4512611836194992,0.4152625246718526,0.7072119140625,0.28255126953125,0.7296044921875,0.2792999267578125,145.15184875488282,39.23021240234375,0.0002
21200,4.733657445907593,1.4038565576076507,1.4947667372226716,0.2293792712688446,0.6461062431335449,0.43177696868777277,0.3976136890798807,0.718330078125,0.2875067138671875,0.731202392578125,0.2681011962890625,175.5177616882324,38.390543689727785,0.0002
21250,4.641888098716736,1.4034005039930344,1.3820632636547088,0.23205304116010667,0.5413040518760681,0.3971725572645664,0.4342031052708626,0.72701171875,0.2755780029296875,0.7136865234375,0.282979736328125,141.7477180480957,34.27693983078003,0.0002
21300,4.694658284187317,1.3307054936885834,1.5110314762592316,0.23161516696214676,0.921205997467041,0.3141992127895355,0.4917505748569965,0.7710595703125,0.2312628173828125,0.69512451171875,0.2947064208984375,175.52687210083008,42.00709163665771,0.0002
21350,4.6418430519104,1.2512065988779069,1.6294999024271966,0.22014207124710083,0.5518002510070801,0.35890082709491256,0.39236480072140695,0.74669921875,0.2404583740234375,0.73560546875,0.27513946533203126,167.81120887756347,35.99358991622925,0.0002
21400,4.412561483383179,1.407471580505371,1.2686369824409485,0.2170566126704216,0.9868303537368774,0.39117255598306655,0.4170737537741661,0.7314990234375,0.26838134765625,0.71794921875,0.28916259765625,123.9132022857666,34.65745090484619,0.0002
21450,4.605980682373047,1.1989498618245125,1.71914224088192,0.21098607271909714,0.5733681917190552,0.3550299026072025,0.44995096296072007,0.779287109375,0.25167266845703123,0.694775390625,0.301102294921875,137.83213653564454,38.998154296875,0.0002
21500,4.862271246910095,1.4260901498794556,1.7045349419116973,0.21645577013492584,0.4588596224784851,0.42874317944049833,0.42412440441548827,0.715557861328125,0.26458236694335935,0.71017333984375,0.27990234375,173.41627449035644,39.45835916519165,0.0002
21550,4.677639846801758,1.437019922733307,1.5015260219573974,0.2173867318034172,0.47806864976882935,0.375301438421011,0.4309030291438103,0.7385107421875,0.2634967041015625,0.71156005859375,0.2812469482421875,160.81291007995605,35.48970415115357,0.0002
21600,4.631302008628845,1.4364017349481584,1.3646231424808501,0.22878463983535766,0.5314607620239258,0.45052793353796006,0.4124485459923744,0.724852294921875,0.28151382446289064,0.72026611328125,0.27811279296875,160.11494506835936,42.808368873596194,0.0002
21650,4.215380725860595,1.2853004878759384,1.2363642367720604,0.21171449661254882,0.6284818649291992,0.3652394166588783,0.5708806376159191,0.752802734375,0.25328216552734373,0.676593017578125,0.328125,159.21256645202638,42.50971874237061,0.0002
21700,4.263355040550232,1.4048191273212434,1.1822302773594857,0.2095382034778595,0.560572624206543,0.4134354594349861,0.4298199047148228,0.71439208984375,0.25946731567382814,0.711650390625,0.294073486328125,158.3696375274658,43.501700744628906,0.0002
21750,4.652568144798279,1.4740780851244926,1.3995306187868117,0.22236993104219438,0.44864094257354736,0.3812294369190931,0.5075886887311936,0.75181640625,0.279610595703125,0.69205078125,0.3113140869140625,149.7168790435791,40.104544219970705,0.0002
21800,4.451595215797425,1.205798791050911,1.4604305732250213,0.22317072749137878,0.7923401594161987,0.40283854722976686,0.41972499012947084,0.734150390625,0.2519154357910156,0.713564453125,0.28667236328125,135.29567901611327,37.57094327926636,0.0002
21850,4.671672616004944,1.4479451483488084,1.3980440640449523,0.22821042627096177,0.6840078830718994,0.3771270798146725,0.4590348608791828,0.7468408203125,0.267344970703125,0.71352783203125,0.2990936279296875,156.31940017700197,38.84542234420776,0.0002
21900,4.3130906963348385,1.1743417990207672,1.3904800939559936,0.21853359967470168,0.5706161856651306,0.5151904615759849,0.4378453882038593,0.69109619140625,0.30130096435546877,0.703486328125,0.287447509765625,135.96391716003419,48.32260715484619,0.0002
21950,4.741148934364319,1.3479810220003128,1.5804565227031708,0.2265889248251915,0.5571414232254028,0.34977295324206353,0.37936216711997983,0.7553369140625,0.237227783203125,0.730361328125,0.26551971435546873,172.3618034362793,31.415781497955322,0.0002
22000,4.619890127182007,1.484287178516388,1.3397763121128081,0.22447832584381103,0.4960654377937317,0.36123940229415896,0.409011314958334,0.75306396484375,0.2423492431640625,0.7144775390625,0.2735565185546875,128.01988594055175,37.40506435394287,0.0002
22050,4.207856612205505,1.1757723766565322,1.303953129053116,0.21601639240980147,0.5762271881103516,0.45305431917309763,0.4310761421918869,0.7082177734375,0.3005612182617188,0.70998779296875,0.2961358642578125,112.7674781036377,43.495131950378415,0.0002
22100,4.437267160415649,1.422761082649231,1.3383422899246216,0.20952047497034074,0.5867226719856262,0.43100072488188745,0.43492397248744963,0.7066796875,0.2786480712890625,0.702584228515625,0.28377349853515627,144.00964935302736,38.29123912811279,0.0002
22150,4.719745354652405,1.4449613851308822,1.4768538650870324,0.22474126100540162,0.5211995840072632,0.367884034588933,0.40140165388584137,0.7524169921875,0.2575262451171875,0.72451416015625,0.278883056640625,147.76782821655274,40.007218742370604,0.0002
22200,4.836822595596313,1.4936961925029755,1.5558905166387558,0.22340448409318925,0.4467993676662445,0.39318683311343194,0.36195492595434187,0.73322265625,0.273018798828125,0.7454345703125,0.25680633544921877,163.9794644165039,38.13297412872314,0.0002
22250,4.162595705986023,1.2144436958432197,1.3145789647102355,0.20419663101434707,0.7224299907684326,0.3962414091452956,0.47978975862264633,0.72937744140625,0.25183868408203125,0.68170166015625,0.3031599426269531,141.95230125427247,38.70190244674683,0.0002
22300,4.450558543205261,1.2805205672979354,1.4528537291288375,0.21464803516864778,0.3884323835372925,0.3478104843199253,0.4503789907693863,0.7584033203125,0.24462783813476563,0.705546875,0.3080279541015625,154.4189288330078,38.51437286376953,0.0002
22350,4.785427966117859,1.5223715433478355,1.4922462058067323,0.2213512736558914,0.6241106986999512,0.31646392673254015,0.4466144166886806,0.78410400390625,0.22432525634765624,0.7294873046875,0.28023284912109375,169.8330551147461,33.70050436019898,0.0002
22400,4.559288601875306,1.2569183564186097,1.607857572734356,0.2118140837550163,0.5210103392601013,0.3891071027517319,0.3908949793130159,0.759111328125,0.2548248291015625,0.7236181640625,0.2649249267578125,118.83098091125488,35.852851753234866,0.0002
22450,4.725639867782593,1.4461360347270966,1.477913722395897,0.22519876003265382,0.646304190158844,0.36364547818899157,0.44435661777853963,0.7505224609375,0.2428509521484375,0.71937255859375,0.283262939453125,164.46186325073242,40.0011191368103,0.0002
22500,4.8910020732879635,1.6284474104642868,1.4612542706727982,0.22516254603862762,0.6042033433914185,0.43747866816818715,0.4173928193002939,0.72767822265625,0.28173492431640623,0.721658935546875,0.26856414794921873,166.8914308166504,44.139675769805905,0.0002
22550,5.151769871711731,1.4425952076911925,1.8644652444124221,0.23058867633342742,0.5806851387023926,0.33765596270561216,0.3690917014330626,0.76279541015625,0.224720458984375,0.759453125,0.2483355712890625,181.84744064331053,37.92647701263428,0.0002
22600,4.42662446975708,1.3018638002872467,1.304184053838253,0.22757208049297334,0.6890842914581299,0.3822779121249914,0.3937046904861927,0.7417822265625,0.25787506103515623,0.735390625,0.25428863525390627,140.97719692230226,37.37021713256836,0.0002
22650,4.402566385269165,1.2960121572017669,1.4213617104291916,0.21064906179904938,0.5445507168769836,0.38782740488648415,0.3966109223291278,0.73814453125,0.2660406494140625,0.7263037109375,0.2763702392578125,146.57431213378905,39.799237747192386,0.0002
22700,4.324256448745728,1.283993268609047,1.3214462286233901,0.21485211908817292,0.4010778069496155,0.4099989967048168,0.45388199791312217,0.7397509765625,0.27332611083984376,0.6980908203125,0.29434814453125,120.19966400146484,39.08948196411133,0.0002
22750,4.492030296325684,1.3404087960720061,1.2973202499747276,0.23178765714168548,0.5347046852111816,0.3873525333404541,0.4193477101624012,0.73802734375,0.25162353515625,0.72699951171875,0.2862921142578125,133.37928970336915,41.05172630310059,0.0002
22800,4.8414360666275025,1.5894934582710265,1.4267809134721756,0.228145210146904,0.6326292753219604,0.3816548915207386,0.4708070719242096,0.745888671875,0.25150482177734373,0.714287109375,0.2812469482421875,135.07202270507813,40.87719657897949,0.0002
22850,4.713326811790466,1.4529760816693307,1.4958066934347152,0.22056800842285157,0.635662317276001,0.37295011773705483,0.5272052270174027,0.753544921875,0.258984375,0.679326171875,0.31356689453125,135.88719551086425,41.435161418914795,0.0002
22900,4.838307590484619,1.3313986217975617,1.6969935685396194,0.2262394270300865,0.5361418724060059,0.39855035923421384,0.40380782961845396,0.7271875,0.2617161560058594,0.7209326171875,0.28264373779296875,192.70513381958008,37.02282222747803,0.0002
22950,4.524549899101257,1.3648757153749467,1.4511249494552612,0.2135686531662941,0.5257079601287842,0.35804607294499874,0.41746756687760356,0.75832275390625,0.2496282958984375,0.706103515625,0.27198104858398436,115.74680953979492,36.757343482971194,0.0002
23000,4.613926272392273,1.2878428012132646,1.5137650656700135,0.22653979629278184,0.4723280072212219,0.3949439537525177,0.431059398651123,0.7387890625,0.2564134216308594,0.71949462890625,0.303048095703125,106.53726860046386,39.71500646591186,0.0002
23050,5.276453518867493,1.711808649301529,1.6670127737522125,0.23720401048660278,0.4111437201499939,0.3584422692656517,0.3596770942211151,0.7640869140625,0.23239105224609374,0.753056640625,0.25134765625,171.06553993225097,39.64411296844482,0.0002
23100,4.359022369384766,1.3873807382583618,1.2404421037435531,0.2163999420404434,0.4690037965774536,0.36001056581735613,0.4446347640454769,0.7700146484375,0.24136016845703126,0.70304931640625,0.2959735107421875,142.8768817138672,37.236747131347656,0.0002
23150,4.293698611259461,1.2129844933748246,1.409789401292801,0.20886558949947356,0.5706623792648315,0.4020969282090664,0.378881923109293,0.733154296875,0.26608245849609374,0.74212890625,0.2737738037109375,96.21580154418945,37.57836545944214,0.0002
23200,4.555425934791565,1.3322617056965829,1.4727595952153205,0.21880057394504548,0.6969475746154785,0.46009512059390545,0.43901364505290985,0.70548828125,0.2724407958984375,0.6997216796875,0.2893609619140625,183.2708055114746,43.16211608886719,0.0002
23250,4.551477904319763,1.4375369846820831,1.4015246522426605,0.21405203580856325,0.4925377666950226,0.32706823617219927,0.40503960348665713,0.7795947265625,0.2476849365234375,0.71789306640625,0.270447998046875,116.84149627685547,31.54294303971894,0.0002
23300,4.450422897338867,1.4248310858011246,1.267295719087124,0.21978701293468475,0.4472672939300537,0.41533732682466507,0.38173222795128825,0.72392333984375,0.254039306640625,0.74865234375,0.268309326171875,160.56259910583495,41.10008327484131,0.0002
23350,4.5978384733200075,1.4078225553035737,1.4211898976564408,0.22110324919223787,0.7464087009429932,0.3848943931609392,0.3842963757365942,0.756171875,0.25893463134765626,0.74306884765625,0.262412109375,146.23279975891114,40.43315361022949,0.0002
23400,4.6593772888183596,1.4557897563278674,1.4679058590531349,0.21696020990610124,0.5337642431259155,0.4060542346537113,0.4260636027157307,0.7285107421875,0.2703413391113281,0.7309619140625,0.27188873291015625,137.39467056274415,43.090091133117674,0.0002
23450,4.195472803115845,1.293834961950779,1.2274587881565093,0.2092723771929741,0.5810918807983398,0.46871323496103284,0.5343969907611609,0.7043115234375,0.2923504638671875,0.6754541015625,0.30200225830078126,127.83072113037109,46.00427644729614,0.0002
23500,4.344318380355835,1.304838366806507,1.3287321931123734,0.2138434714078903,0.753909707069397,0.3936152220517397,0.44583918794989585,0.7362060546875,0.26886932373046873,0.7027685546875,0.2969732666015625,100.82200164794922,36.03359468460083,0.0002
23550,4.7025577306747435,1.2637600773572921,1.5644150567054749,0.23429782807826996,0.5189988613128662,0.4623293426632881,0.4310469701886177,0.7365869140625,0.2714910888671875,0.7092529296875,0.29950439453125,152.54744972229003,44.47583261489868,0.0002
23600,4.351606502532959,1.251740198135376,1.3626270043849944,0.21715491384267807,0.5491645336151123,0.39786474347114564,0.4514254954457283,0.719130859375,0.27315673828125,0.69754150390625,0.296993408203125,124.67775505065919,36.03858648300171,0.0002
23650,4.709128565788269,1.4800320768356323,1.4348348931968211,0.2242826974391937,0.6505246162414551,0.3651884251832962,0.4191697470843792,0.7623583984375,0.24991607666015625,0.711611328125,0.2956573486328125,141.48391708374024,37.14786912918091,0.0002
23700,4.8087167024612425,1.400376296043396,1.644744502902031,0.22044947981834412,0.4575604200363159,0.3786149974912405,0.394033273011446,0.7392138671875,0.2509083557128906,0.723779296875,0.26853271484375,186.47216918945313,38.25238245010376,0.0002
23750,4.53486967086792,1.4311562210321427,1.3625690317153931,0.21764305591583252,0.7057576179504395,0.43567193202674387,0.42218300968408584,0.7274462890625,0.2660430908203125,0.7222802734375,0.28159759521484373,121.08155868530274,40.8087268447876,0.0002
23800,4.766446747779846,1.5027496707439423,1.3777030888199806,0.2357492485642433,0.4309496283531189,0.43598621340468524,0.41391159772872926,0.73531494140625,0.26318603515625,0.7253369140625,0.266544189453125,135.3940153503418,40.23852882385254,0.0002
23850,4.645905442237854,1.5075293321907521,1.355164074897766,0.2229015064239502,0.6678848266601562,0.41769230663776397,0.458615478053689,0.7275048828125,0.279000244140625,0.71943603515625,0.28731201171875,134.544454498291,42.26882930755615,0.0002
23900,4.449275760650635,1.4652695488929748,1.2287406480312348,0.21940819412469864,0.4846743047237396,0.4165957809984684,0.5352631932497025,0.7238232421875,0.27920379638671877,0.6801513671875,0.3286041259765625,132.7741542816162,41.27889629364014,0.0002
23950,4.63180549621582,1.4449799287319183,1.5183928710222245,0.20855409204959868,0.49756330251693726,0.3313612550497055,0.41059318408370016,0.7602734375,0.2433013916015625,0.703193359375,0.27637939453125,130.5348542022705,31.770184650421143,0.0002
24000,4.367982473373413,1.194162423312664,1.4541500267386436,0.2149587568640709,0.5194239616394043,0.3417929596453905,0.43344034388661384,0.777646484375,0.2359710693359375,0.71884033203125,0.289866943359375,148.60792678833008,37.51960597991943,0.0002
24050,4.766411819458008,1.45255590736866,1.547903071641922,0.22074410378932952,0.43814152479171753,0.35240903958678244,0.3772450015693903,0.74876953125,0.2269488525390625,0.732705078125,0.25840972900390624,174.5504170227051,38.24482458114624,0.0002
24100,4.707166037559509,1.4947722256183624,1.422498604655266,0.2237369027733803,0.47223490476608276,0.3426801731437445,0.46727305635809896,0.77521728515625,0.2517242431640625,0.69543212890625,0.2961932373046875,133.1194497680664,39.98328626632691,0.0002
24150,5.006883182525635,1.523220153450966,1.695362467467785,0.22353757172822952,0.5539632439613342,0.3977442593127489,0.40263294786214826,0.7409619140625,0.24714447021484376,0.7247705078125,0.28176727294921877,179.9494271850586,38.07778331756592,0.0002
24200,4.554653182029724,1.3952558839321136,1.427011967599392,0.2165481635928154,0.50979083776474,0.39753583539277315,0.42130047470331194,0.7372314453125,0.263948974609375,0.7202685546875,0.2780072021484375,143.94520011901855,38.89302108764648,0.0002
24250,4.237421312332153,1.237939278483391,1.231878691315651,0.2209504210948944,0.5561836957931519,0.4096448250114918,0.3868064388632774,0.7247705078125,0.27514068603515623,0.728662109375,0.2738311767578125,109.86674926757813,35.01046731948853,0.0002
24300,4.569695129394531,1.2712013971805574,1.5430063664913178,0.21943591743707658,0.7119269967079163,0.35508286461234095,0.42066505298018453,0.7576708984375,0.2411836242675781,0.723935546875,0.292744140625,155.83526837095923,37.935208263397215,0.0002
24350,4.899056658744812,1.6881900304555892,1.3986771592497826,0.22652368634939193,0.6286798715591431,0.4310319133847952,0.40972386449575426,0.72568359375,0.26613922119140626,0.7145263671875,0.2606903076171875,128.0184873199463,36.68574619293213,0.0002
24400,4.573475341796875,1.4499581560492516,1.4255662804841995,0.2122438606619835,0.262842059135437,0.4011870378255844,0.6229858101904392,0.73427734375,0.2678533935546875,0.6635641479492187,0.3512774658203125,127.67794403076172,44.005317192077634,0.0002
24450,4.099503688812256,1.2061980187892913,1.1495076763629912,0.21797474682331086,0.43629059195518494,0.40164767384529115,0.4536358168721199,0.7250830078125,0.276214599609375,0.6958056640625,0.29354583740234375,157.4279296875,35.72727848052978,0.0002
24500,4.4236494112014775,1.2369620257616043,1.4883846879005431,0.21228783935308457,0.7398239374160767,0.39800024434924125,0.4534998333454132,0.736439208984375,0.2584951782226563,0.688759765625,0.3113519287109375,154.22862129211427,40.99259670257568,0.0002
24550,4.549966468811035,1.3780745732784272,1.4311066615581511,0.21759814977645875,0.47585269808769226,0.40598458498716355,0.3987851321697235,0.7618505859375,0.25464202880859377,0.72212890625,0.278316650390625,114.06862815856934,40.03652229309082,0.0002
24600,4.157429575920105,1.1786653453111648,1.2740197771787642,0.2130930569767952,0.584913969039917,0.44058068707585335,0.3866540336608887,0.709541015625,0.26857345581054687,0.72734619140625,0.2694879150390625,134.89872596740722,39.59596349716187,0.0002
24650,4.716385231018067,1.4305988657474518,1.5794452702999116,0.21329264223575592,0.4483424425125122,0.3622199895232916,0.42285267293453216,0.7525048828125,0.25599945068359375,0.71793701171875,0.278231201171875,172.90842124938965,35.908606719970706,0.0002
24700,4.1969623947143555,1.2072404824197291,1.3551774084568025,0.2043180638551712,0.5550574660301208,0.4076623897254467,0.5035931172966958,0.752144775390625,0.25813812255859375,0.665751953125,0.316468505859375,115.09127243041992,37.97065891265869,0.0002
24750,4.450593962669372,1.3155993530154229,1.435700319111347,0.2124117836356163,0.6883722543716431,0.3426825784891844,0.4258777067065239,0.7570556640625,0.2401725959777832,0.7076416015625,0.28609786987304686,140.12462478637696,34.2849854850769,0.0002
24800,4.781984205245972,1.500781210064888,1.5168857184052467,0.2205396646261215,0.5568385124206543,0.3793580452352762,0.3891690553724766,0.751064453125,0.25867462158203125,0.7421826171875,0.274718017578125,114.74816856384277,37.50001287460327,0.0002
24850,4.408011693954467,1.1664147228002548,1.431346580684185,0.226281298995018,0.7615795135498047,0.4396399633586407,0.44738340251147746,0.7030859375,0.2846380615234375,0.7122119140625,0.285797119140625,112.04546684265136,37.70382538795471,0.0002
24900,4.55919846534729,1.483817298412323,1.3769009858369827,0.21231002748012542,0.5817111730575562,0.40714530616998673,0.4355140709877014,0.7312109375,0.28027587890625,0.7088720703125,0.2853863525390625,135.23339126586913,39.258545303344725,0.0002
24950,4.6053420925140385,1.4171027758717536,1.466048624664545,0.21527383536100386,0.4499777555465698,0.4136120598018169,0.3760040113329887,0.726982421875,0.25633087158203127,0.7380859375,0.25380096435546873,161.05204391479492,40.10209785461426,0.0002
25000,4.583005795478821,1.3893971616029739,1.4201800888776779,0.22167856484651566,0.5462164878845215,0.389072335511446,0.3240877957642078,0.7383154296875,0.2696795654296875,0.7694873046875,0.2367486572265625,142.82750793457032,33.32388469696045,0.0002
25050,4.700143814086914,1.4655704489350319,1.4377649712562561,0.22460105419158935,0.5960529446601868,0.3762323327362537,0.3931037747859955,0.74611083984375,0.2592556762695313,0.72839111328125,0.262220458984375,159.8301731109619,38.11204015731811,0.0002
25100,4.519423370361328,1.363352986574173,1.4367658096551894,0.2149130716919899,0.4575490951538086,0.3748911923915148,0.4138361006975174,0.7480029296875,0.24765602111816407,0.7294970703125,0.2722601318359375,138.35214714050292,37.68327577590942,0.0002
25150,4.645554428100586,1.532141579091549,1.396861429810524,0.21456892877817155,0.5591115951538086,0.4372393123805523,0.35487012773752213,0.7215948486328125,0.28485015869140623,0.7576904296875,0.256685791015625,143.30141265869142,36.8792565536499,0.0002
25200,4.377606854438782,1.4533565598726272,1.245658251941204,0.20982400476932525,0.822270929813385,0.38416490495204925,0.4423003950715065,0.7379150390625,0.2625494384765625,0.70943603515625,0.2872344970703125,108.43172836303711,39.248767642974855,0.0002
25250,4.581092953681946,1.4153620988130569,1.4389330875873565,0.21584971934556962,0.560109555721283,0.421844414845109,0.45083929389715194,0.72951904296875,0.2762689208984375,0.703681640625,0.2882421875,128.21395210266112,37.82979705810547,0.0002
25300,4.571450996398926,1.3647680896520615,1.405187383890152,0.22518694162368774,0.5265320539474487,0.4157745105028152,0.40336520835757256,0.7156005859375,0.273697509765625,0.71970703125,0.2865081787109375,134.55960510253905,39.16613540649414,0.0002
25350,4.494910192489624,1.2672621238231658,1.4164440965652465,0.22640049815177918,0.8350361585617065,0.3696262910962105,0.4364766377210617,0.74888427734375,0.24428680419921875,0.709248046875,0.2962750244140625,130.45332176208495,40.9729243850708,0.0002
25400,5.2250068616867065,1.709110038727522,1.677183746099472,0.22983913421630858,0.7844716906547546,0.35800984382629397,0.37308354273438454,0.7494775390625,0.24776397705078124,0.7554833984375,0.245291748046875,205.94050018310546,34.85787697227634,0.0002
25450,4.752267961502075,1.4421656262874603,1.5676545047760009,0.21780597537755966,0.5496670603752136,0.35806435406208037,0.4852833493053913,0.753076171875,0.246551513671875,0.7035546875,0.29523681640625,157.46387565612793,39.000785484313965,0.0002
25500,4.478292684555054,1.332695308327675,1.312706764191389,0.22911132276058196,0.4733659327030182,0.43763025298714636,0.43428046971559525,0.735047607421875,0.26418975830078123,0.71099609375,0.27877655029296877,132.7510549926758,39.19879890441894,0.0002
25550,4.555935769081116,1.2387214559316635,1.4779858654737472,0.22990355640649796,0.9617943167686462,0.3230005883425474,0.41143336325883867,0.7790576171875,0.22657989501953124,0.73711669921875,0.29012451171875,131.2167239379883,35.350192356109616,0.0002
25600,4.936393103599548,1.4140395110845565,1.7358590406179428,0.22331181317567825,0.5886447429656982,0.3595925371348858,0.3894651460647583,0.751103515625,0.24197982788085937,0.7303515625,0.26214752197265623,181.05235809326172,35.27620325088501,0.0002
25650,4.664146733283997,1.384164575636387,1.3890970307588577,0.2363606396317482,0.6504076719284058,0.36506937608122825,0.36596805512905123,0.7537353515625,0.24390594482421876,0.7448486328125,0.260477294921875,148.25607452392578,37.22111251831055,0.0002
25700,4.284805874824524,1.3322946172952652,1.1548463892936707,0.22470811009407043,0.47886958718299866,0.3441067871078849,0.43507205948233607,0.77247802734375,0.23043548583984375,0.7127294921875,0.28117156982421876,106.03540077209473,38.08999822616577,0.0002
25750,4.717647972106934,1.4591840422153473,1.4401136869192124,0.22729377716779708,0.4879595935344696,0.44058486640453337,0.3683599913865328,0.7265576171875,0.2884521484375,0.74863525390625,0.24618408203125,115.76473823547363,39.37804054260254,0.0002
25800,4.496511263847351,1.2732075464725494,1.4907875180244445,0.2165645256638527,0.7930125594139099,0.41745321698486804,0.5289078530669212,0.725345458984375,0.26370208740234374,0.67849365234375,0.3194769287109375,135.59348411560057,41.53488403320313,0.0002
25850,4.904211792945862,1.6274922198057176,1.5568188386410475,0.21498758971691131,0.7016558647155762,0.45097839206457135,0.43639794617891314,0.72174072265625,0.26234161376953125,0.71877685546875,0.28658935546875,152.44454864501952,43.32389739990234,0.0002
25900,4.414588570594788,1.3219943583011626,1.2990923923254014,0.2241877269744873,0.43771812319755554,0.4151303115487099,0.5409200799465179,0.7365966796875,0.27430450439453125,0.68747802734375,0.3193316650390625,113.06930328369141,44.692283935546875,0.0002
25950,4.522776646614075,1.3219670909643173,1.471717300415039,0.21613652884960174,0.4598110020160675,0.4078474341332912,0.4617528933286667,0.7212939453125,0.272049560546875,0.68811279296875,0.2949151611328125,128.81662719726563,38.74219490051269,0.0002
26000,4.534114007949829,1.3403836005926133,1.382124674618244,0.22645071923732757,0.572250485420227,0.3843666934967041,0.3956885877251625,0.764345703125,0.25023468017578127,0.73218505859375,0.2752581787109375,107.87997718811035,32.76669534683228,0.0002
26050,4.525987505912781,1.2943334716558457,1.5781408202648164,0.20668915003538132,0.5230821967124939,0.48384874321520327,0.476440112143755,0.6985595703125,0.28480255126953125,0.6811767578125,0.309298095703125,136.5661228942871,41.38976757049561,0.0002
26100,4.717660779953003,1.6744998788833618,1.297060405910015,0.21826255917549134,0.4882427453994751,0.42970161452889444,0.40097041592001914,0.7316455078125,0.2909339141845703,0.73255126953125,0.277681884765625,133.2042273712158,37.813600025177,0.0002
26150,4.615514721870422,1.5341905450820923,1.3042820608615875,0.22213026612997055,0.4769333302974701,0.3967361929640174,0.3510287743806839,0.7212646484375,0.26446502685546874,0.7420068359375,0.2402008056640625,132.75187171936034,31.51780548095703,0.0002
26200,4.625033192634582,1.4044620874524116,1.3582098656892776,0.2327951568365097,0.4902511239051819,0.3453236223757267,0.4562887726724148,0.7601953125,0.2481964111328125,0.702744140625,0.30643478393554685,154.41008522033692,36.30411231994629,0.0002
26250,4.655718746185303,1.4399717134237289,1.3990799164772034,0.22708339035511016,0.49532201886177063,0.37966990292072295,0.47356945544481277,0.75221923828125,0.257979736328125,0.680888671875,0.310538330078125,134.91093521118165,42.27992694854736,0.0002
26300,4.940102343559265,1.4099324226379395,1.716828426718712,0.22666768670082094,0.6219348907470703,0.40678989470005034,0.38310349196195603,0.7285693359375,0.2636145782470703,0.739111328125,0.2728945922851562,144.11872283935546,35.80511182785034,0.0002
26350,4.53489275932312,1.3224801057577134,1.4922444534301758,0.2150210240483284,0.7602934837341309,0.35009046860039233,0.46035326421260836,0.75722900390625,0.2473785400390625,0.70627197265625,0.29241943359375,107.96156051635742,36.82375473022461,0.0002
26400,4.442006711959839,1.2200673615932465,1.4760882741212844,0.2182313844561577,0.46601104736328125,0.39582166202366353,0.3901559117436409,0.73151611328125,0.2627374267578125,0.7325048828125,0.2695745849609375,146.2088929748535,33.82371343612671,0.0002
26450,4.50696813583374,1.511939685344696,1.246037439107895,0.21862387984991075,0.4620940089225769,0.40809775080531835,0.3805010989308357,0.7362744140625,0.2590049743652344,0.73476806640625,0.2521978759765625,117.68494308471679,37.7282748413086,0.0002
26500,4.560771145820618,1.3472542721033096,1.473933326601982,0.21744793981313706,0.6644886136054993,0.43617304384708405,0.41261458456516265,0.721397705078125,0.28927825927734374,0.713310546875,0.2788278198242187,122.86639831542969,37.767347736358644,0.0002
26550,5.002714858055115,1.5038406556844712,1.6253526264429092,0.23419019907712937,0.5980316400527954,0.35165385574102404,0.4476722577214241,0.7465283203125,0.23947540283203125,0.7260986328125,0.2824188232421875,189.47185668945312,35.54811721801758,0.0002
26600,4.0763253450393675,1.2542593240737916,1.1303600311279296,0.21146325051784515,0.5687172412872314,0.36914296612143516,0.4566249406337738,0.7451123046875,0.2609722137451172,0.689892578125,0.3009686279296875,82.48560913085937,34.12341331481934,0.0002
26650,4.474002366065979,1.3324694991111756,1.375286150276661,0.2207808378338814,0.7020998001098633,0.45975930139422416,0.47789271265268324,0.701943359375,0.2931735229492187,0.696845703125,0.3108148193359375,87.88048698425293,41.62889976501465,0.0002
26700,4.558740620613098,1.3701737383008004,1.4518356442451477,0.21709140837192537,0.5444700717926025,0.42528069831430915,0.3787954118847847,0.7135693359375,0.2815325927734375,0.72624755859375,0.2640673828125,137.87802653409997,35.342106342315674,0.0002
26750,4.476233277320862,1.2543381430208682,1.4824784481525421,0.21742708444595338,0.5972445607185364,0.381450530141592,0.5326700657606125,0.7372216796875,0.26428329467773437,0.6748974609375,0.320533447265625,148.65078136444092,47.76936433792114,0.0002
26800,4.624964671134949,1.285215277671814,1.4631636250019073,0.23457322061061858,0.718740701675415,0.39494568228721616,0.4425898019969463,0.746259765625,0.25868743896484375,0.732568359375,0.29252197265625,130.84673133850097,36.60714750289917,0.0002
26850,4.869276762008667,1.4353179132938385,1.546038498878479,0.23599004358053208,0.34068089723587036,0.375137864202261,0.3583639468252659,0.74404296875,0.25343910217285154,0.7410595703125,0.24991668701171876,180.21201683044433,35.13656860351563,0.0002
26900,4.903477282524109,1.495895736515522,1.5779519534111024,0.22870369523763656,0.401750385761261,0.3324086694419384,0.4371556742489338,0.7567041015625,0.22861114501953125,0.71544189453125,0.28220138549804685,159.76637100219727,33.39355634689331,0.0002
26950,4.988993859291076,1.5705901251733303,1.588154535293579,0.22878114968538285,0.42218396067619324,0.33442579485476015,0.4411442303657532,0.7766162109375,0.2290765380859375,0.717509765625,0.28399749755859377,138.74854835510254,36.187301902771,0.0002
27000,4.535745220184326,1.3966347098350524,1.3802422147989273,0.21985853642225264,0.3632308542728424,0.32807292938232424,0.4444411525130272,0.7824365234375,0.2424456787109375,0.71359130859375,0.2776071166992187,129.21357147216796,35.56701469421387,0.0002
27050,5.1764234447479245,1.5549982821941375,1.7578367849439382,0.23294855087995528,0.7328558564186096,0.44066822350025175,0.38502761378884315,0.743916015625,0.24506790161132813,0.74502685546875,0.2606976318359375,164.48688537597656,43.079923973083496,0.0002
27100,4.728945426940918,1.3961504244804381,1.5743667149543763,0.21980353325605392,0.42198318243026733,0.45421225383877756,0.4470820501446724,0.716285400390625,0.28170387268066405,0.693896484375,0.292061767578125,152.46465454101562,42.87637031555176,0.0002
27150,4.637268633842468,1.2469470036029815,1.6471167027950286,0.21790061980485917,0.39500871300697327,0.33836671203374863,0.40927551582455635,0.77569091796875,0.23916015625,0.72222900390625,0.285587158203125,128.57831741333007,32.130862865447995,0.0002
27200,4.861431937217713,1.6216050910949706,1.3696802753210067,0.2337683206796646,0.44086790084838867,0.4163761438429356,0.3772633970528841,0.7182861328125,0.2752459716796875,0.747421875,0.24795928955078125,144.69478927612306,38.28665649414062,0.0002
27250,4.54560706615448,1.3661480838060378,1.4430614519119263,0.21704969227313994,0.41820406913757324,0.4171178334951401,0.3971318797767162,0.7146923828125,0.2834970092773437,0.74404541015625,0.26898681640625,113.22603012084961,36.13787202835083,0.0002
27300,4.483377356529235,1.4666947722434998,1.3130638736486435,0.21295233458280563,0.5557287931442261,0.3855744913220406,0.3701157183945179,0.733212890625,0.272642822265625,0.743330078125,0.26221405029296874,122.83558952331543,36.07905363082886,0.0002
27350,4.940217618942261,1.4617797493934632,1.6290219050645829,0.23117699354887009,0.6445733904838562,0.36785707138478757,0.3755313764512539,0.7551220703125,0.23940948486328126,0.7476708984375,0.253291015625,171.58715759277345,39.100458812713626,0.0002
27400,4.674501357078552,1.4752701243758202,1.4495742845535278,0.21870711505413054,0.5148214101791382,0.3394897675141692,0.48782537400722503,0.77025390625,0.22749847412109375,0.698677978515625,0.285614013671875,132.4774407196045,39.57306301116943,0.0002
27450,4.2224252843856815,1.264757263660431,1.2725334709882736,0.2106418180465698,0.5715903639793396,0.41603941455483434,0.4556794184446335,0.72587890625,0.286356201171875,0.692861328125,0.312413330078125,75.0292176437378,36.515514831542966,0.0002
27500,4.456854786872864,1.386355803012848,1.3367472171783448,0.21671897143125535,0.621516227722168,0.44238252356648444,0.46386955946683883,0.7138134765625,0.2855963134765625,0.686337890625,0.307738037109375,80.88011695861816,40.0002099609375,0.0002
27550,4.484928870201111,1.3511571687459947,1.3787564924359321,0.21937690019607545,0.6978179812431335,0.4658151859045029,0.44180845126509666,0.698433837890625,0.29591949462890627,0.7111865234375,0.297001953125,119.68292304992676,39.2238009262085,0.0002
27600,4.368517527580261,1.3832455813884734,1.3090527285635472,0.20952739983797072,0.40380048751831055,0.3759879819303751,0.43115216940641404,0.7490185546875,0.25414794921875,0.706064453125,0.2861474609375,89.4613265991211,35.11217269897461,0.0002
27650,4.761313028335572,1.4214466553926468,1.5376485818624497,0.22527723133563995,0.64447420835495,0.4042222808301449,0.45199751704931257,0.7253173828125,0.2702734375,0.7080810546875,0.30248291015625,109.9915966796875,38.92231828689575,0.0002
27700,4.757648010253906,1.4431121736764907,1.522921892851591,0.2239517441391945,0.5894663333892822,0.4184455591440201,0.4651275333762169,0.72447509765625,0.25100830078125,0.7131103515625,0.28210235595703126,126.8564909362793,44.006848106384275,0.0002
27750,4.729718194007874,1.788027828335762,1.2038879784941674,0.21722529590129852,0.44290411472320557,0.44074162021279334,0.39256661415100097,0.7370556640625,0.28999755859375,0.73615234375,0.2620399475097656,144.49490341186524,36.91693117141724,0.0002
27800,4.38531147480011,1.2753683000802993,1.4292985343933104,0.21008058428764342,0.8801795244216919,0.40071319803595545,0.4566456797719002,0.72658203125,0.2647540283203125,0.705684814453125,0.293284912109375,115.3460008239746,35.77594205856323,0.0002
27850,4.439406909942627,1.3512100361287593,1.3431538844108581,0.21813037514686584,0.48179006576538086,0.42049969002604487,0.4298056682944298,0.723582763671875,0.28163818359375,0.709794921875,0.284991455078125,116.70801002502441,32.82925691604614,0.0002
27900,4.854192943572998,1.4402409821748734,1.6558032494783401,0.21976858735084534,0.4427361786365509,0.40295113131403926,0.3791032047569752,0.7416259765625,0.25438720703125,0.728857421875,0.25415771484375,180.11113494873047,36.12730810165405,0.0002
27950,4.480451283454895,1.3781470941007137,1.309511005282402,0.2240991473197937,0.6269580125808716,0.379957106038928,0.39946343630552295,0.748125,0.2668963623046875,0.7397216796875,0.27829742431640625,153.350809173584,35.30539091110229,0.0002
28000,5.245022902488708,1.4364262303709985,1.932051819562912,0.2345681059360504,0.4921081066131592,0.3355987317860126,0.3490993921458721,0.7680126953125,0.22061309814453126,0.7539306640625,0.24067291259765625,190.96856925964354,32.063056049346926,0.0002
28050,4.354199557304383,1.2343268883228302,1.4388753551244735,0.21012466460466384,0.6983572244644165,0.3381915133446455,0.3881263568997383,0.76683349609375,0.2410614013671875,0.740782470703125,0.259423828125,98.95130088806152,32.65784214019775,0.0002
28100,4.490498814582825,1.4161584907770157,1.3376224058866502,0.21708973973989487,0.6853956580162048,0.38095594704151153,0.4349385814368725,0.7328466796875,0.25608154296875,0.71779541015625,0.295828857421875,115.91857574462891,39.1213818359375,0.0002
28150,4.651481943130493,1.4203723600506784,1.469477572441101,0.220203999876976,0.3679094612598419,0.3965682464838028,0.4350352323055267,0.769833984375,0.2594573974609375,0.70583251953125,0.26784423828125,119.55848426818848,34.15787979125977,0.0002
28200,4.853729982376098,1.494689836502075,1.5400686520338058,0.22737143844366073,0.810276448726654,0.420181610584259,0.4022308809310198,0.735166015625,0.2517645263671875,0.72919921875,0.2688592529296875,148.08144981384277,36.93905229568482,0.0002
28250,4.379690461158752,1.1961910700798035,1.4132399880886077,0.2212824219465256,0.5676743388175964,0.36893645823001864,0.44590269804000854,0.75408447265625,0.24454498291015625,0.70837890625,0.2911688232421875,124.70556137084961,39.01882516860962,0.0002
28300,4.636070132255554,1.5231670540571214,1.381814906001091,0.2163860195875168,0.5814436674118042,0.3239093261957169,0.3502610981464386,0.7662939453125,0.22695281982421875,0.7446240234375,0.24607421875,138.29198532104493,30.94425449371338,0.0002
28350,4.235063953399658,1.2716897237300873,1.3060549685359002,0.20716490864753723,0.6851934790611267,0.3656642782688141,0.4193638560175896,0.742421875,0.25020660400390626,0.716171875,0.285645751953125,125.56985153198242,36.017759552001955,0.0002
28400,4.788675169944764,1.464333458840847,1.5823786389827728,0.21774538606405258,0.43603795766830444,0.40924845919013025,0.5369502221047878,0.74927001953125,0.2612255859375,0.696842041015625,0.30048980712890627,128.9861496734619,43.55534098099689,0.0002
28450,4.523260855674744,1.4437616503238677,1.3153644868731498,0.22051683843135833,0.5505519509315491,0.3763168829679489,0.3989755398035049,0.746357421875,0.254033203125,0.731708984375,0.2809814453125,123.22103515625,35.301622581481936,0.0002
28500,4.420748200416565,1.3904368382692338,1.3306434229016304,0.21245849639177322,0.7170265316963196,0.3606194311380386,0.4004285269975662,0.747021484375,0.25560272216796875,0.7220703125,0.267919921875,142.9240061187744,36.47461168289185,0.0002
28550,4.992524104118347,1.6166009989380836,1.5937274730205535,0.22277445167303087,0.48868000507354736,0.31403843358159067,0.45456054851412775,0.7759521484375,0.22338890075683593,0.7273779296875,0.27169830322265626,135.73945365905763,38.5834162902832,0.0002
28600,4.911485300064087,1.559246722459793,1.4883370865881442,0.2329876860976219,0.6291877031326294,0.39506946459412573,0.44906738013029096,0.76287841796875,0.24781219482421876,0.71322509765625,0.2780682373046875,148.4834942626953,45.333335380554196,0.0002
28650,4.510710926055908,1.2883371838182212,1.4549209034442903,0.22093160465359687,0.5239992737770081,0.4822148942947388,0.478212703615427,0.699617919921875,0.2853224182128906,0.72239990234375,0.2858477783203125,123.33691589355469,44.299339351654055,0.0002
28700,4.55877110004425,1.4641915243864059,1.3269775325059892,0.22095025956630707,0.5360779166221619,0.3849236948788166,0.4175401531159878,0.74455078125,0.2643896484375,0.716103515625,0.2712750244140625,113.67840576171875,34.30015232086182,0.0002
28750,4.9923571729660035,1.436430035829544,1.753681824207306,0.22528066366910934,0.7740690112113953,0.35612189196050165,0.34251396730542183,0.764659423828125,0.22705551147460937,0.752568359375,0.2499456787109375,163.0044315338135,32.93474563598633,0.0002
28800,5.220418219566345,1.6944055247306824,1.5770319068431855,0.2436225938796997,0.5550451278686523,0.44688010290265084,0.3908153159171343,0.722744140625,0.2644267272949219,0.7534765625,0.25767364501953127,136.8866828918457,41.73195844650269,0.0002
28850,5.126496853828431,1.9656808918714523,1.305691403746605,0.23189057201147079,0.5500532388687134,0.420937036126852,0.3149292876943946,0.7241015625,0.28314483642578125,0.7984228515625,0.21057968139648436,129.5932015991211,29.760397214889526,0.0002
28900,4.428142175674439,1.3538317340612411,1.3341632413864135,0.21751839578151702,0.5402102470397949,0.3557027516514063,0.38703560262918474,0.77567138671875,0.243466796875,0.74224609375,0.26087173461914065,99.22850357055664,34.42463932037354,0.0002
28950,4.735971522331238,1.4973656630516052,1.4067872458696364,0.22897732824087144,0.4712770879268646,0.3099121931195259,0.40160119473934175,0.7684326171875,0.21999603271484375,0.733896484375,0.27574005126953127,146.25462539672853,30.141367721557618,0.0002
29000,5.003494791984558,1.558691655397415,1.6106273537874223,0.22927197337150573,0.5594989061355591,0.3973414722084999,0.39102972358465193,0.751888427734375,0.243857421875,0.725947265625,0.25575469970703124,139.28650352478027,39.58157358169556,0.0002
29050,4.495738382339478,1.3180473375320434,1.3743355621397495,0.22541942983865737,0.6985001564025879,0.42518395006656645,0.43031704097986223,0.740849609375,0.278504638671875,0.7135986328125,0.276170654296875,113.58415084838867,38.85961631774902,0.0002
29100,4.443835139274597,1.298755485713482,1.3998609507083892,0.21815234005451203,0.6769052743911743,0.4195719014108181,0.46779850155115127,0.7226025390625,0.273529052734375,0.7062646484375,0.2926092529296875,113.9270029449463,35.95853364944458,0.0002
29150,4.549136571884155,1.4606191232800483,1.287763180732727,0.22509428650140761,0.8351298570632935,0.4639198713004589,0.40652198895812036,0.6985693359375,0.302513427734375,0.732255859375,0.26215972900390627,87.29259426116943,35.291758365631104,0.0002
29200,4.402147092819214,1.314226204752922,1.396241306066513,0.21145995020866393,0.6617547273635864,0.34077093861997126,0.44187936291098595,0.751083984375,0.23959716796875,0.71656982421875,0.292166748046875,112.35102760314942,34.86144290924072,0.0002
29250,4.223721928596497,1.1394025067985059,1.4156240320205689,0.20858692169189452,0.4360048770904541,0.37369692653417586,0.3927182286977768,0.741767578125,0.25009979248046876,0.72304931640625,0.2698675537109375,113.63431335449219,38.0642677116394,0.0002
29300,4.523565311431884,1.4122711789608002,1.3446751910448074,0.22082736998796462,0.5377768278121948,0.46099454775452614,0.4470038099586964,0.70318359375,0.2980307006835938,0.70516845703125,0.2998663330078125,97.37217430114747,37.460342750549316,0.0002
29350,5.091989016532898,1.6229455560445785,1.6128423434495927,0.23202513813972472,0.4659879207611084,0.27599170081317426,0.5170454561710358,0.80361328125,0.20274139404296876,0.680849609375,0.3055438232421875,141.6932216644287,35.78813327789307,0.0002
29400,4.6778553771972655,1.4294755923748017,1.5136248773336411,0.21684436291456222,0.8048814535140991,0.4000097766518593,0.3928032384812832,0.73739990234375,0.26513427734375,0.7243359375,0.27227508544921875,111.3523078918457,32.55144016265869,0.0002
29450,4.677907328605652,1.5175700506567955,1.431325249671936,0.2161265045404434,0.5183976888656616,0.4194542030990124,0.4503818462789059,0.722080078125,0.269725341796875,0.7170556640625,0.2980934143066406,113.58577407836914,40.75040386199951,0.0002
29500,4.688124012947083,1.4066693580150604,1.5495435231924057,0.21648888975381853,0.8483901023864746,0.37668322280049327,0.4018022884428501,0.7429345703125,0.261788330078125,0.73271240234375,0.26126312255859374,107.4035108947754,37.137884063720705,0.0002
29550,4.470492672920227,1.2934148773550986,1.5090937727689744,0.2084980034828186,0.6822328567504883,0.3661190378665924,0.4572150096297264,0.765068359375,0.2514959716796875,0.69778564453125,0.2987176513671875,94.62100402832031,36.459011249542236,0.0002
29600,4.824384746551513,1.4333785545825959,1.630191439986229,0.22010184019804002,0.590920090675354,0.34402352675795556,0.41804019689559935,0.7625537109375,0.22511627197265624,0.71031494140625,0.2690203857421875,142.79385562818877,36.42573469161987,0.0002
29650,4.502563643455505,1.2974642914533616,1.4113058179616929,0.22422418922185897,0.5023113489151001,0.36543835952878,0.38960296839475633,0.742587890625,0.24803955078125,0.735009765625,0.2808056640625,117.22857528686524,31.869146709442138,0.0002
29700,4.95074903011322,1.511479573249817,1.651640241742134,0.22345365196466446,0.5879884362220764,0.3431417265534401,0.40057846322655677,0.7692236328125,0.23346588134765625,0.7414306640625,0.2688775634765625,151.27822456359863,35.708335418701175,0.0002
29750,5.188022718429566,1.5919492089748382,1.7757171034812926,0.22754454851150513,0.4610615372657776,0.2985113137215376,0.4120357638597488,0.7957373046875,0.220133056640625,0.715078125,0.268099365234375,181.6899394226074,36.50455646514892,0.0002
29800,4.63759488105774,1.299415916800499,1.534274055957794,0.225488118827343,0.6232845187187195,0.416736456528306,0.43353103801608084,0.7422314453125,0.2626947021484375,0.7069677734375,0.297235107421875,120.10665481567383,37.771754837036134,0.0002
29850,4.104049901962281,1.1039909261465073,1.2735343420505523,0.21581557780504226,0.456600159406662,0.4619139492511749,0.5429773384332657,0.71224365234375,0.27067707061767576,0.66091796875,0.3416845703125,77.65986644744874,44.559127712249754,0.0002
29900,4.593951516151428,1.44810167491436,1.342855754494667,0.22537425875663758,0.6289545893669128,0.37346547067165375,0.4020472125709057,0.7483056640625,0.245540771484375,0.72001953125,0.2614324951171875,134.97409034729003,35.90364976882935,0.0002
29950,4.230161466598511,1.2941463375091553,1.199370110630989,0.21708062946796416,0.5450609922409058,0.4851174645125866,0.4687469805777073,0.696480712890625,0.30649642944335936,0.70324951171875,0.316925048828125,90.98343338012695,42.015832595825195,0.0002
30000,4.61899977684021,1.4311346554756164,1.3842753344774246,0.22544872045516967,0.4783429503440857,0.39145810797810554,0.45367124989628793,0.750244140625,0.26843017578125,0.6938818359375,0.2905908203125,94.70011680603028,34.01949831008911,0.0002
30050,4.670514798164367,1.3404382094740868,1.5448582614958286,0.22315229058265687,0.4165060818195343,0.43444267645478246,0.4168380273878574,0.73359375,0.2680422973632812,0.719150390625,0.2872003173828125,112.16212333679199,36.68833192825318,0.0002
30100,4.37400022983551,1.4289739918708801,1.2202718782424926,0.21559430062770843,0.423509418964386,0.4281500935554504,0.43534462720155714,0.69939697265625,0.2794146728515625,0.70732177734375,0.2995343017578125,113.99834953308105,37.23522920608521,0.0002
30150,4.311045188903808,1.3393424063920976,1.2960319197177887,0.20945885688066482,0.425807386636734,0.440754541605711,0.44358330354094505,0.72350830078125,0.29919189453125,0.69886962890625,0.284505615234375,91.67657455444336,35.812434425354006,0.0002
30200,4.562322497367859,1.3761813461780548,1.4732500660419463,0.2141113829612732,0.688974142074585,0.41823306664824483,0.3805277520418167,0.72324951171875,0.2687646484375,0.7312646484375,0.2684332275390625,126.20733581542969,34.13894958496094,0.0002
30250,5.116324429512024,1.724411638379097,1.5136299431324005,0.2347853562235832,0.5776534676551819,0.3510349275916815,0.3413553024083376,0.76022705078125,0.23446746826171874,0.7758740234375,0.2306536865234375,134.01012489318848,33.9462547492981,0.0002
30300,4.806715879440308,1.3961751678586005,1.5438964015245438,0.23333053827285766,0.5932503938674927,0.3292082183808088,0.49927619606256485,0.7749072265625,0.219273681640625,0.6959326171875,0.30820526123046876,155.5574008178711,38.46597091674805,0.0002
30350,4.78373309135437,1.4518075466156006,1.563967206478119,0.22099479496479035,0.5038360357284546,0.3146022565662861,0.39098370976746083,0.780986328125,0.23175350189208985,0.7332421875,0.256453857421875,145.7220068359375,35.82923570632934,0.0002
30400,4.705910348892212,1.362561281323433,1.5588090908527374,0.22306749433279038,0.3797757625579834,0.31953582003712655,0.4336433684825897,0.7601513671875,0.22631805419921874,0.71242431640625,0.281873779296875,141.26252243041992,33.77242004394531,0.0002
30450,4.993048896789551,1.4194675013422966,1.773249732553959,0.22504146426916122,0.7372236847877502,0.28775735437870026,0.4317887981235981,0.7954248046875,0.2036639404296875,0.715341796875,0.2929119873046875,139.35327766418456,35.246303424835205,0.0002
30500,4.370916237831116,1.1706092739105225,1.5256796419620513,0.20932841867208482,0.8744037747383118,0.46535104617476464,0.43542169362306593,0.7258740234375,0.2875718688964844,0.7221826171875,0.3008984375,119.05427917480469,45.135720024108885,0.0002
30550,4.437772922515869,1.391263040304184,1.2645378270745278,0.22274650543928146,0.6699148416519165,0.38903974056243895,0.4433664512634277,0.75659423828125,0.2505534362792969,0.69828857421875,0.290855712890625,108.22126014709472,39.882739810943605,0.0002
30600,4.918079524040222,1.4069273036718368,1.7388062691688537,0.22154324561357497,0.4710846543312073,0.38369017399847505,0.43401037737727166,0.7385009765625,0.24876480102539061,0.7053515625,0.2727655029296875,144.6058088684082,35.3274165725708,0.0002
30650,4.697882218360901,1.3523612493276596,1.698682853579521,0.20585476338863373,0.49058207869529724,0.3411758537217975,0.42573349952697753,0.7822265625,0.23820846557617187,0.7061962890625,0.2882952880859375,147.97605499267578,36.328726577758786,0.0002
30700,5.307512288093567,1.445661444067955,1.9848990035057068,0.2346189773082733,0.4624612033367157,0.2785669243708253,0.38575284779071806,0.783974609375,0.1927887725830078,0.73572509765625,0.26674560546875,217.50197235107422,33.554288940429686,0.0002
30750,4.833296227455139,1.2657383942604066,1.6794150710105895,0.23601784497499467,0.47890979051589966,0.37285617254674436,0.40613341227173805,0.764482421875,0.22801620483398438,0.73004150390625,0.26919036865234375,148.25718811035156,39.236114253997805,0.0002
30800,4.667939100265503,1.5378167057037353,1.3455240082740785,0.22307480096817017,0.7147189974784851,0.38778951175510884,0.48368686497211455,0.765185546875,0.25199882507324217,0.6914599609375,0.302353515625,118.25284629821778,40.54839252471924,0.0002
30850,4.614629602432251,1.3130452013015748,1.5318964236974717,0.22121099710464479,0.6358174085617065,0.3916941359639168,0.4112663745880127,0.7447509765625,0.25181304931640625,0.733212890625,0.2835791015625,112.07985862731934,37.158935947418215,0.0002
30900,5.0041709232330325,1.5921717470884322,1.5657240012288094,0.2307844004034996,0.5827832818031311,0.3609025650843978,0.4494427227973938,0.76692626953125,0.24809783935546875,0.7092626953125,0.27827789306640627,137.18277587890626,38.463655700683596,0.0002
30950,4.916749181747437,1.5053859984874725,1.6984478062391282,0.21411442399024963,0.5777855515480042,0.3359600567817688,0.4039432805776596,0.754716796875,0.21852874755859375,0.72931396484375,0.2782269287109375,152.0335601043701,35.374109725952145,0.0002
31000,4.778458852767944,1.6343385577201843,1.3186383113265037,0.22818525224924088,0.5557141304016113,0.3895906022936106,0.39025826156139376,0.73534912109375,0.2522920227050781,0.7395849609375,0.25436248779296877,113.2549560546875,36.49204349517822,0.0002
31050,4.432986526489258,1.3506488981842995,1.3362670719623566,0.2182588204741478,0.603282630443573,0.46685311265289786,0.45635479301214216,0.716953125,0.294827880859375,0.70480224609375,0.296068115234375,98.1794972229004,43.85811201095581,0.0002
31100,4.4353657150268555,1.4137267926335335,1.2981166443228722,0.21544028401374818,0.5307953953742981,0.37583061307668686,0.39745199874043463,0.739013671875,0.260352783203125,0.7368359375,0.27714599609375,101.89738052368165,35.928334159851076,0.0002
31150,4.205317783355713,1.3517894694209098,1.1849031448364258,0.20857814699411392,0.49073782563209534,0.4089252106845379,0.47082767844200135,0.73121337890625,0.28010772705078124,0.711956787109375,0.280394287109375,98.9659320449829,37.80137149810791,0.0002
31200,4.266826572418213,1.1582043302059173,1.4120331823825836,0.2120736363530159,0.5538987517356873,0.3701797504723072,0.4676121957600117,0.73641845703125,0.2491839599609375,0.691094970703125,0.2945526123046875,108.90521652221679,37.80338237762451,0.0002
31250,4.408852572441101,1.3687973123788835,1.2419638764858245,0.22476142197847365,0.5395597219467163,0.39877633333206175,0.388667488694191,0.745546875,0.2646420288085938,0.731904296875,0.26779052734375,118.47974830627442,38.9734588432312,0.0002
31300,4.430424370765686,1.3040268644690514,1.3883476328849793,0.21725622951984405,0.719592809677124,0.3958895295113325,0.4316961787641048,0.7371923828125,0.26121337890625,0.71333984375,0.2883978271484375,80.74749141693115,36.839590530395505,0.0002
31350,4.748447570800781,1.4646351426839828,1.5331873691082,0.2188281336426735,0.6950334310531616,0.5232131707668305,0.361124736815691,0.7075830078125,0.30559064865112306,0.751484375,0.262196044921875,120.22489311218261,37.49131031036377,0.0002
31400,5.297296895980835,1.7889169752597809,1.6503288269042968,0.23225638508796692,0.5876169204711914,0.32692431084811685,0.38046070337295534,0.77193359375,0.22722335815429687,0.7304296875,0.24092559814453124,144.818232421875,29.94634241104126,0.0002
31450,4.953061757087707,1.3043595463037492,1.8350328367948532,0.22670867621898652,0.5846405029296875,0.3427016933262348,0.4487410646677017,0.77171875,0.22676986694335938,0.7068212890625,0.3040353393554687,149.10986541748048,35.40604652404785,0.0002
31500,4.475648198127747,1.2212744003534317,1.5226270461082458,0.21646834582090377,0.5212906002998352,0.4006209956109524,0.4178097639977932,0.7357568359375,0.26128952026367186,0.7147314453125,0.278883056640625,121.05929611206055,36.62903587341309,0.0002
31550,5.045108900070191,1.559988141655922,1.641289758682251,0.23047887593507765,0.6311032772064209,0.37351749271154405,0.3629211686551571,0.7448583984375,0.25251617431640627,0.7550830078125,0.252928466796875,145.07666412353515,34.66131231307983,0.0002
31600,4.729603705406189,1.3571857726573944,1.5868297708034516,0.2231985181570053,0.8352000713348389,0.39184110388159754,0.4219229380786419,0.7371630859375,0.2517308044433594,0.72159423828125,0.27837371826171875,131.2089980316162,39.54567161560058,0.0002
31650,4.3421249151229855,1.2863948000967502,1.3491559019684791,0.21332177639007568,0.3839494287967682,0.404544044137001,0.4584648782014847,0.7568505859375,0.2733186340332031,0.7000634765625,0.2824725341796875,83.4731649017334,43.094656467437744,0.0002
31700,4.69173734664917,1.3124584579467773,1.6077966238185764,0.2214352858066559,0.7229363322257996,0.4288972713053226,0.46252774715423584,0.73336181640625,0.24960403442382811,0.695146484375,0.30250244140625,106.41838829040528,39.52933120727539,0.0002
31750,4.624476194381714,1.4271815609931946,1.4143211805820466,0.22287168353796005,0.4410656988620758,0.3582465022802353,0.42932589024305345,0.7457861328125,0.2430029296875,0.71225341796875,0.286121826171875,139.13005851745606,35.67598823547363,0.0002
31800,4.636874198913574,1.4993947279453277,1.4006804460287094,0.21709987848997117,0.5154125094413757,0.3300869905948639,0.4150177893042564,0.7692919921875,0.2396124267578125,0.721845703125,0.2919866943359375,147.16287780761718,34.32465625762939,0.0002
31850,4.530196619033814,1.2633528351783752,1.4446224930882454,0.227777658700943,0.6393132209777832,0.41038504913449286,0.4274523515999317,0.73895263671875,0.2553955078125,0.72216796875,0.28261627197265626,115.6100679397583,39.4435192489624,0.0002
31900,4.414161005020142,1.2848930299282073,1.426072609424591,0.21289941549301147,0.4331676959991455,0.34394063040614126,0.4957159878313541,0.7605322265625,0.2473846435546875,0.679365234375,0.2954791259765625,122.45847396850586,38.38575391769409,0.0002
31950,4.484031853675842,1.3696516168117523,1.3255387741327285,0.2236051779985428,0.6008384227752686,0.39786010622978213,0.40245187252759934,0.7410205078125,0.25908599853515624,0.72564453125,0.2869873046875,131.05168891906737,35.53489782333374,0.0002
32000,4.603283524513245,1.4250031286478042,1.4262938912957908,0.2189983159303665,0.5926948189735413,0.39201950304210187,0.3652903816103935,0.7479931640625,0.24752670288085937,0.7452490234375,0.252135009765625,106.28395057678223,34.316183223724366,0.0002
32050,4.663343873023987,1.5819989711046218,1.3663142359256744,0.21437883272767067,0.5851541757583618,0.4921754229068756,0.39448412716388703,0.7028564453125,0.2899859619140625,0.7365087890625,0.2644586181640625,108.69036838531494,36.55515480041504,0.0002
32100,5.00899450302124,1.5118453979492188,1.5921521258354188,0.2381246230006218,0.4630347788333893,0.35003264121711253,0.45264890030026433,0.78091064453125,0.23533172607421876,0.72560546875,0.2778863525390625,115.88795394897461,38.539429817199704,0.0002
32150,4.603637537956238,1.2323830389976502,1.6381670916080475,0.21663592875003815,0.55487060546875,0.3822924603521824,0.456333227455616,0.7268798828125,0.26122802734375,0.706044921875,0.30281829833984375,161.9618783569336,37.85538354873657,0.0002
32200,4.301032040119171,1.3408855366706849,1.25551451086998,0.21307899862527846,0.579168438911438,0.4022522161900997,0.3913654574751854,0.7349072265625,0.270401611328125,0.7345849609375,0.262222900390625,97.01261226654053,33.206573238372805,0.0002
32250,4.628569598197937,1.4626475781202317,1.4735402923822403,0.21154771700501443,0.34387481212615967,0.4451632635295391,0.3980311486124992,0.7118310546875,0.2795025634765625,0.73282470703125,0.2678369140625,110.57243545532226,41.366475143432616,0.0002
32300,4.63919002532959,1.5566665363311767,1.2917192870378493,0.22385052978992462,0.5719801187515259,0.41772305518388747,0.40271166831254956,0.7283349609375,0.2662933349609375,0.72798828125,0.26964080810546875,117.13756797790528,37.468815326690674,0.0002
32350,4.7068312549591065,1.5728163933753967,1.3694495770335198,0.22057066082954407,0.7187861204147339,0.35003362759947776,0.39990262988954783,0.7772900390625,0.2549591064453125,0.74245849609375,0.25955657958984374,100.41488698064065,34.942106590270996,0.0002
32400,4.654610605239868,1.4246135473251342,1.4898855146765708,0.21751394391059875,0.624426007270813,0.4446443576551974,0.5145330063998699,0.71285888671875,0.2618389892578125,0.694114990234375,0.297574462890625,121.81583335876465,43.19341918400356,0.0002
32450,4.305054302215576,1.3040263640880585,1.3010494463145732,0.21249730437994002,0.6338402628898621,0.4255429005622864,0.4148601794242859,0.7215771484375,0.27036285400390625,0.7110888671875,0.2939434814453125,95.53352172851562,36.888804512023924,0.0002
32500,4.670800127983093,1.3649263793230058,1.4956538981199266,0.22627747744321824,0.34621238708496094,0.45787255972623825,0.41070853024721143,0.70814697265625,0.2798968505859375,0.71919677734375,0.272760009765625,125.34826171875,36.75850040435791,0.0002
32550,4.548097071647644,1.463594917356968,1.2759823536872863,0.226064974963665,0.5310544967651367,0.346855146586895,0.41039713472127914,0.7619482421875,0.246014404296875,0.72963134765625,0.2787432861328125,94.74467727661133,32.62074214935303,0.0002
32600,4.370504031181335,1.3920984137058259,1.2375784879922866,0.21760338872671128,0.520071268081665,0.4144247050583363,0.4116023962199688,0.72139404296875,0.2896063232421875,0.7190185546875,0.2774627685546875,85.87950710296631,33.51342533111572,0.0002
32650,4.9470474863052365,1.659451044499874,1.405943939089775,0.23520656079053878,0.6196773052215576,0.4029505589604378,0.43242260947823524,0.7381103515625,0.268173828125,0.7340283203125,0.2795166015625,106.860061378479,37.243763847351076,0.0002
32700,4.443996272087097,1.427844895720482,1.267936680316925,0.21852683871984482,0.4700313210487366,0.4310457581281662,0.4596994096040726,0.700947265625,0.27808685302734376,0.706326904296875,0.28681976318359376,97.75394577026367,35.451931705474856,0.0002
32750,4.72797221660614,1.5255585399270057,1.3374450516700744,0.2331210795044899,0.7932766675949097,0.36944916725158694,0.4001028775423765,0.7481689453125,0.25819091796875,0.7375634765625,0.2630572509765625,109.79746841430664,36.123413486480715,0.0002
32800,4.867090196609497,1.6786999452114104,1.4202514472603798,0.22101735413074494,0.4273744523525238,0.38628563567996027,0.36291910730302335,0.75222412109375,0.2614971923828125,0.73498046875,0.24456390380859375,113.15086936950684,32.06741706848145,0.0002
32850,4.398523540496826,1.2650050237774848,1.4679018563032151,0.20820208370685578,0.7026737332344055,0.43853434577584266,0.5083098630607128,0.70591064453125,0.27887161254882814,0.6912060546875,0.3106451416015625,108.29933288574219,33.904488716125485,0.0002
32900,4.616563777923584,1.4904702109098436,1.3075294595956803,0.22732051581144333,0.5949299335479736,0.34496478099375966,0.42326011776924133,0.75056640625,0.2413653564453125,0.7211083984375,0.27974517822265627,112.2380791091919,37.94456232070923,0.0002
32950,4.54114351272583,1.27657244682312,1.530554143190384,0.2167521157860756,0.5774645805358887,0.38154768973588943,0.3965225726366043,0.734013671875,0.2567205810546875,0.7334228515625,0.283062744140625,117.59554763793945,34.69482078552246,0.0002
33000,4.657256970405578,1.4153390765190124,1.4281497675180435,0.22672101259231567,0.4934556186199188,0.41620022401213647,0.3822576102614403,0.73445556640625,0.271407470703125,0.74198486328125,0.26353729248046875,88.7392823791504,33.80704071044922,0.0002
33050,4.69028311252594,1.506120162010193,1.356168870329857,0.22849925547838212,0.5270904302597046,0.361606455296278,0.445095539689064,0.749404296875,0.25722076416015627,0.71272216796875,0.277691650390625,97.37248138427735,35.065771980285646,0.0002
33100,4.261604490280152,1.2027312529087066,1.306902514398098,0.21899634063243867,0.6001363396644592,0.40794538483023646,0.39420427501201627,0.7283056640625,0.26245086669921874,0.71921875,0.26622802734375,89.45607410430908,30.856906204223634,0.0002
33150,4.323108925819397,1.2597016733884812,1.3647007006406784,0.21233831435441972,0.6184396743774414,0.40114699490368366,0.45164443269371984,0.74099609375,0.28236236572265627,0.71298828125,0.29905517578125,92.06734512329102,36.95223457336426,0.0002
33200,4.872059640884399,1.476420164257288,1.648120368719101,0.2184398889541626,0.5685222148895264,0.39185087084770204,0.5170043726265431,0.73213134765625,0.24687973022460938,0.68758056640625,0.3101690673828125,124.96308837890625,40.74751663208008,0.0002
33250,4.774205093383789,1.362355617582798,1.6076762443780899,0.22552165418863296,0.4889373481273651,0.3381563562899828,0.4476467081904411,0.772431640625,0.24110809326171875,0.70663818359375,0.2883306884765625,121.33512046813965,36.80948860168457,0.0002
33300,4.762327694892884,1.422646142244339,1.55667253524065,0.2228761273622513,0.6770926713943481,0.40625557392835615,0.3929829829931259,0.7290576171875,0.2482586669921875,0.7309228515625,0.282811279296875,92.5249301147461,34.56889163970947,0.0002
33350,4.339273481369019,1.4970348680019379,1.1839939999580382,0.20728057473897935,0.6323164701461792,0.43385839976370333,0.4451919811964035,0.713857421875,0.2970635986328125,0.70295654296875,0.2791998291015625,72.74643127441406,33.70035610198975,0.0002
33400,4.350920886993408,1.2838750439882278,1.3321405774354935,0.2168631598353386,0.6072958111763,0.40430031456053256,0.4447691535949707,0.727880859375,0.27507568359375,0.69957763671875,0.29755615234375,86.86365745544434,32.882197093963626,0.0002
33450,4.85331618309021,1.3520747661590575,1.6736711674928666,0.22844627648591995,0.4199042320251465,0.354347797036171,0.48959528639912603,0.7596142578125,0.238875732421875,0.7068115234375,0.302493896484375,151.12738800048828,38.140284328460694,0.0002
33500,4.645201711654663,1.453554008603096,1.4439316892623901,0.218464497923851,0.7707067131996155,0.39345484405756,0.453164184615016,0.74220458984375,0.2570159912109375,0.707161865234375,0.2912557983398438,88.00772659301758,40.670483865737914,0.0002
33550,4.479114909172058,1.198193131685257,1.4287744909524918,0.23151840955018999,0.6355331540107727,0.39769418999552725,0.43820238411426543,0.74108642578125,0.26138992309570314,0.7005419921875,0.290482177734375,87.78976432800293,33.70984783172607,0.0002
33600,4.316355805397034,1.3104366213083267,1.3427945870161055,0.20789057165384292,0.3557065725326538,0.42365938626229765,0.452110933214426,0.70970947265625,0.28104339599609374,0.69814453125,0.2933897399902344,88.24225494384766,37.54700813293457,0.0002
33650,4.55514404296875,1.4124776542186737,1.3844831049442292,0.21977291405200958,0.4163805842399597,0.3979786936938763,0.385153401941061,0.734112548828125,0.2727423095703125,0.745419921875,0.2710784912109375,96.77180671691895,34.130018367767335,0.0002
33700,4.907494440078735,1.6058837819099425,1.4667909163236619,0.22935246855020522,0.5340180397033691,0.3505591495335102,0.3943570842593908,0.76239990234375,0.2382487487792969,0.7315283203125,0.2542828369140625,101.42306671142578,33.30614965438843,0.0002
33750,5.122415294647217,1.6278038501739502,1.5851190841197969,0.23868654638528825,0.9029878377914429,0.3724162320047617,0.36440622225403785,0.77048828125,0.2302239990234375,0.755478515625,0.24306640625,134.7823805999756,34.477838020324704,0.0002
33800,5.164388213157654,1.5631053525209426,1.7595636361837388,0.23021490573883058,0.43162867426872253,0.3813197657465935,0.303721062913537,0.7565869140625,0.24781829833984376,0.78408203125,0.2322943115234375,137.92606872558594,31.78168840408325,0.0002
33850,4.633955521583557,1.4233151984214782,1.484316093325615,0.21579053103923798,0.48046326637268066,0.3410115034133196,0.4148385328054428,0.7742724609375,0.240247802734375,0.71273681640625,0.27182052612304686,102.5220115661621,34.840121307373046,0.0002
33900,4.452520008087158,1.3188641506433487,1.3987528347969056,0.21686287939548493,0.5043662786483765,0.3721484412252903,0.423452078551054,0.738211669921875,0.242823486328125,0.72799072265625,0.271815185546875,120.97959671020507,36.743786840438844,0.0002
33950,4.535734510421753,1.432294380068779,1.3556468790769578,0.2184741562604904,0.6021959781646729,0.3256708257645369,0.47601295351982115,0.7801513671875,0.23700927734375,0.69549072265625,0.302021484375,100.06950279235839,39.50348064422607,0.0002
34000,4.910313038825989,1.514130111336708,1.602811606824398,0.2241714131832123,0.6922323107719421,0.41212778970599173,0.42814022690057757,0.721171875,0.25498382568359373,0.70602294921875,0.283704833984375,135.56554244995118,37.91246063232422,0.0002
34050,5.03310839176178,1.5253259152173997,1.7012419855594636,0.22581755995750427,0.38619768619537354,0.3483960603177547,0.46290669202804563,0.781893310546875,0.22479629516601562,0.7210693359375,0.2942529296875,147.7780918121338,39.49067207336426,0.0002
34100,4.597246537208557,1.3427646726369857,1.5185225824266673,0.21699490666389465,0.432661771774292,0.6217686161398888,0.44468940660357476,0.690068359375,0.3114892578125,0.70637939453125,0.30088592529296876,95.83653945922852,43.94856515884399,0.0002
34150,4.608916182518005,1.3062273666262627,1.5838737380504608,0.21485188841819763,0.4655464291572571,0.35299830421805384,0.3845943105220795,0.7572412109375,0.24302825927734376,0.72756591796875,0.2705206298828125,89.43266891479492,32.4497191619873,0.0002
34200,4.819056849479676,1.5292901164293289,1.4350990223884583,0.23183346390724183,0.4496060013771057,0.37592544019222257,0.43275355607271193,0.74818359375,0.25036712646484377,0.722957763671875,0.270567626953125,100.23171073913574,35.190614471435545,0.0002
34250,4.7409778046607975,1.5136080420017242,1.4347212105989455,0.224081070125103,0.5889804363250732,0.3704519806802273,0.4210983685404062,0.7476708984375,0.25047088623046876,0.72685546875,0.267711181640625,85.65350273132324,33.60271850897341,0.0002
34300,4.430828633308411,1.3064213705062866,1.3868736213445663,0.21719170570373536,0.4520992636680603,0.4330487136542797,0.4142335444688797,0.7038330078125,0.291591796875,0.7062109375,0.2791046142578125,86.6643423461914,34.17323709487915,0.0002
34350,4.893536863327026,1.4984007370471955,1.554412539601326,0.23009044975042342,0.4099405109882355,0.3580807754397392,0.3814388018846512,0.765550537109375,0.24313720703125,0.7193994140625,0.2580242919921875,102.75780662536621,31.11777925491333,0.0002
34400,4.6804118156433105,1.4128361237049103,1.5026334929466247,0.22061777845025063,0.7123674154281616,0.414098693728447,0.42704706884920596,0.73078857421875,0.26466552734375,0.7175537109375,0.288895263671875,126.58802673339844,36.16237245559692,0.0002
34450,4.5805808496475215,1.319290667772293,1.5151113021373748,0.21827236145734788,0.6316933631896973,0.3704831092059612,0.44688520178198815,0.7593994140625,0.25197296142578124,0.7006005859375,0.296533203125,84.50257316589355,34.345372924804686,0.0002
34500,4.710869717597961,1.3788661229610444,1.555793205499649,0.22202629804611207,0.8085981011390686,0.3897346156835556,0.4188438481092453,0.7335791015625,0.2605621337890625,0.72917724609375,0.280445556640625,111.45877792358398,34.03923442840576,0.0002
34550,5.065406084060669,1.5786542278528213,1.7806675401329994,0.21326053887605667,0.5916440486907959,0.36323134928941725,0.38594543680548665,0.7445947265625,0.2407928466796875,0.745487060546875,0.24582305908203125,156.7643968231824,34.6561828994751,0.0002
34600,5.0774920129776,1.6176128926873208,1.5870234674215318,0.23410695493221284,0.3986218571662903,0.3694053038954735,0.37928738340735435,0.75171875,0.255098876953125,0.7417333984375,0.2441064453125,105.69671020507812,33.60834936141968,0.0002
34650,4.599952459335327,1.5529731476306916,1.3307479098439217,0.21452892810106278,0.46501901745796204,0.4302580200135708,0.434315116032958,0.724541015625,0.29026123046875,0.719345703125,0.27458465576171875,101.4569905090332,38.890686683654785,0.0002
34700,4.951293835639953,1.5891505086421966,1.560220181643963,0.22524038523435594,0.6872711181640625,0.4490491011738777,0.4527233569324017,0.716181640625,0.28060089111328124,0.7169970703125,0.296116943359375,111.56165351867676,40.39635623931885,0.0002
34750,4.7337127828598025,1.3960816633701325,1.5786014521121978,0.2198787125945091,0.6729940176010132,0.3480061277747154,0.394739284068346,0.7635791015625,0.2365863037109375,0.7164453125,0.2659051513671875,120.1694172668457,31.640727748870848,0.0002
34800,4.650079307556152,1.3100327825546265,1.6143727362155915,0.21570922255516053,0.5420646667480469,0.3982596777379513,0.45698693573474886,0.734493408203125,0.249334716796875,0.708349609375,0.3046353149414063,90.39001152038574,36.616913356781005,0.0002
34850,4.527711515426636,1.2898595625162124,1.5108297115564346,0.21587778270244598,0.5501326322555542,0.33823509253561496,0.43942451387643816,0.7663818359375,0.2331317138671875,0.7078173828125,0.2858306884765625,119.93680892944336,35.026082592010496,0.0002
34900,4.511979284286499,1.4299467495083809,1.3554241555929183,0.21582604199647903,0.5356416702270508,0.3499752998352051,0.5140152686834335,0.7539013671875,0.2506793212890625,0.69031005859375,0.31861083984375,83.18177661895751,37.14970035552979,0.0002
34950,4.749176092147827,1.390211346745491,1.6523075646162033,0.21333214938640593,0.541539192199707,0.3629952582716942,0.43594978272914886,0.7636474609375,0.2476812744140625,0.7080224609375,0.2915399169921875,111.44718978881836,34.94392395019531,0.0002
35000,4.618088865280152,1.473697957098484,1.3493802905082704,0.22437632948160172,0.5674655437469482,0.39590304397046566,0.39000373288989065,0.7377587890625,0.24843475341796875,0.74421630859375,0.2531805419921875,107.54949745178223,36.223118724822996,0.0002
35050,4.907873797416687,1.46787310898304,1.6561522807180882,0.2229810470342636,0.6108776330947876,0.43706741571426394,0.48005474627017974,0.7423095703125,0.271356201171875,0.6946435546875,0.2937518310546875,95.88777179718018,38.7023095703125,0.0002
35100,4.717719407081604,1.4710128957033157,1.405104811489582,0.2302002090215683,0.8227717876434326,0.3742733523249626,0.3954960885643959,0.73671875,0.2501260375976562,0.7291259765625,0.27517578125,103.24482261657715,30.10495849609375,0.0002
35150,4.726068329811096,1.3934887343645095,1.5749242627620696,0.2197069165110588,0.516400933265686,0.3526540084183216,0.40046179339289667,0.76818603515625,0.25011993408203126,0.73568115234375,0.2713482666015625,97.80018459320068,32.76457420349121,0.0002
35200,4.96999264717102,1.542619835138321,1.5926050424575806,0.22934597194194795,0.5869052410125732,0.34253748461604117,0.4089037698507309,0.773203125,0.2184705352783203,0.7207958984375,0.2733221435546875,93.27278816223145,33.964853324890136,0.0002
35250,4.991889796257019,1.5530151867866515,1.6861342209577561,0.2190925481915474,0.5304853916168213,0.415697386264801,0.5203378692269325,0.73125,0.2614263916015625,0.6862890625,0.3086260986328125,128.3101092529297,43.711527786254884,0.0002
35300,4.544136528968811,1.2646533274650573,1.558045545220375,0.21517970710992812,0.4282059669494629,0.3448059403896332,0.47074454218149187,0.76885498046875,0.22866943359375,0.6994775390625,0.2972711181640625,153.0930630493164,37.422280158996585,0.0002
35350,4.609510178565979,1.3534615463018418,1.515463781952858,0.2175731071829796,0.5915199518203735,0.3346530930697918,0.4197846430540085,0.772373046875,0.23036041259765624,0.73205078125,0.29083526611328125,127.27637283325195,35.53077787399292,0.0002
35400,4.495227699279785,1.4093876385688782,1.3029715037345886,0.2228585696220398,0.8416310548782349,0.3970202554762363,0.40593825101852415,0.739072265625,0.2570998382568359,0.71787353515625,0.2730712890625,93.63943962097169,35.41865240097046,0.0002
35450,4.433489623069764,1.3633240711688996,1.3820894652605056,0.21100950598716736,0.7107633352279663,0.42600725308060644,0.4597416990995407,0.71373046875,0.28449172973632814,0.693067626953125,0.302071533203125,89.23282318115234,36.302853946685794,0.0002
35500,4.950742630958557,1.6891580164432525,1.4202911162376404,0.23016168773174286,0.48534268140792847,0.3362062804400921,0.377866854891181,0.7630908203125,0.2336305236816406,0.7570849609375,0.26124755859375,111.8581689453125,33.67843439102173,0.0002
35550,4.742856693267822,1.5654930567741394,1.4462898626923562,0.2163842177391052,0.5949230194091797,0.4125431782007217,0.40617300249636173,0.7348291015625,0.2881573486328125,0.72640380859375,0.25798583984375,102.94402854919434,35.145336627960205,0.0002
35600,4.361807899475098,1.2168701910972595,1.4467038571834565,0.2122792312502861,0.4752129912376404,0.42071824327111246,0.4384300495684147,0.72381591796875,0.2609518432617188,0.7081982421875,0.291163330078125,87.10977165222168,35.98041856765747,0.0002
35650,4.765066728591919,1.4484679938852787,1.5568747007846833,0.21996549874544144,0.5966486930847168,0.3383352418243885,0.393442580550909,0.75752197265625,0.2353436279296875,0.73134033203125,0.2641741943359375,112.06137092590332,30.40598345756531,0.0002
35700,4.75119993686676,1.4190252590179444,1.5437168562412262,0.22355722814798354,0.37042108178138733,0.3594480301439762,0.3846938249468803,0.75689453125,0.25127716064453126,0.7270361328125,0.2606085205078125,81.50679634094239,33.50010450363159,0.0002
35750,4.86872884273529,1.424702643752098,1.6523256826400756,0.22396256446838378,0.6881227493286133,0.4351907075941563,0.3874892746657133,0.72003173828125,0.2624151611328125,0.73615234375,0.2804084777832031,108.20880462646484,35.012720069885255,0.0002
35800,4.668914093971252,1.4163990235328674,1.4667836898565292,0.2232164227962494,0.7760868668556213,0.38623749539256097,0.40863408267498014,0.752646484375,0.2567431640625,0.71830078125,0.2715625,115.67572998046874,33.41307346343994,0.0002
35850,4.24690809249878,1.3101927602291108,1.2764871692657471,0.20752852022647858,0.6250400543212891,0.41184939548373223,0.41197902768850325,0.728798828125,0.26854736328125,0.725810546875,0.2724676513671875,98.52722473144532,37.506963901519775,0.0002
35900,4.3049977588653565,1.2786427074670792,1.2774472208321095,0.21861347675323486,0.611814558506012,0.3862182253599167,0.49008596360683443,0.7429345703125,0.26396774291992187,0.68581787109375,0.302052001953125,77.44739582061767,37.77647222518921,0.0002
35950,4.426514945030212,1.3482570564746856,1.2878967067599296,0.22379515290260316,0.5945411324501038,0.46044871270656584,0.3919632248580456,0.7009716796875,0.300989990234375,0.733232421875,0.2854962158203125,93.89989044189453,31.58456422805786,0.0002
36000,4.5886833333969115,1.4419447892904282,1.4454332661628724,0.21266315639019012,0.5047903656959534,0.355174625441432,0.390273989289999,0.7493603515625,0.2545968627929687,0.7307958984375,0.2733270263671875,95.91057929992675,29.249060459136963,0.0002
36050,4.2746076583862305,1.3105892860889434,1.2331121230125428,0.21636328369379043,0.42777976393699646,0.463037281036377,0.43419242545962333,0.7031640625,0.29329864501953123,0.69951904296875,0.2803045654296875,68.49945358276368,37.489968662261965,0.0002
36100,4.570711855888367,1.4538924944400788,1.342216677069664,0.22182533711194993,0.3816083073616028,0.418608543202281,0.3712509998679161,0.726630859375,0.2686651611328125,0.7430517578125,0.2672979736328125,91.40638679504394,32.315799674987794,0.0002
36150,5.141825428009033,1.8707141363620758,1.4392673945426941,0.22898048758506775,0.5206952095031738,0.3971324933692813,0.3409954683482647,0.7331103515625,0.2702215576171875,0.7537890625,0.2417950439453125,123.3622055053711,33.227721252441405,0.0002
36200,4.607715792655945,1.5708994701504708,1.3076534640789033,0.2161453565955162,0.6537543535232544,0.4174529695510864,0.39670778810977936,0.7201953125,0.2852783203125,0.74472412109375,0.2615948486328125,88.70485145568847,33.29044229507446,0.0002
36250,4.609747619628906,1.49020997941494,1.4039572072029114,0.21444755256175996,0.5904133319854736,0.38500254124403,0.4907818878442049,0.738046875,0.2675726318359375,0.6938232421875,0.3067364501953125,106.24393119812012,36.258229122161865,0.0002
36300,4.655250787734985,1.4494103395938873,1.4965043413639068,0.21366701871156693,0.6563740968704224,0.4149144370853901,0.4399632912874222,0.73219482421875,0.25808685302734374,0.699091796875,0.28671234130859374,108.30503845214844,38.340973701477054,0.0002
36350,4.1766284084320064,1.261641073822975,1.2985872280597688,0.20205001175403595,0.5547661781311035,0.3738883961737156,0.40491496205329897,0.74658447265625,0.25990997314453124,0.7290771484375,0.279844970703125,76.14136047363282,32.120559768676756,0.0002
36400,4.705684032440185,1.4537449395656585,1.487666854262352,0.22053402811288833,0.8140045404434204,0.3931838436424732,0.39035523660480975,0.7326318359375,0.263250732421875,0.74438232421875,0.26362060546875,101.8737922668457,33.69559520721435,0.0002
36450,4.713593606948852,1.604763106107712,1.3436730533838273,0.22064467817544936,0.5757890343666077,0.3936826676875353,0.3548183898627758,0.728330078125,0.26202728271484377,0.7497607421875,0.239833984375,103.56726348876953,29.068735160827636,0.0002
36500,4.866184329986572,1.4415492409467696,1.601022230386734,0.22795160561800004,0.5223026275634766,0.3141769913583994,0.3373712618649006,0.78128173828125,0.2246331787109375,0.7640966796875,0.24377532958984374,113.70068923950195,30.81456928253174,0.0002
36550,5.011751861572265,1.6317217934131623,1.5172229319810868,0.23285089135169984,0.4770732522010803,0.37866929642856123,0.4090720561146736,0.7599853515625,0.249381103515625,0.724442138671875,0.2632867431640625,162.19597686767577,36.85217357635498,0.0002
36600,5.126505436897278,1.489903834760189,1.839456970691681,0.2246430805325508,0.6544373035430908,0.34349708542227747,0.45251888409256935,0.7599951171875,0.23214614868164063,0.72165771484375,0.290234375,134.4305633544922,38.70175853729248,0.0002
36650,4.813482174873352,1.6029643285274506,1.3458695662021638,0.23308103382587433,0.6044153571128845,0.4024497251212597,0.38866344310343265,0.73552978515625,0.261859130859375,0.74920654296875,0.2468914794921875,92.49295875549316,34.26283595026756,0.0002
36700,4.834513564109802,1.4212793242931365,1.6026323652267456,0.2263252392411232,0.46767765283584595,0.3774769411981106,0.43626475259661673,0.753232421875,0.2540087890625,0.715474853515625,0.2793536376953125,104.72444076538086,33.83449573516846,0.0002
36750,4.548147120475769,1.3751751893758775,1.4528970301151276,0.21500936627388,0.5481775403022766,0.37242875441908835,0.4541894932091236,0.74240234375,0.2520343017578125,0.69745361328125,0.2935174560546875,78.22478218078614,33.92070165634155,0.0002
36800,4.704946794509888,1.2480157724022864,1.6637841534614564,0.22414335995912552,0.5475239753723145,0.37145937263965606,0.38355446070432664,0.7473046875,0.24454925537109376,0.741845703125,0.26506103515625,122.65110599751375,34.968504676818846,0.0002
36850,4.511010308265686,1.2469792515039444,1.4466453874111176,0.22717320382595063,0.6800885200500488,0.30740093275904656,0.38914052307605745,0.7820166015625,0.22284011840820311,0.7416015625,0.2720855712890625,105.60047267913818,32.1054573059082,0.0002
36900,4.853068890571595,1.4593555814027785,1.6259928691387175,0.22096505165100097,0.5086029171943665,0.40125355273485186,0.44468509033322334,0.74444091796875,0.24877365112304686,0.7108984375,0.2719659423828125,159.0561180114746,40.61824499130249,0.0002
36950,4.7020151233673095,1.3540293598175048,1.5912831251323223,0.2195878332853317,0.6264570355415344,0.35838056057691575,0.4533419968187809,0.764658203125,0.24142898559570314,0.709515380859375,0.288109130859375,129.9869699859619,35.879639854431154,0.0002
37000,4.9976673412323,1.5524007838964462,1.6352332749962806,0.2262541636824608,0.5409191250801086,0.36707545816898346,0.37489919617772105,0.76078857421875,0.24992889404296875,0.7366845703125,0.2529315185546875,106.8898023223877,35.78469148635864,0.0002
37050,4.625546555519104,1.3804267647862434,1.4763800477981568,0.22109246969223023,0.46685969829559326,0.37036167830228806,0.4832459545135498,0.7363134765625,0.247684326171875,0.70448974609375,0.30142974853515625,108.28757751464843,36.71185234069824,0.0002
37100,4.641134285926819,1.4945980268716812,1.2504291808605195,0.23701338559389115,0.6423754692077637,0.3543214968219399,0.4140986974537373,0.7687939453125,0.2559950256347656,0.73173095703125,0.2773797607421875,71.03821723937989,31.966183986663818,0.0002
37150,4.939709668159485,1.5581416553258896,1.5536796432733535,0.22848604530096053,0.7833250761032104,0.41686577707529066,0.4053428174555302,0.7453076171875,0.25687896728515625,0.7194970703125,0.2744952392578125,97.92551406860352,36.312919540405275,0.0002
37200,4.913378739356995,1.464379454255104,1.5800431513786315,0.23361951380968093,0.6691209673881531,0.3629579810798168,0.43449408635497094,0.7482373046875,0.23070953369140626,0.7296435546875,0.2762823486328125,117.7723316192627,36.75109680175781,0.0002
37250,4.863690929412842,1.440829263329506,1.6061211574077605,0.22709256201982497,0.5228357315063477,0.3860741635411978,0.40230930179357527,0.74595703125,0.2599720764160156,0.72103759765625,0.2708090209960938,89.93701866149902,33.68777013778686,0.0002
37300,4.62653950214386,1.504673826098442,1.3128925411403178,0.22612163543701172,0.5596771240234375,0.3247583869844675,0.3857172527909279,0.77654296875,0.22491317749023437,0.7404736328125,0.264306640625,100.45708705902099,28.835768489837648,0.0002
37350,4.76328058719635,1.36716836810112,1.6412518566846848,0.21935754388570786,0.5038583278656006,0.2859991115704179,0.3933829441666603,0.7981884765625,0.199195556640625,0.732158203125,0.269566650390625,148.56169624328612,29.250813369750976,0.0002
37400,4.543649892807007,1.383168882727623,1.3785568368434906,0.22274051517248153,0.8056063055992126,0.38331935577094556,0.3938563193380833,0.763758544921875,0.24877471923828126,0.733173828125,0.2763800048828125,96.99525627136231,32.615991611480716,0.0002
37450,4.9028329133987425,1.3712954699993134,1.7442538863420487,0.2234104436635971,0.46121466159820557,0.3383398799598217,0.4823655490577221,0.7716162109375,0.21648040771484375,0.68372802734375,0.290592041015625,145.42688659667968,36.35103517532349,0.0002
37500,4.9760951852798465,1.5409017860889436,1.567405044734478,0.23347354531288148,0.4162966012954712,0.3535829269140959,0.4121543066203594,0.76185546875,0.24748046875,0.73033203125,0.2749749755859375,119.27777854919434,30.91930830001831,0.0002
37550,4.590967526435852,1.3702647975087165,1.5195995438098908,0.21263789653778076,0.5076662302017212,0.346115839779377,0.4383739763498306,0.76442138671875,0.22587921142578124,0.70759765625,0.2932025146484375,103.25774890899658,32.869358139038084,0.0002
37600,4.549660754203797,1.432995612323284,1.2927967873215676,0.2279835459589958,0.7828409075737,0.336205163449049,0.37871815711259843,0.78748046875,0.22178985595703124,0.7393505859375,0.2626123046875,103.31963401794434,31.970832843780517,0.0002
37650,4.9365481090545655,1.646633288860321,1.4320878836512565,0.2322283723950386,0.5814825296401978,0.37487720414996145,0.38276749446988106,0.74369140625,0.2451361083984375,0.7410302734375,0.249385986328125,91.2523821258545,31.05535877227783,0.0002
37700,5.15450454711914,1.5083993908762932,1.8035234147310257,0.23032271653413772,0.6238458156585693,0.3982162149250507,0.3475894831120968,0.7479833984375,0.25258636474609375,0.7663232421875,0.2536029052734375,130.39483589172363,33.11998445510864,0.0002
37750,4.350882349014282,1.402875235080719,1.2741591101884842,0.209230999648571,0.6335310339927673,0.37708704233169554,0.48246016427874566,0.7429736328125,0.2608404541015625,0.69173828125,0.2937548828125,77.34080387115479,40.785533599853515,0.0002
37800,4.661742992401123,1.5102496987581253,1.3750187353789807,0.2220593124628067,0.39169055223464966,0.3786418914794922,0.5213834151625634,0.743408203125,0.25461761474609373,0.685059814453125,0.3188482666015625,79.25149921417237,37.53716283798218,0.0002
37850,4.732240695953369,1.4448062515258788,1.5467153561115266,0.21758988976478577,0.6817476749420166,0.34635174185037615,0.4647101539373398,0.7559521484375,0.24461196899414062,0.71070556640625,0.28830535888671877,120.10983215332031,36.53230390548706,0.0002
37900,4.558145747184754,1.3315665179491043,1.4448555809259416,0.22271545678377153,0.5584582686424255,0.442208666652441,0.4557832632958889,0.71597900390625,0.267877197265625,0.71373779296875,0.29135009765625,115.17280151367187,41.15202968597412,0.0002
37950,4.469216780662537,1.3951255628466606,1.3814784872531891,0.21157658994197845,0.4475424885749817,0.421605603992939,0.516322770267725,0.730166015625,0.2727191162109375,0.67409912109375,0.313428955078125,84.15320373535157,39.63871017456054,0.0002
38000,4.586200275421143,1.347252750992775,1.49826007604599,0.21758592754602432,0.5633894205093384,0.35631336603313685,0.49757646322250365,0.756708984375,0.23613861083984375,0.69469970703125,0.31174530029296876,95.79258502960205,37.25585227966309,0.0002
38050,4.462035946846008,1.2703912645578384,1.4680034708976746,0.21545514971017837,0.8143622875213623,0.5235855351388454,0.45865201979875564,0.708837890625,0.298155517578125,0.6949462890625,0.30904052734375,85.19987728118896,41.33677867889404,0.0002
38100,4.70582157611847,1.5257710814476013,1.4264291670918465,0.21920266449451448,0.5182806849479675,0.3703527601063252,0.41560964077711104,0.7539501953125,0.2448193359375,0.71748291015625,0.2783062744140625,72.30120155334473,32.359667682647704,0.0002
38150,4.786734099388123,1.3660377448797225,1.5863664901256562,0.229291230738163,0.7028293609619141,0.31181480042636395,0.36153834983706473,0.789404296875,0.2238653564453125,0.752236328125,0.265865478515625,106.16972366333007,30.526994428634644,0.0002
38200,4.969703917503357,1.711232654452324,1.4346264189481734,0.2279806074500084,0.5903805494308472,0.40775817189365626,0.35831258617341516,0.73487060546875,0.2611375427246094,0.753353271484375,0.23098876953125,113.29624114990234,34.02381332397461,0.0002
38250,4.772920351028443,1.4908155071735383,1.5446186369657517,0.21718577206134795,0.5390567779541016,0.43311711072921755,0.3873326751589775,0.7252685546875,0.2690621948242187,0.7421630859375,0.27398590087890623,85.42595504760742,34.096606674194334,0.0002
38300,4.3628912448883055,1.356755581498146,1.3068955290317534,0.2124050197005272,0.8838993310928345,0.360966925509274,0.40229421958327294,0.7415478515625,0.25790069580078123,0.7318603515625,0.2642120361328125,75.68580535888673,32.708353099823,0.0002
38350,4.625822062492371,1.3695836991071701,1.4846022876352072,0.22145451188087464,0.5223947763442993,0.4452023772895336,0.41943267822265623,0.7424609375,0.27221725463867186,0.70617919921875,0.2728619384765625,99.52583885192871,38.087651805877684,0.0002
38400,4.392556052207947,1.3108307006955147,1.3567095690965651,0.2156269732117653,0.8522400856018066,0.37457899533212186,0.4677184335887432,0.75407958984375,0.2475653076171875,0.705048828125,0.30131256103515625,91.72007118225098,34.589963550567624,0.0002
38450,4.20988100528717,1.1787560385465623,1.321207423210144,0.21373968899250032,0.7367713451385498,0.3931489585340023,0.4689211703836918,0.72073486328125,0.256416015625,0.6889990234375,0.3051898193359375,71.67827476501465,29.552613697052003,0.0002
38500,4.38625394821167,1.4112574219703675,1.2668230360746384,0.21352168649435044,0.6967335939407349,0.4475718157738447,0.4743379057943821,0.71865478515625,0.29582183837890624,0.6889306640625,0.308126220703125,75.59538303375244,36.540042095184326,0.0002
38550,4.480484032630921,1.3490958496928216,1.3307930782437325,0.2250743868947029,0.6226109862327576,0.3594161306321621,0.4814252915978432,0.7606201171875,0.23728912353515624,0.68304931640625,0.30709716796875,73.78130096435547,36.35008499145508,0.0002
38600,4.570349621772766,1.368131841123104,1.4512907764315606,0.21886588007211685,0.5538119077682495,0.3702716935425997,0.4588611230254173,0.74744140625,0.24323211669921874,0.7060302734375,0.3101373291015625,94.1564023590088,34.947481327056884,0.0002
38650,4.384980072975159,1.333389819264412,1.347388700246811,0.21302518904209136,0.8103489875793457,0.36217238903045657,0.39833501979708674,0.7530859375,0.25242156982421876,0.72976806640625,0.272423095703125,94.59150955200195,34.89806259155274,0.0002
38700,4.64811384677887,1.4351369148492814,1.4811924210190772,0.21647306650877,0.6486660242080688,0.3897911174595356,0.3854464155435562,0.740263671875,0.26191497802734376,0.74101806640625,0.260887451171875,95.94970737457275,34.99246797561646,0.0002
38750,4.669507489204407,1.3983440804481506,1.4528117722272873,0.2272939595580101,0.6571182012557983,0.37295435070991517,0.39296729788184165,0.7506494140625,0.24577056884765625,0.7168798828125,0.271746826171875,91.81083526611329,32.216885242462155,0.0002
38800,5.043755006790161,1.6044086444377899,1.578839544057846,0.2325633478164673,0.5636522769927979,0.4274628660082817,0.3792330549657345,0.727109375,0.2679766845703125,0.75796630859375,0.24158203125,107.59003021240234,35.205776405334475,0.0002
38850,4.76773097038269,1.5683312976360322,1.3002900499105454,0.23738869577646254,0.4800756573677063,0.3776818690448999,0.34160310208797456,0.7807275390625,0.24014892578125,0.75796875,0.2470526123046875,82.07978393554687,29.327635593414307,0.0002
38900,4.740274295806885,1.6831932228803634,1.3300119698047639,0.21588362962007523,0.5613152384757996,0.40689322985708715,0.4250914867967367,0.727841796875,0.243988037109375,0.7232666015625,0.270482177734375,107.97064453125,35.831799488067624,0.0002
38950,4.468951101303101,1.3961431849002839,1.2820369839668273,0.22384636342525482,0.6809359788894653,0.3906529864668846,0.37727469712495804,0.758017578125,0.2755548095703125,0.748388671875,0.2527987670898437,67.74754444122314,32.91879127502441,0.0002
39000,4.700618019104004,1.5289953058958055,1.4606666070222856,0.21386951684951783,0.6162826418876648,0.3717419908195734,0.4084746788442135,0.7418505859375,0.23815155029296875,0.721953125,0.278797607421875,96.19960357666015,37.096513690948484,0.0002
39050,4.94232262134552,1.5176941525936127,1.522948678433895,0.2377099722623825,0.8560203909873962,0.2968012049794197,0.31570422992110253,0.7930322265625,0.2157183837890625,0.7679443359375,0.2282147216796875,102.6308911895752,26.916549549102783,0.0002
39100,5.004789652824402,1.4743869841098785,1.7398081314563751,0.22382431268692016,0.4949551522731781,0.28637115336954594,0.41929944679141046,0.79656494140625,0.20337127685546874,0.725791015625,0.2707769775390625,118.90694862365723,34.02835578918457,0.0002
39150,4.881872096061707,1.4793633368611336,1.6489052549004555,0.2192004430294037,0.5582087635993958,0.3602865605801344,0.39501799285411837,0.76546630859375,0.2257378387451172,0.7323388671875,0.260068359375,112.79576637268066,33.59761674880981,0.0002
39200,4.569046168327332,1.3544566503167152,1.494790559709072,0.214974864423275,0.471857488155365,0.35621984623372555,0.4292823688685894,0.7624853515625,0.2329833984375,0.73133544921875,0.286619873046875,76.87516353607178,36.80051179885864,0.0002
39250,4.650071773529053,1.3432105028629302,1.5937778073549271,0.21413543552160264,0.4966357350349426,0.35126595094799995,0.41973401218652723,0.75841796875,0.23473785400390626,0.713154296875,0.282994384765625,105.8307021331787,35.004434700012204,0.0002
39300,4.8916147565841674,1.558247048854828,1.52951027572155,0.22548218131065367,0.560295045375824,0.4154858495295048,0.39944580003619196,0.7441552734375,0.25393707275390626,0.73488037109375,0.262938232421875,107.13305152893066,38.484334754943845,0.0002
39350,4.664702558517456,1.5277631503343583,1.3325589698553086,0.22554755598306656,0.5515995621681213,0.3459515909478068,0.42841706991195677,0.770458984375,0.23514678955078125,0.72400634765625,0.2730194091796875,97.31075332641602,34.10017183303833,0.0002
39400,4.646352939605713,1.1973099744319915,1.6007893896102905,0.23103170305490495,0.5424069166183472,0.3273856610059738,0.43121216729283335,0.774482421875,0.22435760498046875,0.724892578125,0.28556045532226565,126.60231773376465,33.47711338043213,0.0002
39450,5.183935885429382,1.555027984380722,1.6971152862906456,0.24147407561540604,0.4128335416316986,0.3211465723440051,0.4783216078579426,0.79962890625,0.204664306640625,0.70394287109375,0.285023193359375,111.58609329223633,37.93825330734253,0.0002
39500,4.714572768211365,1.295854633450508,1.6373544862866403,0.22267045140266417,0.5100833177566528,0.3535538637638092,0.4523905844986439,0.76556640625,0.230740966796875,0.7000439453125,0.2926678466796875,89.3139023590088,35.80670007705689,0.0002
39550,4.617114148139954,1.3249659132957459,1.4611488264799117,0.22887492746114732,0.5328195095062256,0.33477251723408696,0.5639589896798134,0.77810546875,0.238414306640625,0.6713037109375,0.326446533203125,92.16894966125489,36.32769784927368,0.0002
39600,4.63136568069458,1.2796572870016099,1.5947095288336277,0.2196248608827591,0.5397194623947144,0.33104636400938037,0.4340498250722885,0.7798486328125,0.2072186279296875,0.70688232421875,0.297349853515625,97.57626945495605,34.04959928512573,0.0002
39650,4.782762537002563,1.400865525007248,1.6067697137594223,0.22189091324806212,0.46445727348327637,0.4117187272012234,0.39849800407886504,0.738671875,0.24707321166992188,0.72638671875,0.27476318359375,137.60171264648437,36.90972032546997,0.0002
39700,4.7545312309265135,1.396710366010666,1.5183240070939064,0.22993710577487947,0.39301297068595886,0.3565590350329876,0.4040872260928154,0.7755615234375,0.23957450866699218,0.728544921875,0.279825439453125,122.21585884094239,36.074772644042966,0.0002
39750,5.293824286460876,1.6367758774757386,1.7223162668943406,0.24184152036905288,1.0159235000610352,0.3303406980633736,0.3708534389734268,0.787587890625,0.21015823364257813,0.7425146484375,0.24822723388671875,141.68784896850585,31.413725929260252,0.0002
39800,5.314044351577759,1.4456665682792664,1.9507844269275665,0.23969916731119156,0.6760757565498352,0.3225619764626026,0.4080599978193641,0.7801171875,0.2063031005859375,0.743160400390625,0.26621917724609373,141.30986793673767,34.237917823791506,0.0002
39850,4.9940411520004275,1.6877311688661576,1.5255542677640914,0.22259446680545808,0.496092826128006,0.3425656586885452,0.43088165417313573,0.76996337890625,0.2419401550292969,0.71609375,0.2716586303710937,109.4892163848877,39.09158924102783,0.0002
39900,4.612162628173828,1.3423575109243393,1.4982380759716034,0.2214458766579628,0.6159619688987732,0.370752120167017,0.3598951035737991,0.7612890625,0.248643798828125,0.7447412109375,0.24925140380859376,104.19851432800293,33.196900863647464,0.0002
39950,4.650471901893615,1.4275297212600708,1.5206488239765168,0.21278667569160462,0.7102780342102051,0.37422356449067595,0.4722075812518597,0.75358642578125,0.23698089599609376,0.7233642578125,0.2992327880859375,96.21174774169921,33.95210411071778,0.0002
40000,4.563954882621765,1.5007744437456132,1.33580406665802,0.21592204451560973,0.7462714910507202,0.42449837654829026,0.4394454704225063,0.7247802734375,0.2841169738769531,0.7220654296875,0.26831787109375,76.03512355804443,36.91616472244263,0.0002
40050,4.625348472595215,1.4399923223257065,1.374451792240143,0.22636304736137391,0.6345621347427368,0.377989097610116,0.4649910672008991,0.73559326171875,0.2406329345703125,0.70176513671875,0.29716796875,72.20233371734619,33.453037128448486,0.00019975
40100,4.299123125076294,1.3298839873075485,1.2372726505994798,0.2164958092570305,0.49927252531051636,0.387097587287426,0.3402105790376663,0.744033203125,0.268511962890625,0.75012451171875,0.233819580078125,68.14828590393067,31.108804264068603,0.00019950000000000002
40150,4.397857961654663,1.3287778216600419,1.3436404144763947,0.21567996919155122,0.5637481212615967,0.37086124420166017,0.43118678957223894,0.74167236328125,0.2501335144042969,0.7079833984375,0.297767333984375,66.81010723114014,32.39745309829712,0.00019925
40200,4.7531690645217894,1.5687176668643952,1.392479630112648,0.22399646610021592,0.6680891513824463,0.34574405387043955,0.33413883313536646,0.770205078125,0.2423187255859375,0.762412109375,0.24598297119140625,79.84700119018555,29.949418201446534,0.000199
40250,4.778546390533447,1.5832235789299012,1.426273040175438,0.22113121569156646,0.4581669867038727,0.3753183032572269,0.35286088541150096,0.7494287109375,0.2468798828125,0.7512255859375,0.24314208984375,99.61833129882812,34.53406373977661,0.00019875
40300,4.670556502342224,1.4499765193462373,1.4510724103450776,0.22118844330310822,0.38611650466918945,0.42697548113763334,0.37831201195716857,0.73114013671875,0.2701287841796875,0.741943359375,0.25859527587890624,94.7337971496582,37.8217113494873,0.00019850000000000003
40350,4.688548712730408,1.514607247710228,1.3936984902620315,0.22253037214279175,0.882728636264801,0.3944402769207954,0.35894398599863053,0.730537109375,0.25706207275390625,0.753114013671875,0.2456817626953125,90.26755805969238,35.592710914611814,0.00019825
40400,4.683819289207459,1.4148980563879012,1.3714076900482177,0.2371891927719116,0.5195913314819336,0.3780105114728212,0.4052724719047546,0.752666015625,0.2558367919921875,0.7352978515625,0.252362060546875,86.8941404724121,38.79780513763428,0.00019800000000000002
40450,4.66279700756073,1.4921053099632262,1.4179422467947007,0.21909367561340332,0.4426073431968689,0.3358977349847555,0.414680181145668,0.756953125,0.2250537109375,0.724658203125,0.277755126953125,98.93880016326904,30.721584548950194,0.00019775
40500,4.411464104652405,1.4141205728054047,1.2526738399267197,0.21808371007442473,0.47112980484962463,0.37889701321721075,0.3752469436079264,0.75749755859375,0.265968017578125,0.7594482421875,0.2528112030029297,73.71274551391602,33.24823887494146,0.00019750000000000003
40550,4.685999603271484,1.5908963721990586,1.2733014434576035,0.22772522449493407,0.6085890531539917,0.3943648897111416,0.4653133729100227,0.72998779296875,0.25965179443359376,0.71311767578125,0.2851129150390625,81.87621322631836,37.37699586868286,0.00019725
40600,4.477649440765381,1.4048451694846154,1.3247181969881057,0.2185107573866844,0.5846461057662964,0.31632131308317185,0.44607863992452623,0.7795263671875,0.22664520263671875,0.7084033203125,0.28308837890625,77.3828303527832,33.67082292556763,0.00019700000000000002
40650,4.37735737323761,1.387859480381012,1.3340633153915404,0.20692932814359666,0.4645038843154907,0.3903198590874672,0.4847909799218178,0.72612060546875,0.26430923461914063,0.685888671875,0.320052490234375,78.41905422210694,34.1372566986084,0.00019675
40700,4.43986300945282,1.3587010407447815,1.3528201127052306,0.21604272812604905,0.4012922942638397,0.4461275577545166,0.43180546194314956,0.7127294921875,0.289375,0.72241943359375,0.286551513671875,82.6631047821045,36.313111572265626,0.0001965
40750,4.60802631855011,1.362918436229229,1.3755891388654709,0.2336898425221443,0.8627562522888184,0.33031793490052225,0.4585170418024063,0.769287109375,0.2367327880859375,0.6968310546875,0.291915283203125,92.80289649963379,33.04651037216186,0.00019625
40800,4.704364461898804,1.4112105935811996,1.522357977628708,0.22134949117898942,0.5640971660614014,0.36017675027251245,0.4103501422703266,0.7684912109375,0.2299798583984375,0.7246044921875,0.27505126953125,92.19966213226319,35.23200092315674,0.000196
40850,5.25524405002594,1.5837500834465026,1.8623356056213378,0.22614479064941406,0.6457523703575134,0.37302392337471246,0.3852742010354996,0.778720703125,0.23690841674804688,0.732607421875,0.26385498046875,147.7680071258545,33.87741125106812,0.00019575000000000001
40900,4.8510314559936525,1.4635890477895737,1.5654113233089446,0.2277538874745369,0.6165088415145874,0.3655320195481181,0.41511868573725225,0.76342041015625,0.21194473266601563,0.7304931640625,0.27894149780273436,98.28946090698243,38.76650300979614,0.0001955
40950,4.482127628326416,1.491516534090042,1.258296995908022,0.21653926253318787,0.6343184113502502,0.33734867453575135,0.4073596206307411,0.7808349609375,0.22070854187011718,0.7227197265625,0.2608319091796875,95.08995994567871,32.88767141342163,0.00019525
41000,4.807416086196899,1.3895767867565154,1.6048338919878007,0.22662567734718322,0.7321164608001709,0.33410467389039694,0.4247459933161736,0.7822021484375,0.21998550415039062,0.7217919921875,0.29209716796875,135.69739013671875,34.24573753356933,0.000195
41050,5.095676913261413,1.5871647027134896,1.6482880407571792,0.23252802282571794,0.6857159733772278,0.3243537761271,0.3494506751000881,0.78375,0.2195989990234375,0.764423828125,0.2404840087890625,103.46672569274902,31.197006435394286,0.00019475000000000002
41100,4.751221880912781,1.421693063378334,1.5515949174761772,0.22224173545837403,0.5060389041900635,0.37123574819415806,0.4111935517191887,0.765234375,0.23795501708984376,0.71561767578125,0.2710565185546875,89.5955185699463,34.768448982238766,0.0001945
41150,4.873835244178772,1.3964604514837264,1.714958120882511,0.2203020790219307,0.526587963104248,0.3939961824566126,0.39911928564310073,0.753896484375,0.23691574096679688,0.7358447265625,0.2701397705078125,83.20070106506347,34.99868211746216,0.00019425
41200,4.700065746307373,1.451501454114914,1.5244574427604676,0.21551335752010345,0.6360530853271484,0.312525263056159,0.3691980168223381,0.780146484375,0.23392822265625,0.7294921875,0.2552301025390625,104.90252372741699,29.058949069976805,0.000194
41250,4.72233898639679,1.3989455366134644,1.4814337414503098,0.230244964659214,0.6943190097808838,0.35447525557130577,0.45838474467396734,0.76964599609375,0.2278460693359375,0.70620849609375,0.299696044921875,89.58303466796875,37.905535011291505,0.00019375000000000002
41300,4.625195875167846,1.3600530523061751,1.5410282319784165,0.21551432132720946,0.5608887076377869,0.3646399623155594,0.4397075894474983,0.74719970703125,0.247054443359375,0.72844482421875,0.28909515380859374,84.78085472106933,33.76532716751099,0.00019350000000000001
41350,5.0226792097091675,1.5835901296138764,1.5945068824291229,0.23057277292013167,0.5588234066963196,0.3154303455352783,0.38143180072307586,0.780859375,0.212969970703125,0.7282470703125,0.2427423095703125,102.50739433288574,31.418117198944092,0.00019325
41400,4.6442177200317385,1.3967043629288673,1.4971334195137025,0.21879749417304992,0.5630438327789307,0.3995671617239714,0.41815623626112935,0.7502099609375,0.255482177734375,0.7496435546875,0.276839599609375,80.86018692016602,36.00257036209106,0.000193
41450,4.667092289924621,1.362785890698433,1.5055310422182082,0.22484692186117172,0.4655153155326843,0.32425817918032407,0.3867065532505512,0.7814501953125,0.20890655517578124,0.7300439453125,0.2621734619140625,113.20238777160644,30.739250621795655,0.00019275
41500,5.133381376266479,1.6915571475028992,1.5363345289230346,0.23818621248006822,0.4488403797149658,0.2882429227977991,0.3937771921604872,0.793037109375,0.20629058837890624,0.75101806640625,0.2566143798828125,103.61387924194337,27.978149394989014,0.00019250000000000002
41550,4.749962043762207,1.3605335187911987,1.5491728192567826,0.23003196448087693,0.5836793184280396,0.42780597232282164,0.38879226058721544,0.7420068359375,0.2591529846191406,0.7396435546875,0.2691534423828125,85.01136589050293,36.29147064208984,0.00019225
41600,4.732962489128113,1.5580070579051972,1.4177769173681736,0.21964731305837631,0.45980337262153625,0.388015124052763,0.39196120262145995,0.77120361328125,0.23945281982421876,0.7305419921875,0.260848388671875,97.90602485656738,37.57438585281372,0.000192
41650,4.76139449596405,1.6181672948598862,1.3696549201011659,0.22169653475284576,0.8547660112380981,0.485131818279624,0.5286352005600929,0.7108642578125,0.279320068359375,0.6954638671875,0.2993988037109375,78.29551700592042,41.29275489807129,0.00019175
41700,4.51681910276413,1.3847077259421348,1.4149800592660904,0.21464141458272934,0.6522749662399292,0.37038219630718233,0.48046283677220347,0.7511865234375,0.2518316650390625,0.69771728515625,0.3105963134765625,83.20689567565918,34.93732720375061,0.00019150000000000002
41750,4.92321391582489,1.5533195590972901,1.5134915864467622,0.23205034732818602,0.40970081090927124,0.38625144958496094,0.3564201920479536,0.74020263671875,0.2485150146484375,0.75416015625,0.2499041748046875,94.589370803833,34.126800804138185,0.00019125000000000001
41800,5.167822623252869,1.6283804988861084,1.6495926809310912,0.2362311777472496,0.4687303304672241,0.28110501885414124,0.3633941350132227,0.80591796875,0.2109271240234375,0.73661376953125,0.2391094970703125,142.87033660888673,28.44324724197388,0.000191
41850,5.006782755851746,1.5259205973148346,1.7318813621997833,0.2186225986480713,0.3456225097179413,0.38833454754203556,0.36715369157493116,0.7366259765625,0.23763763427734375,0.7508544921875,0.26727294921875,126.83050483703613,33.90757831573487,0.00019075
41900,4.929682426452636,1.4871605682373046,1.600386072397232,0.2302669796347618,0.5317299365997314,0.3291016935557127,0.3923604705184698,0.7814453125,0.23516738891601563,0.72512939453125,0.2530694580078125,95.5259268951416,32.87650983810425,0.00019050000000000002
41950,4.4443776988983155,1.3728277692198754,1.322756164073944,0.21859922230243684,0.670670747756958,0.3689955684542656,0.4310606949031353,0.7516796875,0.25152824401855467,0.725654296875,0.284873046875,78.92101364135742,32.83092557907104,0.00019025000000000002
42000,4.76855019569397,1.5960138243436814,1.3698051410913468,0.22534140169620515,0.4701489508152008,0.39972394071519374,0.37212215542793275,0.74404296875,0.25644607543945314,0.7499609375,0.2473681640625,76.56626510620117,34.2747163772583,0.00019
42050,4.353551096916199,1.1896242851018906,1.406584461927414,0.21966779500246048,0.756753146648407,0.3442115257680416,0.4957529824972153,0.7699609375,0.23377334594726562,0.6865771484375,0.31460205078125,65.96063678741456,38.101283626556395,0.00018975
42100,4.90605963230133,1.35309763610363,1.7791693747043609,0.22172407805919647,0.5663162469863892,0.4750068186968565,0.4154911617934704,0.739100341796875,0.26767730712890625,0.7206640625,0.28189666748046877,86.18376564025878,44.46042699813843,0.0001895
42150,4.679162616729736,1.4916666382551194,1.452156401872635,0.21691744834184645,0.41138261556625366,0.40076941296458246,0.4309705901145935,0.7246337890625,0.25176849365234377,0.7178173828125,0.27746612548828126,87.84051567077637,33.38717840194702,0.00018925000000000002
42200,4.79313515663147,1.6526390385627747,1.4040285119414329,0.21705844700336457,0.46335020661354065,0.3278359670192003,0.39743143036961553,0.7681298828125,0.2329345703125,0.72481201171875,0.25909423828125,101.57958808898925,31.745881900787353,0.00018899999999999999
42250,4.739347829818725,1.5024165679514407,1.4197244930267334,0.22715084373950958,0.6504767537117004,0.28732457898557184,0.41845049187541006,0.8011669921875,0.21177764892578124,0.7387890625,0.277698974609375,87.72505348205567,34.77908262252808,0.00018875
42300,4.542355055809021,1.440583381652832,1.348522700071335,0.2191561245918274,0.6614935398101807,0.37808053225278854,0.461092566549778,0.754168701171875,0.248076171875,0.7079638671875,0.277159423828125,68.91166019439697,39.24467557907104,0.0001885
42350,4.412413845062256,1.3570760333538054,1.3119143283367156,0.21792793601751329,0.5083193182945251,0.39711145699024203,0.44785156205296517,0.71673828125,0.255643310546875,0.70415771484375,0.3027728271484375,69.96234462738038,31.03774893760681,0.00018825000000000002
42400,4.818182163238525,1.4913311041891575,1.4938959005475043,0.22911939203739165,0.5232661962509155,0.3196671688556671,0.4383068123459816,0.787255859375,0.232132568359375,0.72318359375,0.288577880859375,92.27102394104004,32.553738861083986,0.000188
42450,4.985879812240601,1.6800876557826996,1.5446996545791627,0.22013656049966812,0.7371640205383301,0.3648199199140072,0.36946294248104095,0.7712548828125,0.237230224609375,0.73757080078125,0.257607421875,72.93273010253907,31.534047584533692,0.00018775
42500,4.491994614601135,1.525242853164673,1.2410020220279694,0.21571871906518936,0.5906801819801331,0.44033867456018927,0.3528561493754387,0.7020751953125,0.2777923583984375,0.75500732421875,0.249984130859375,80.16015571594238,31.65139552116394,0.0001875
42550,4.337955598831177,1.3190663504600524,1.3534433603286744,0.2081807354092598,0.5270925760269165,0.40980465814471245,0.43221908047795293,0.7450244140625,0.275626220703125,0.72061767578125,0.27990753173828126,80.06653381347657,35.36070502534204,0.00018725000000000002
42600,4.591144723892212,1.4220874597132207,1.3400186347961425,0.22862982481718064,0.6824865341186523,0.41142848655581477,0.5215522959828377,0.7290283203125,0.2618853759765625,0.68416748046875,0.31395263671875,76.18395275115967,39.622683925628664,0.00018700000000000002
42650,4.623891468048096,1.318556516766548,1.5599449592828751,0.21817375123500823,0.573236346244812,0.38723886556923387,0.3761584055423737,0.7381689453125,0.2546044921875,0.74087890625,0.2582952880859375,90.76519668579101,30.7542826461792,0.00018675
42700,4.562205867767334,1.3363803148269653,1.4428906458616257,0.22286686778068543,0.5114632844924927,0.3386034192889929,0.3856254754960537,0.763076171875,0.23279815673828125,0.7230712890625,0.2628399658203125,89.90439792633056,28.640270290374755,0.0001865
42750,4.4211702632904055,1.3023411521315575,1.350156842470169,0.22108403116464614,0.529897153377533,0.41640206061303614,0.4180870795249939,0.7304296875,0.275889892578125,0.7292236328125,0.2892376708984375,64.27047309875488,34.65503499984741,0.00018625
42800,4.741106162071228,1.5770015478134156,1.3600662726163864,0.2255047917366028,0.6594089269638062,0.37888585671782493,0.37352762147784235,0.7548046875,0.2553070068359375,0.7413916015625,0.2537548828125,97.69520225524903,30.862677669525148,0.000186
42850,4.940927772521973,1.5676799821853638,1.5542550480365753,0.22737408965826034,0.4752652645111084,0.3685513456910849,0.39784616738557815,0.74145751953125,0.23126495361328125,0.7312353515625,0.26655303955078125,114.16127502441407,35.23442077636719,0.00018575
42900,4.725249505043029,1.4974970495700837,1.4635317814350128,0.22052758157253266,0.5037808418273926,0.3951071839034557,0.38064059168100356,0.74569580078125,0.26497314453125,0.7373828125,0.2621148681640625,95.07080635070801,32.95705564498901,0.0001855
42950,4.670123715400695,1.5174865108728408,1.3634600476920604,0.22364713996648788,1.0519013404846191,0.45483649730682374,0.3124880836158991,0.7268994140625,0.28529251098632813,0.77908203125,0.2284649658203125,81.70835327148437,32.109039335250856,0.00018525
43000,4.688208589553833,1.6369712871313096,1.3036136919260024,0.2184529522061348,0.34538620710372925,0.42455296993255615,0.4096618078649044,0.7081005859375,0.2812176513671875,0.73271728515625,0.26282928466796873,74.3756623840332,35.64798360824585,0.00018500000000000002
43050,4.478936381340027,1.3530051320791245,1.300251511335373,0.22820996314287187,0.6824550628662109,0.3131409165263176,0.44959771648049357,0.7853466796875,0.23540557861328126,0.71566162109375,0.27853729248046877,59.85695899963379,32.497510776519775,0.00018475
43100,4.825246062278747,1.5537064814567565,1.5030574309825897,0.22106027364730835,0.613091230392456,0.3934937731921673,0.35935254752635953,0.73744384765625,0.247501220703125,0.751552734375,0.248966064453125,87.14898288726806,31.615434494018555,0.0001845
43150,4.906665987968445,1.6034295397996903,1.5314578640460967,0.22147232085466384,0.8482446670532227,0.36018236488103866,0.3824736887216568,0.7461767578125,0.23827606201171875,0.7430712890625,0.25640380859375,93.71950477600097,31.344252471923827,0.00018425
43200,4.727754058837891,1.501819350719452,1.4660238626599311,0.21998885303735732,0.4702610969543457,0.37042567811906335,0.42177023604512215,0.7572119140625,0.2551605224609375,0.72224365234375,0.27670074462890626,85.28717418670654,32.545620155334475,0.00018400000000000003
43250,4.852059111595154,1.4190625220537185,1.5949296760559082,0.22975836127996443,0.6412813067436218,0.37565481662750244,0.3917254014313221,0.7493505859375,0.2408514404296875,0.7279296875,0.2688916015625,80.79990653991699,34.15346597671509,0.00018375
43300,4.91854917049408,1.5952858209609986,1.4976070630550384,0.22820704460144042,0.741881251335144,0.3711615742743015,0.36886813879013064,0.7420263671875,0.2472393798828125,0.7490478515625,0.259937744140625,93.09557334899903,33.01054786682129,0.00018350000000000002
43350,4.501347970962525,1.3846256187558175,1.3546545577049256,0.220258472263813,0.8707926869392395,0.32163874365389344,0.3820377425849438,0.777890625,0.23449859619140626,0.7480322265625,0.24878662109375,73.87951778411865,32.02638544082642,0.00018325
43400,4.741693477630616,1.6543546724319458,1.3889358693361282,0.21230036705732347,0.6029101610183716,0.3810379568487406,0.34744196705520153,0.7494091796875,0.26042510986328127,0.758212890625,0.23535888671875,76.42235591888428,28.80151512145996,0.000183
43450,4.772808322906494,1.4219609981775283,1.5379701662063598,0.22660963952541352,0.7573597431182861,0.3593299510329962,0.4210642408579588,0.75408447265625,0.242421875,0.733916015625,0.274312744140625,69.35431518554688,28.84332935333252,0.00018275000000000002
43500,4.711276998519898,1.514968329668045,1.352059231698513,0.2305311816930771,0.8383989334106445,0.39103616945445535,0.42466926500201224,0.74253662109375,0.253089599609375,0.7255810546875,0.269344482421875,84.00061161041259,37.1954545211792,0.0001825
43550,4.870585765838623,1.5403293919563295,1.4729529279470444,0.2321629309654236,0.424731582403183,0.39629048138856887,0.40041316360235213,0.7331640625,0.259351806640625,0.72830078125,0.2655322265625,83.00168304443359,34.47917495727539,0.00018225
43600,4.4123204326629635,1.226186804175377,1.5096760034561156,0.2095572018623352,0.49641406536102295,0.3973839692026377,0.3750557109713554,0.740419921875,0.26303802490234374,0.737333984375,0.2766473388671875,61.759215927124025,32.35360893249512,0.000182
43650,4.710006175041198,1.4584427094459533,1.5386275297403336,0.21411699056625366,0.470417320728302,0.35542610198259356,0.3960156236588955,0.7683251953125,0.24162567138671875,0.72986328125,0.25785888671875,85.15085704803467,32.33821676254272,0.00018175
43700,4.926631770133972,1.5122162683308125,1.5748041200637817,0.22995142102241517,0.6127802729606628,0.33027813971042635,0.39041007816791534,0.771787109375,0.218853759765625,0.7409130859375,0.2585205078125,113.90536460876464,34.752590293884275,0.0001815
43750,4.44047209739685,1.2951213532686234,1.3617219549417496,0.22295359492301942,0.5383620262145996,0.35634618781507016,0.4619429787993431,0.7637451171875,0.24117904663085937,0.70563232421875,0.29706634521484376,95.31257881164551,35.98556053161621,0.00018125000000000001
43800,4.642057332992554,1.4218295392394067,1.4228740215301514,0.2246692144870758,0.47482389211654663,0.41714049816131593,0.40746995590627194,0.7210107421875,0.27566680908203123,0.7321435546875,0.26941253662109377,87.83238349914551,33.85261140823364,0.000181
43850,4.61501172542572,1.4984831556677818,1.4238586235046387,0.2115837413072586,0.6000934839248657,0.341629491597414,0.42131272807717324,0.7703955078125,0.24954833984375,0.7114697265625,0.27617340087890624,84.80579273223877,33.87595769882202,0.00018075000000000003
43900,4.989906191825867,1.4230802303552628,1.7767114531993866,0.2237643113732338,0.5835998058319092,0.36465922512114046,0.3802818416804075,0.76564453125,0.22580078125,0.740556640625,0.2668670654296875,96.00262367248536,34.66014005661011,0.0001805
43950,4.8523302745819095,1.4716750609874725,1.5371599596738816,0.23043690353631974,0.5523764491081238,0.2961956667900085,0.3975388456881046,0.789208984375,0.20922332763671875,0.7259912109375,0.270223388671875,104.03221794128417,29.767339954376222,0.00018025000000000002
44000,4.601108627319336,1.5030191135406494,1.3348388707637786,0.22040632992982864,1.0406746864318848,0.3418167568743229,0.4633391919732094,0.766640625,0.22944046020507813,0.70962890625,0.302308349609375,67.03725944519043,35.11774520874023,0.00018
44050,4.6430677318572995,1.5337812930345536,1.3008463346958161,0.22605501502752304,0.6181479692459106,0.3860506416857243,0.3816810305416584,0.74119140625,0.2545928955078125,0.73861083984375,0.2399554443359375,68.1987837600708,32.5269474029541,0.00017975
44100,4.810762591362,1.6282407689094542,1.4515179121494293,0.21637548327445985,0.41677194833755493,0.3350827031582594,0.3913635203242302,0.7595361328125,0.24073150634765625,0.749716796875,0.2610931396484375,87.60125049591065,33.500194501876834,0.0001795
44150,4.977184791564941,1.562727409005165,1.5775418198108673,0.22961444526910782,0.5684831142425537,0.3212371803820133,0.3832243209332228,0.7884423828125,0.21418380737304688,0.7474169921875,0.25488327026367186,87.7797444152832,33.46316877365112,0.00017925000000000002
44200,4.551908411979675,1.3909629023075103,1.3968290224671365,0.2205145588517189,0.5150223970413208,0.3946157845854759,0.37706807047128676,0.74337890625,0.25536407470703126,0.73618408203125,0.256126708984375,90.96941883087158,34.3982820892334,0.00017900000000000001
44250,4.6610083627700805,1.486866592168808,1.402240896821022,0.22148760944604873,0.6550189256668091,0.452291719019413,0.39399678401648996,0.7421533203125,0.25882781982421876,0.7273681640625,0.2741497802734375,90.77269067569655,37.80195068359375,0.00017875
44300,4.5763616943359375,1.453521161675453,1.431900565624237,0.21136749267578125,0.6013734340667725,0.4046017250418663,0.4436081123352051,0.7393701171875,0.2657354736328125,0.71617919921875,0.2816278076171875,77.04122261047364,37.74351345062256,0.0001785
44350,4.530265731811523,1.506978429555893,1.3094173854589461,0.21423373967409134,0.5394732356071472,0.45089929848909377,0.32681968972086906,0.70703125,0.2902984619140625,0.76990234375,0.23912139892578124,72.2975524520874,32.24336082458496,0.00017825
44400,4.756152572631836,1.4899682426452636,1.4555487114191055,0.22632945120334624,0.9296450614929199,0.3314733711630106,0.3377354047447443,0.7653076171875,0.2335626220703125,0.7543798828125,0.2353912353515625,68.18312412261963,30.425596437454224,0.00017800000000000002
44450,5.324005517959595,1.7781788450479508,1.6168826499581337,0.24111800402402878,0.637792706489563,0.42055175706744197,0.38228103339672087,0.734061279296875,0.25833175659179686,0.7507275390625,0.257838134765625,116.14354278564453,37.326578006744384,0.00017775
44500,4.768767147064209,1.4463559871912002,1.5813597655296325,0.21763142168521882,0.8069095611572266,0.31687813356518746,0.40201825186610224,0.7738720703125,0.22233161926269532,0.7259912109375,0.26558380126953124,97.51705207824708,34.2460032081604,0.0001775
44550,4.510571098327636,1.5177010262012482,1.2741000011563302,0.21484625548124314,0.555746853351593,0.42080421790480615,0.4105237351357937,0.732802734375,0.2770167541503906,0.72701416015625,0.2793438720703125,63.91600154876709,34.81473690032959,0.00017725
44600,4.524777045249939,1.4054388535022735,1.4216210865974426,0.21221463084220887,0.6219357252120972,0.367762905806303,0.3605277082324028,0.7369189453125,0.2579560852050781,0.7424072265625,0.2539630126953125,100.03387336730957,32.53169399261475,0.00017700000000000002
44650,4.868327298164368,1.7112963020801544,1.3819089918583631,0.2218902513384819,0.6126673221588135,0.3613887123018503,0.3212060070410371,0.7646533203125,0.24330078125,0.767216796875,0.22475860595703126,82.44703750610351,30.065049142837523,0.00017675000000000001
44700,4.711738381385803,1.5707391905784607,1.4274515581130982,0.214193454682827,0.5337678790092468,0.3776909174025059,0.3738328093290329,0.73865234375,0.261622314453125,0.73559814453125,0.2518585205078125,73.12196918487548,30.137009983062743,0.0001765
44750,4.709429655075073,1.5364564830064773,1.4104686516523361,0.22031306594610214,0.760001540184021,0.35992140039801596,0.4328194351494312,0.75029296875,0.2386346435546875,0.71297119140625,0.27991668701171873,79.58728462219239,35.57314840316772,0.00017625
44800,4.425267062187195,1.3833426862955094,1.370985108613968,0.20886741191148758,0.5742378830909729,0.384838055446744,0.4102881820499897,0.745673828125,0.2534309387207031,0.72991455078125,0.2784100341796875,65.54355186462402,35.311248531341555,0.00017600000000000002
44850,4.942251992225647,1.559522531926632,1.6095150274038315,0.22165180295705794,0.5873705148696899,0.2714414630830288,0.42608222380280497,0.8140478515625,0.1908111572265625,0.7315966796875,0.2732888793945312,75.86910987854004,34.2098163986206,0.00017575000000000002
44900,5.135900368690491,1.63801527261734,1.6158629435300826,0.2352527731657028,0.5408429503440857,0.3688562474399805,0.37382922895252707,0.7595361328125,0.2372271728515625,0.7504541015625,0.246236572265625,99.6980558013916,35.65316884994507,0.0001755
44950,5.253534574508667,1.612558382153511,1.8207171750068665,0.22753237813711166,0.6487274169921875,0.33022285014390945,0.3705449977517128,0.774716796875,0.22243316650390624,0.745767822265625,0.24575897216796874,122.9306160736084,34.22669090270996,0.00017525
45000,4.959121437072754,1.4195899552106857,1.7475133192539216,0.2240022724866867,0.6628966331481934,0.35049362674355505,0.43940738908946514,0.7618408203125,0.2293242645263672,0.724306640625,0.284432373046875,100.82942420959472,35.97767498016358,0.000175
45050,4.984684019088745,1.5778770738840102,1.5882542645931244,0.22731908202171325,0.5463532209396362,0.3320924226939678,0.38483619548380377,0.761337890625,0.2281829833984375,0.7380615234375,0.26286865234375,119.71216506958008,31.371887397766113,0.00017475000000000002
45100,4.766371340751648,1.4334977728128433,1.5540414464473724,0.2223540160059929,0.6430011987686157,0.33585074830800293,0.35868108764290807,0.7726318359375,0.22651824951171876,0.758798828125,0.25111053466796873,99.25587280273437,32.73569765090942,0.0001745
45150,4.888828430175781,1.4024495443701743,1.7195651882886887,0.22085170924663544,0.49812132120132446,0.3718312422931194,0.4403735910356045,0.75988525390625,0.23789031982421874,0.7108642578125,0.2798333740234375,95.99816837310792,36.41514568328857,0.00017425
45200,5.03750020980835,1.5815120640397071,1.6797844350337983,0.22202546119689942,0.6724257469177246,0.2586396227031946,0.3924869683384895,0.8359130859375,0.1926123046875,0.7257568359375,0.2572039794921875,75.11631694793701,27.19771883010864,0.000174
45250,4.93593120098114,1.4229849863052368,1.706666238307953,0.22578499108552932,0.6498959064483643,0.3263461159169674,0.3785420969128609,0.77133544921875,0.21644302368164062,0.738037109375,0.258275146484375,98.50992164611816,32.27474491119385,0.00017375000000000002
45300,4.351761074066162,1.4096068561077117,1.2885881686210632,0.2066957524418831,0.4308704733848572,0.3714257051050663,0.41434437289834025,0.74986328125,0.2596676635742188,0.7130517578125,0.27198486328125,73.22150482177734,33.06349130630493,0.0001735
45350,4.772553882598877,1.5669663500785829,1.4365953493118286,0.22112402439117432,0.35332638025283813,0.3237572482228279,0.4530015577375889,0.7931396484375,0.20997802734375,0.7187060546875,0.298743896484375,77.06986335754395,33.730686073303225,0.00017325
45400,4.844461746215821,1.508194967508316,1.594699240922928,0.21769594103097917,0.41059157252311707,0.3575562108308077,0.3948515821993351,0.7542138671875,0.23338623046875,0.7468505859375,0.2719390869140625,84.63347312927246,34.724960498809814,0.000173
45450,4.788893451690674,1.4601990938186646,1.5333956855535507,0.22441233634948732,0.41151243448257446,0.3227022735401988,0.3564266800228506,0.7890283203125,0.23352569580078125,0.7489208984375,0.2477935028076172,77.91682941436767,31.023242931365967,0.00017275000000000002
45500,4.967500386238098,1.6542424380779266,1.4746438443660737,0.22982675850391387,0.40044769644737244,0.35775515139102937,0.3367219937592745,0.7511279296875,0.23639404296875,0.7644873046875,0.22741119384765626,101.8096787261963,32.42919450759888,0.00017250000000000002
45550,4.963136882781982,1.6472730031609535,1.5088143396377562,0.22588119506835938,0.5837832689285278,0.35478337705135343,0.3989731052517891,0.7623828125,0.2340533447265625,0.7307958984375,0.26250518798828126,90.77964939117432,35.51779965400696,0.00017225
45600,4.972999205589295,1.4755854046344756,1.6591057562828064,0.22978850364685058,0.7323871850967407,0.34216043367981913,0.38145016595721243,0.76658203125,0.241693115234375,0.7501513671875,0.2364361572265625,76.38502346038818,33.65370506286621,0.000172
45650,4.823834309577942,1.5476442623138427,1.5453614044189452,0.21635358065366744,0.485141396522522,0.3211765872687101,0.37795656353235246,0.7762353515625,0.228834228515625,0.75460205078125,0.2608258056640625,62.73144844055176,30.248928318023683,0.00017175
45700,4.971530089378357,1.6892008304595947,1.4489600384235382,0.22917115122079848,0.6949867010116577,0.34979834482073785,0.36454540565609933,0.7679931640625,0.2334466552734375,0.750498046875,0.24236572265625,93.51537784576416,30.279541263580324,0.00017150000000000002
45750,5.008468866348267,1.608597902059555,1.6431237006187438,0.2195934048295021,0.6083221435546875,0.33828976437449454,0.3555277398228645,0.7625830078125,0.23248291015625,0.7612890625,0.2520556640625,87.85022155761719,30.964056549072264,0.00017125
45800,4.646335730552673,1.5549831700325012,1.3541923254728316,0.21714503109455108,0.5667787790298462,0.38024234771728516,0.4106608732044697,0.74998046875,0.24933639526367188,0.720498046875,0.2668499755859375,75.115768699646,35.07063115119934,0.000171
45850,4.744925498962402,1.5997369515895843,1.4299659925699233,0.21440282315015793,0.5508745908737183,0.3600222860276699,0.3952147275954485,0.74797607421875,0.2440863037109375,0.745244140625,0.25755126953125,79.49327629089356,30.549238758087156,0.00017075
45900,4.706142768859864,1.5449238646030425,1.4140489780902863,0.21839624017477036,0.5921136736869812,0.41825888156890867,0.3655164859443903,0.728564453125,0.2828564453125,0.7550439453125,0.2415472412109375,72.17251441955567,32.78248292922974,0.00017050000000000002
45950,4.562035436630249,1.3345237857103347,1.4525721442699433,0.2218674436211586,0.49473580718040466,0.3564333090558648,0.4779853314161301,0.7551171875,0.241478271484375,0.68769287109375,0.31791259765625,80.3261803817749,34.32261116027832,0.00017025000000000002
46000,4.551393785476685,1.3703845542669297,1.3937430161237716,0.22340828001499177,0.4938729405403137,0.4291985818743706,0.4535860335826874,0.72252197265625,0.26884552001953127,0.709482421875,0.2904461669921875,77.48030242919921,37.076478500366214,0.00017
46050,4.658731174468994,1.6090612125396728,1.3339200896024703,0.21446873128414154,0.6090182662010193,0.31877987913787365,0.442176887691021,0.79081787109375,0.2271875,0.70640380859375,0.27547119140625,58.56711517333984,33.285096702575686,0.00016975
46100,4.998422789573669,1.4660893678665161,1.6952582347393035,0.2296343970298767,0.5481099486351013,0.34802934862673285,0.41343160808086393,0.76565673828125,0.22544342041015625,0.73209228515625,0.273026123046875,64.84576263427735,30.63798765182495,0.00016950000000000003
46150,5.125415415763855,1.461711653470993,1.7663042950630188,0.23717493534088135,0.46612244844436646,0.3322823982685804,0.35269179195165634,0.7800341796875,0.21582366943359374,0.7566845703125,0.2578009033203125,81.81797370910644,30.85452741622925,0.00016925
46200,4.9892245960235595,1.5306695502996446,1.6184508848190307,0.23001301437616348,0.5113182067871094,0.3385969866812229,0.4456643381714821,0.761845703125,0.24343963623046874,0.72325439453125,0.2845928955078125,98.61612030029296,35.64484485314817,0.00016900000000000002
46250,5.323356776237488,1.6235392010211944,1.8635530859231948,0.2295330673456192,0.40667444467544556,0.3028044310212135,0.3826592755317688,0.78984375,0.20556228637695312,0.744111328125,0.25590087890625,126.87210083007812,31.303754987716676,0.00016875
46300,4.6653702306747435,1.4692777355015278,1.5018900525569916,0.21177530348300933,0.5541344881057739,0.3639062786847353,0.43969697594642637,0.7682763671875,0.2265191650390625,0.722138671875,0.267039794921875,74.06622703552246,39.52007827758789,0.0001685
46350,5.073500719070434,1.5528654277324676,1.79562375664711,0.21562643766403197,0.7779161930084229,0.3378302740305662,0.37357963114976883,0.775712890625,0.22935150146484376,0.73710693359375,0.2628485107421875,75.14694606781006,29.79073534011841,0.00016825000000000002
46400,4.717810206413269,1.5516586768627167,1.3840111784636975,0.22276754468679427,0.5232353210449219,0.3219949512928724,0.38451988369226453,0.784677734375,0.2179339599609375,0.74787109375,0.265980224609375,69.5000675201416,34.03953325271606,0.000168
46450,4.920447282791137,1.5272983610630035,1.5719748097658157,0.2276467600464821,0.833470344543457,0.35834437046200035,0.37778116047382354,0.755087890625,0.23020782470703124,0.7370458984375,0.2566448974609375,86.85128646850586,34.80104429244995,0.00016775
46500,4.688752608299255,1.5093924802541734,1.4741978013515473,0.21314528942108155,0.6010216474533081,0.2959309256821871,0.3940619269013405,0.7903662109375,0.21674591064453125,0.7321923828125,0.26789154052734376,65.43512104034424,32.12691354751587,0.0001675
46550,4.824900302886963,1.4631968253850938,1.630944020152092,0.2163449275493622,0.6429831981658936,0.3104960322380066,0.37509257324039935,0.780546875,0.2064190673828125,0.7359375,0.258880615234375,96.18406825162927,30.831225833892823,0.00016725
46600,4.8888021755218505,1.4550508105754851,1.6304545783996582,0.22541209787130356,0.5929084420204163,0.34126269444823265,0.3437559461593628,0.7717236328125,0.22171173095703126,0.7610693359375,0.2391162109375,88.86776527404785,38.56824193954468,0.000167
46650,4.822614026069641,1.6567089360952378,1.4581852066516876,0.21346498936414718,0.5495468974113464,0.3291444705426693,0.3735409298539162,0.7730029296875,0.22330841064453125,0.7387255859375,0.25978515625,70.53096935272217,33.09937072753906,0.00016675000000000001
46700,4.86920654296875,1.5791620028018951,1.593814610093832,0.21202874034643174,0.8044220805168152,0.2894300816208124,0.3351831442117691,0.8112841796875,0.2099481201171875,0.7489990234375,0.237994384765625,75.84263999938965,28.3587912940979,0.0001665
46750,4.78852566242218,1.4714711314439775,1.581325770020485,0.21696609735488892,0.4543333351612091,0.3907779447361827,0.4127944256365299,0.7414697265625,0.248082275390625,0.7258984375,0.277845458984375,91.54573158264161,35.193405075073244,0.00016625000000000003
46800,4.8035101890563965,1.535680241584778,1.5231734822690486,0.2180820596218109,0.6173802614212036,0.40004137217998503,0.39789044484496117,0.7497802734375,0.2449200439453125,0.7353125,0.269478759765625,72.52407062530517,36.63405824661255,0.000166
46850,4.714184527397156,1.6034492659568786,1.381657067835331,0.21613477617502214,0.7270575761795044,0.3499799796193838,0.38987368464469907,0.771767578125,0.2418939208984375,0.729306640625,0.25763641357421874,85.74622512817383,31.125260334014893,0.00016575000000000002
46900,4.488904309272766,1.1590811574459077,1.5780363135039805,0.2189733490347862,0.5083215832710266,0.44401511251926423,0.4178967019915581,0.7273681640625,0.2593048095703125,0.7261328125,0.2766888427734375,67.77779769897461,40.84269937515259,0.0001655
46950,4.781378192901611,1.437573446035385,1.5698425343632698,0.22174528002738952,0.6707406044006348,0.38520197466015815,0.4049386812746525,0.7470166015625,0.2556986999511719,0.7448193359375,0.2747607421875,67.08899936676025,35.057218132019045,0.00016525
47000,4.967327747344971,1.5311417865753174,1.6155470669269563,0.22757985740900039,0.42815160751342773,0.28953429475426673,0.35894904777407644,0.7925634765625,0.2045977783203125,0.75260498046875,0.242117919921875,97.04473747253418,28.5063157081604,0.000165
47050,4.871250619888306,1.577674108147621,1.4442090513557195,0.2311709266901016,0.5733922719955444,0.33511063404381275,0.38242134362459185,0.7828857421875,0.22055023193359374,0.73768798828125,0.2561083984375,88.50202415466309,36.923678398132324,0.00016475
47100,4.780898666381836,1.575935924053192,1.3611222863197328,0.23048006236553192,0.41367584466934204,0.3545377926528454,0.38537456274032594,0.7636376953125,0.23452041625976563,0.74078125,0.259312744140625,74.9352946472168,33.46262519836426,0.00016450000000000001
47150,4.714436364173889,1.543933862745762,1.3493729776144028,0.22764119148254394,0.5114377737045288,0.3226784108579159,0.3826812552660704,0.7826708984375,0.24260086059570313,0.739404296875,0.24310791015625,62.43897659301758,30.391492004394532,0.00016425
47200,5.076124181747437,1.5112354362010956,1.684770877957344,0.23501473814249038,0.694173276424408,0.31525597870349886,0.34099436685442924,0.794697265625,0.2041217041015625,0.78069091796875,0.2366998291015625,92.84396766662597,32.888599166870115,0.00016400000000000003
47250,4.64476824760437,1.4030642819404602,1.4794389230012894,0.22028313130140303,0.5225078463554382,0.3757748819887638,0.43641936272382736,0.749541015625,0.23364288330078126,0.70736328125,0.2779241943359375,61.69359378814697,36.57850563049316,0.00016375
47300,4.714930458068848,1.5387460762262344,1.3945739352703095,0.22270130813121797,0.6447134613990784,0.3462555879354477,0.3961611142754555,0.7640966796875,0.2450286865234375,0.74390625,0.270189208984375,69.1231700515747,33.5904732131958,0.00016350000000000002
47350,4.927749457359314,1.6750817799568176,1.4724457108974456,0.22252775281667708,0.5561703443527222,0.33603326812386514,0.41752001881599426,0.778525390625,0.23809844970703126,0.7055859375,0.277423095703125,75.77615268707275,33.97160764694214,0.00016325
47400,5.265039405822754,1.600026240348816,1.817422660589218,0.23094881266355516,0.5863564610481262,0.29880048260092734,0.3743847620487213,0.7797119140625,0.1973980712890625,0.75211669921875,0.249686279296875,139.5497061281788,31.826835193634032,0.000163
47450,4.816278710365295,1.5445644134283065,1.513532314300537,0.21977274388074874,0.5326390862464905,0.32006818152964117,0.35127085223793986,0.7875732421875,0.22159431457519532,0.75142333984375,0.247135009765625,74.07291664123535,30.015841007232666,0.00016275
47500,5.0257957601547245,1.6036468827724457,1.6348220187425613,0.22341585874557496,0.7663048505783081,0.37422179490327834,0.34999244585633277,0.7518359375,0.24128936767578124,0.7486767578125,0.2533746337890625,73.32185745239258,36.20896310806275,0.00016250000000000002
47550,4.975386958122254,1.610713243484497,1.5818160611391068,0.22285720735788345,0.5007173418998718,0.35524079725146296,0.4170308783650398,0.7568798828125,0.245040283203125,0.7320166015625,0.27020782470703125,78.34604499816895,34.072727546691894,0.00016225000000000001
47600,4.62596559047699,1.4892744648456573,1.361491961479187,0.22189989268779756,0.6273249387741089,0.31834199756383896,0.3633903607726097,0.774189453125,0.2110009765625,0.7538037109375,0.2557391357421875,75.3784663772583,27.052686891555787,0.000162
47650,4.97795341014862,1.6284115844964981,1.566822155714035,0.22283996105194093,0.6819683313369751,0.36188104897737505,0.4121696037054062,0.7585498046875,0.25790069580078123,0.7249072265625,0.26557861328125,70.14262931823731,33.77284753799439,0.00016175
47700,4.769147391319275,1.495531131029129,1.4265514975786209,0.23088310152292252,0.4298939108848572,0.3312276914715767,0.3707310576736927,0.777109375,0.2263616943359375,0.7465478515625,0.2591943359375,66.96132286071777,30.025751514434816,0.0001615
47750,4.807645597457886,1.563646610379219,1.4063516694307328,0.22970591306686403,0.5927550792694092,0.326329657882452,0.389534405618906,0.773955078125,0.21767333984375,0.7322021484375,0.2549462890625,90.06405677795411,34.39112243652344,0.00016125000000000002
47800,5.220623478889466,1.678799819946289,1.6827237224578857,0.23238749533891678,0.7669186592102051,0.3275119645148516,0.33855791702866556,0.7917578125,0.22490875244140626,0.7730224609375,0.2449365234375,94.0228874206543,35.66419469833374,0.00016099999999999998
47850,4.879168419837952,1.6175495129823685,1.4834567844867705,0.2222702658176422,0.4593665897846222,0.31129809089004995,0.394042911529541,0.7848095703125,0.20769439697265624,0.73604248046875,0.2549374389648438,92.22252342224121,36.2576353263855,0.00016075
47900,5.095696911811829,1.6165358412265778,1.6006841677427293,0.23480961561203004,0.45844319462776184,0.33122245766222475,0.39761281773447993,0.78063232421875,0.22544586181640625,0.74009033203125,0.255738525390625,81.71477207183838,33.929768886566166,0.0001605
47950,5.074501190185547,1.546427018046379,1.7808114987611772,0.2184078374505043,0.5564504861831665,0.34672063432633876,0.4030645641684532,0.7603076171875,0.22344818115234374,0.72723388671875,0.257647705078125,105.05335502624511,32.48991371154785,0.00016025000000000002
48000,4.682740521430969,1.394998716711998,1.4962926191091537,0.22393114745616913,0.6611176133155823,0.3225378692150116,0.4041170381009579,0.791220703125,0.231077880859375,0.73333984375,0.27085601806640625,71.19836841583252,34.64301694869995,0.00016
48050,4.716920871734619,1.5784955286979676,1.3475395065546036,0.2238607355952263,0.487968772649765,0.3577588500082493,0.4053935956954956,0.7600244140625,0.23221282958984374,0.731357421875,0.2789910888671875,79.48950199127198,34.66408870697021,0.00015975
48100,4.756304063796997,1.371435574889183,1.6354357147216796,0.21867909401655197,0.5775946378707886,0.2920222643017769,0.4930325022339821,0.77623046875,0.2016961669921875,0.6953271484375,0.3026324462890625,96.22886127471924,36.129759349823,0.0001595
48150,4.835083475112915,1.5397742664813996,1.423387045264244,0.23399026751518248,0.5813300013542175,0.29950660075992347,0.38740576192736625,0.79580078125,0.22146514892578126,0.7484814453125,0.261109619140625,62.99495849609375,29.505484352111818,0.00015925000000000002
48200,4.829722924232483,1.5267092669010163,1.5328311181068421,0.22127282202243806,0.6262896656990051,0.3371005280315876,0.4170184475183487,0.762060546875,0.22500732421875,0.71849609375,0.2724432373046875,55.41208507537842,33.17168695449829,0.00015900000000000002
48250,4.764491453170776,1.444741598367691,1.4970297753810882,0.22784001141786575,0.6439527869224548,0.39813667967915534,0.3949254204332828,0.7494140625,0.2650949096679687,0.735244140625,0.2633563232421875,57.84895690917969,32.73832231521607,0.00015875
48300,4.972996373176574,1.6163676631450654,1.608440197110176,0.2185235670208931,0.5523573160171509,0.36100494548678397,0.4337896218895912,0.7574267578125,0.24884735107421874,0.72336181640625,0.268682861328125,81.7641877746582,31.66660820007324,0.0001585
48350,4.782508730888367,1.4276284754276276,1.5753973370790482,0.22243536472320558,0.8588976860046387,0.3288082729279995,0.3709758272767067,0.780146484375,0.22526824951171875,0.7541845703125,0.265380859375,93.66044357299805,33.24810083389282,0.00015825
48400,5.231605496406555,1.5424739992618561,1.8018419110774995,0.23591120004653932,0.33889180421829224,0.29260946847498415,0.37911197952926157,0.785244140625,0.1888238525390625,0.743203125,0.2502899169921875,120.21344223022462,32.09170553207397,0.00015800000000000002
48450,4.568381266593933,1.5291085875034331,1.308000997006893,0.21640896052122116,0.7027038931846619,0.299275905713439,0.37382346838712693,0.7953271484375,0.2244305419921875,0.73109619140625,0.2615765380859375,55.752510147094725,30.060914669036865,0.00015775
48500,5.002074646949768,1.765778957605362,1.4859545463323593,0.218792644739151,0.6373969316482544,0.33952305376529696,0.35096503764390946,0.7551806640625,0.22534164428710937,0.7506494140625,0.2380547332763672,67.40331523895264,28.831036491394045,0.0001575
48550,5.123617057800293,1.5893024158477784,1.737286252081394,0.2246285492181778,0.9066889882087708,0.3216425208747387,0.4052871727198362,0.7758544921875,0.19927169799804687,0.73980224609375,0.2764306640625,90.79464420318604,33.32076232910156,0.00015725
48600,5.047799344062805,1.7317594331502915,1.4717132663726806,0.23054083347320556,0.48562681674957275,0.3217734585702419,0.3318164160102606,0.7843212890625,0.22836822509765625,0.771552734375,0.2342333984375,86.80851127624511,30.219268856048583,0.00015700000000000002
48650,5.2679087352752685,1.7549569034576415,1.6750083255767823,0.2297429373860359,0.44467103481292725,0.35553948525339363,0.3804748383164406,0.7797119140625,0.22704071044921875,0.7447119140625,0.2611962890625,77.15540431976318,34.470604228973386,0.00015675
48700,4.843274364471435,1.4891726982593536,1.583796778321266,0.22128810554742814,0.6446744799613953,0.4112632042169571,0.4570275303721428,0.7521728515625,0.2571473693847656,0.70240478515625,0.2694940185546875,77.23269721984863,44.19303985595703,0.0001565
48750,5.167149186134338,1.5606684976816176,1.6776384830474853,0.2411052715778351,0.5672431588172913,0.3432152809202671,0.3238032855093479,0.76902587890625,0.235230712890625,0.7884228515625,0.242208251953125,83.38021446228028,30.320454654693602,0.00015625
48800,4.792761092185974,1.3683115249872209,1.7162423837184906,0.21352589696645738,0.5203746557235718,0.3371582146733999,0.40751309812068937,0.757333984375,0.22456573486328124,0.7258056640625,0.27240966796875,70.59400375366211,32.71109521865845,0.00015600000000000002
48850,4.998815879821778,1.5714516377449035,1.639642626643181,0.2234652042388916,0.6086581945419312,0.3279632415249944,0.41301766738295553,0.790498046875,0.22751434326171874,0.71566162109375,0.27093994140625,72.07390808105468,34.497748947143556,0.00015575000000000002
48900,4.753140721321106,1.4735033053159714,1.450579667687416,0.22863221794366836,0.733342170715332,0.35005480172112585,0.4328150036931038,0.77080078125,0.22784591674804688,0.71755859375,0.270599365234375,95.48050491333008,39.28490812301636,0.0001555
48950,5.004619922637939,1.4851562750339509,1.663672499358654,0.2319738957285881,0.6556932330131531,0.27994631372392176,0.4282585202157497,0.799453125,0.191160888671875,0.7337109375,0.287265625,72.51055786132812,31.474954319000243,0.00015525
49000,5.1751398229599,1.4741483676433562,1.8518310463428498,0.2311450445652008,0.697700560092926,0.29625927556306125,0.3888867737352848,0.7937744140625,0.20030029296875,0.73254638671875,0.26184814453125,80.80851875305176,30.881532154083253,0.000155
49050,4.850483536720276,1.4724340987205506,1.6057471507787704,0.2215377879142761,0.6690404415130615,0.3059920563921332,0.38121848106384276,0.790361328125,0.20825218200683593,0.7322265625,0.2648565673828125,75.03628341674805,30.623479022979737,0.00015475
49100,4.795518307685852,1.552438780069351,1.463939332962036,0.22239252030849457,0.5305814146995544,0.30772415213286874,0.426566032320261,0.804990234375,0.224503173828125,0.7143359375,0.277740478515625,69.56683364868164,32.15974910736084,0.0001545
49150,4.695704107284546,1.4413410526514054,1.5201097071170806,0.2167816635966301,0.49624496698379517,0.32582443207502365,0.4199564251303673,0.772724609375,0.21264236450195312,0.7229296875,0.2819049072265625,73.78293907165528,36.47285606384278,0.00015425
49200,4.813500156402588,1.439778310060501,1.5489836376905441,0.22809227138757707,0.4979037046432495,0.35190069168806076,0.41307212427258494,0.764404296875,0.2391455078125,0.7181103515625,0.27505706787109374,74.14083969116211,33.854706325531005,0.000154
49250,4.8877125120162965,1.6018444252014161,1.5137138646841048,0.22151928186416625,0.5273555517196655,0.3242134590819478,0.36773387938737867,0.7815283203125,0.22449493408203125,0.74637451171875,0.2521759033203125,73.85557537078857,34.501178455352786,0.00015375000000000002
49300,4.900557880401611,1.5509793031215668,1.5542030465602874,0.22442194253206252,0.6091915965080261,0.36449788257479665,0.3565989322960377,0.7528466796875,0.23934783935546874,0.7453466796875,0.2422381591796875,77.02203319549561,32.75058681488037,0.0001535
49350,4.850931215286255,1.5178616493940353,1.50936495244503,0.22796307653188705,0.5905554294586182,0.3412801665067673,0.33805346474051473,0.7707275390625,0.24037109375,0.7719384765625,0.242259521484375,56.643611450195316,27.90904188156128,0.00015325
49400,5.3216070508956905,1.6474761116504668,1.689430011510849,0.248087617456913,0.49999791383743286,0.27964925311505795,0.3777621828764677,0.8000634765625,0.1941607666015625,0.7446142578125,0.250970458984375,77.35190658569336,31.522085161209105,0.000153
49450,5.0224054479599,1.5423296773433686,1.6045209795236588,0.23444435119628906,0.7851778268814087,0.3062046562880278,0.37623642683029174,0.788896484375,0.202996826171875,0.7357861328125,0.2664031982421875,83.57731430053711,29.95869010925293,0.00015275000000000003
49500,5.243930759429932,1.6270162320137025,1.69079414665699,0.24076504468917848,0.7009074687957764,0.26927261928096413,0.40348811268806456,0.80302734375,0.18387245178222655,0.738115234375,0.258487548828125,93.27783683776856,30.273406925201417,0.0001525
49550,5.273833255767823,1.602622053027153,1.8146193623542786,0.23207397937774657,0.515457272529602,0.30541428953409194,0.3763180896639824,0.8013671875,0.21629348754882813,0.7453173828125,0.24992935180664064,69.53237808227539,35.02147861480713,0.00015225000000000001
49600,5.197853479385376,1.6573865926265716,1.7085471114516257,0.22898997753858566,0.48872867226600647,0.39190681628882884,0.37729485243558886,0.7755078125,0.22501762390136718,0.744306640625,0.251051025390625,77.65284881591796,37.79737102508545,0.000152
49650,4.8991962957382205,1.5279926013946534,1.581601619720459,0.22370026320219039,0.7862218618392944,0.2999740467965603,0.3269110468029976,0.7799560546875,0.19010833740234376,0.771650390625,0.238526611328125,83.1915293121338,29.91329076766968,0.00015175
49700,4.813560914993286,1.4117534297704697,1.561696285009384,0.23001390039920808,0.5018393993377686,0.30346220135688784,0.39042621657252313,0.7879638671875,0.21399261474609374,0.7339404296875,0.2630902099609375,95.8139953994751,33.25411834716797,0.00015150000000000002
49750,4.679842820167542,1.5045154991745948,1.394695799946785,0.22257893919944763,0.6681981682777405,0.3152439322322607,0.3961926455795765,0.7971826171875,0.23442306518554687,0.7221728515625,0.2719537353515625,61.00218235015869,29.411121006011964,0.00015125
49800,5.145921292304993,1.5760512608289718,1.723664019405842,0.23077575445175172,0.6388938426971436,0.3682203538715839,0.3581846344470978,0.753056640625,0.2273492431640625,0.7611181640625,0.2521630859375,83.1338451385498,36.30378793716431,0.000151
49850,4.935824708938599,1.485473673939705,1.6344054013490676,0.22699320644140245,0.5582203269004822,0.31694868437945845,0.37404939994215963,0.79705078125,0.22444671630859375,0.7370556640625,0.2529296875,84.40565937042237,36.01357515335083,0.00015075
49900,4.66839026927948,1.4385951954126357,1.4592991852760315,0.2213119861483574,0.6483572721481323,0.35072302669286726,0.455272058993578,0.77203125,0.2228125,0.6952294921875,0.283770751953125,55.16531322479248,38.188762168884274,0.0001505
49950,4.812065439224243,1.4517337834835053,1.576411280632019,0.222990046441555,0.9331976175308228,0.31584476128220557,0.45637199193239214,0.7670849609375,0.2110369873046875,0.71599609375,0.3022357177734375,91.48579849243164,33.60151964187622,0.00015025
50000,4.789965052604675,1.4239147228002549,1.5741928333044053,0.22398218691349028,0.6681313514709473,0.3833762659877539,0.35561122730374334,0.7679248046875,0.243875732421875,0.7499365234375,0.246993408203125,82.3672183227539,35.75250165939331,0.00015000000000000001
50050,4.774015622138977,1.6657546609640121,1.3928438520431519,0.21442713916301728,0.5667852759361267,0.36398076683282854,0.37903779700398443,0.7564501953125,0.25158416748046875,0.7391455078125,0.2538079833984375,71.1038346862793,33.744192905426026,0.00014975
50100,4.617752690315246,1.3729425394535064,1.5457786405086518,0.21237893760204316,0.44774168729782104,0.3420701215416193,0.3620682057738304,0.7694482421875,0.22257728576660157,0.75577880859375,0.2590606689453125,65.00801086425781,30.91127676010132,0.00014950000000000003
50150,4.3484112167358395,1.4317081880569458,1.1907552766799927,0.2157434692978859,0.4489331841468811,0.37084036350250243,0.46450626373291015,0.75826904296875,0.2519781494140625,0.70568359375,0.2863037109375,62.098583679199216,35.3573629951477,0.00014925000000000002
50200,4.883382577896118,1.6088628244400025,1.5504231172800065,0.21551208078861236,0.4840312898159027,0.35737192913889887,0.3771811275929213,0.7651904296875,0.22615386962890624,0.734775390625,0.2590386962890625,63.27833473205566,33.35248689651489,0.00014900000000000002
50250,4.884372010231018,1.4518329441547393,1.6600344640016556,0.22156307637691497,0.6441268920898438,0.37595638647675517,0.3868858157843351,0.75708740234375,0.2391986083984375,0.7311962890625,0.26914306640625,93.5246671295166,35.734491951611574,0.00014875
50300,5.023038649559021,1.5383605945110321,1.6182894015312195,0.23329858481884003,0.7331963777542114,0.2829539896547794,0.33584685012698173,0.805537109375,0.2110333251953125,0.7640283203125,0.2396630859375,72.81381408691406,28.66806308746338,0.0001485
50350,4.8107590675354,1.5081861662864684,1.5573574852943421,0.2181519290804863,0.6373717784881592,0.34088171310722826,0.3582374630868435,0.7628515625,0.2167724609375,0.7469189453125,0.2510125732421875,80.33883079528809,33.31006025314331,0.00014825
50400,4.731359615325927,1.4074628502130508,1.549265837073326,0.22182886749505998,0.5089776515960693,0.3337040865421295,0.38421722047030926,0.76822998046875,0.2299407958984375,0.74303955078125,0.252015380859375,80.96084747314453,34.41000778198242,0.000148
50450,4.7205808734893795,1.5450583744049071,1.415683844089508,0.21997982859611512,0.7104696035385132,0.30718628235161305,0.42322877392172814,0.796806640625,0.22374114990234376,0.7116259765625,0.287149658203125,60.13644912719727,32.70916084289551,0.00014775
50500,4.853314633369446,1.440965427160263,1.5644300681352616,0.2309898951649666,0.7645493745803833,0.2940904388949275,0.3923305344581604,0.7857421875,0.19646041870117187,0.738416748046875,0.2633782958984375,62.09920181274414,29.098980045318605,0.0001475
50550,5.048005871772766,1.5260197973251344,1.6634826028347016,0.23231293767690658,0.42567914724349976,0.3473477091640234,0.36091434858739374,0.771953125,0.2363555908203125,0.7604150390625,0.258414306640625,70.76478523254394,29.643421440124513,0.00014725000000000003
50600,4.86847620010376,1.580432291030884,1.4916980582475663,0.22454323261976242,0.6493853330612183,0.3143155134469271,0.3709928269684315,0.77462890625,0.21350372314453125,0.7334619140625,0.2451226806640625,67.96854713439942,29.5856077003479,0.000147
50650,4.97994167804718,1.6610097110271453,1.502804926931858,0.2270158851146698,0.4889009892940521,0.370818550363183,0.35899035960435866,0.76982421875,0.2390594482421875,0.7521728515625,0.2501416015625,65.93198028564453,32.042199268341065,0.00014675000000000002
50700,4.933500399589539,1.606154151558876,1.5267503404617309,0.22507448732852936,0.5711655616760254,0.3451733769476414,0.4132236007601023,0.7562890625,0.24471923828125,0.720498046875,0.2664581298828125,71.82568042755128,34.46718456268311,0.00014649999999999998
50750,4.689759888648987,1.4616868364810944,1.4014378315210343,0.22832940578460692,0.6829526424407959,0.339828619658947,0.45202028054744003,0.7773681640625,0.23116668701171875,0.721728515625,0.28841064453125,77.0115217590332,39.30173259735108,0.00014625
50800,4.65864604473114,1.419835106432438,1.4023768675327302,0.22955425679683686,0.4608260691165924,0.3819268561154604,0.4471054315567017,0.737119140625,0.23676834106445313,0.71693359375,0.285885009765625,63.089823989868165,38.88397903442383,0.000146
50850,4.680116338729858,1.34579146027565,1.5498233664035796,0.22306268215179442,0.48530903458595276,0.3109132507443428,0.45169035598635676,0.7896875,0.22025772094726562,0.70489501953125,0.2803118896484375,58.724762420654294,39.08235921859741,0.00014575000000000002
50900,4.940286798477173,1.4671137183904648,1.7558287525177,0.21466803878545762,0.7139977812767029,0.2900217393785715,0.3885083682090044,0.7944873046875,0.205098876953125,0.7352783203125,0.2737078857421875,87.19972553253174,27.810415821075438,0.0001455
50950,5.002360463142395,1.6196678757667542,1.5844036036729812,0.2247861260175705,0.6356779932975769,0.3098298881947994,0.36356812953948975,0.80236328125,0.21762054443359374,0.75013671875,0.2516455078125,65.1938648223877,29.490503044128417,0.00014525
51000,4.873729033470154,1.5066875565052031,1.5327714443206788,0.22928375244140625,0.6448399424552917,0.4046258766949177,0.3981021752953529,0.72976318359375,0.254637451171875,0.7357861328125,0.26607666015625,65.42944030761718,36.30049907684326,0.000145
51050,4.921911544799805,1.5534191530942918,1.6802039575576782,0.21103605300188064,0.8672497868537903,0.29190792500972745,0.3907304066419601,0.80078125,0.1981884765625,0.73158203125,0.2711614990234375,71.57752899169923,36.75652339935303,0.00014475
51100,4.894242787361145,1.4413948905467988,1.6129692494869232,0.2299848285317421,0.6187404990196228,0.32712854772806166,0.39457519352436066,0.77869140625,0.22440460205078125,0.727177734375,0.2604498291015625,73.91764301300049,32.1373412322998,0.0001445
51150,5.044618449211121,1.6639018154144287,1.572538829445839,0.22602222383022308,0.4744115471839905,0.33366078600287435,0.3462943335622549,0.7640380859375,0.2295703125,0.7650390625,0.2485858154296875,76.32478965759277,29.74932092666626,0.00014425
51200,4.836528635025024,1.5395676951110362,1.5444357496500016,0.21906565219163895,0.5490115880966187,0.35792946599423886,0.41558525830507276,0.756240234375,0.2418963623046875,0.7302978515625,0.2845574951171875,74.85091934204101,36.57688196182251,0.000144
51250,4.675344939231873,1.509464549422264,1.4345838117599488,0.2164120692014694,0.6396960020065308,0.35236325301229954,0.39600143641233443,0.778310546875,0.24450592041015626,0.72421142578125,0.260428466796875,71.06344802856445,35.36664991378784,0.00014375
51300,5.151694765090943,1.6611946439743042,1.6382940244674682,0.23152576476335526,0.43999287486076355,0.28808793164789676,0.3914430139958858,0.7903955078125,0.2046575927734375,0.736982421875,0.260028076171875,68.77996292114258,32.508573379516605,0.00014350000000000002
51350,5.182355008125305,1.6622958052158356,1.6206118220090866,0.237430919110775,0.5593793392181396,0.3519411846995354,0.3417549200728536,0.77849853515625,0.22568374633789062,0.7598583984375,0.23060867309570313,60.28981842041016,32.50656108856201,0.00014325
51400,4.60994891166687,1.425723288655281,1.3896860814094543,0.22431744158267974,0.5298044681549072,0.31747758090496064,0.37767830930650237,0.7775927734375,0.21288963317871093,0.76587890625,0.25728759765625,57.24126598358154,31.957850694656372,0.00014300000000000003
51450,5.266381607055664,1.6507222533226014,1.7898872566223145,0.22822151333093643,0.6792516112327576,0.3475113028287888,0.34705384105443954,0.766845703125,0.22537109375,0.754853515625,0.230938720703125,92.06769001240633,33.95350303649902,0.00014275
51500,4.705501885414123,1.5205230009555817,1.3947095835208894,0.22378365635871889,0.601932942867279,0.3264449687302113,0.3345865887403488,0.7733251953125,0.22361297607421876,0.7569287109375,0.240126953125,64.17944480895996,28.411237297058104,0.00014250000000000002
51550,4.750449547767639,1.5969564521312714,1.4538790714740752,0.21245174914598464,0.6674206256866455,0.3397329230606556,0.38778302162885664,0.7647265625,0.2416796875,0.7427783203125,0.2594122314453125,77.00309314727784,38.84291067123413,0.00014225
51600,5.095919156074524,1.6189718055725097,1.6453112292289733,0.228954519033432,0.5748130083084106,0.2959963268786669,0.4045962779223919,0.7917529296875,0.2107110595703125,0.7246435546875,0.27047607421875,78.99745964050292,30.91545808792114,0.000142
51650,4.626367721557617,1.428810280561447,1.5170776909589767,0.2100599643588066,0.4638002812862396,0.34762398034334185,0.4010092768073082,0.7602392578125,0.22533966064453126,0.718388671875,0.277008056640625,62.805304985046384,35.001070175170895,0.00014175
51700,4.56748676776886,1.4054372256994248,1.4059157109260558,0.21951672703027725,0.5722941160202026,0.3359275923669338,0.3743158531188965,0.7648583984375,0.2314599609375,0.7557275390625,0.255936279296875,61.454484367370604,31.58441972732544,0.0001415
51750,5.017746834754944,1.6038080084323882,1.5680499291419983,0.2307361152768135,0.6175557374954224,0.32004071861505506,0.39340158641338346,0.7833056640625,0.223896484375,0.7275830078125,0.2662738037109375,77.41521446228028,31.549113178253172,0.00014125000000000002
51800,4.897327327728272,1.5140279704332351,1.5176708137989043,0.23320356786251067,0.5273509621620178,0.31329452991485596,0.37089217752218245,0.7840869140625,0.21454620361328125,0.7432177734375,0.251243896484375,74.08895973205567,33.43365785598755,0.000141
51850,4.892919597625732,1.3500582766532898,1.7257361793518067,0.22714064210653306,0.6268681883811951,0.30557819314301016,0.39716830641031264,0.78693359375,0.20747802734375,0.7398046875,0.2825079345703125,68.08429786682129,34.25486156463623,0.00014075
51900,4.873021516799927,1.4769275718927384,1.611502491235733,0.22307393223047256,0.6636524200439453,0.2942836771905422,0.39436912566423415,0.79126953125,0.196739501953125,0.730556640625,0.268101806640625,59.52393989562988,31.844853191375734,0.0001405
51950,4.766314330101014,1.6130134510993956,1.4286573255062103,0.2155804455280304,0.6477022767066956,0.34926884226500987,0.4242361663281918,0.77005859375,0.23941070556640626,0.713076171875,0.2769970703125,67.90491432189941,35.84455131530762,0.00014025
52000,4.833724603652954,1.58691251039505,1.5175341790914536,0.21615974336862565,0.5445127487182617,0.3803675799071789,0.37840096160769465,0.7596826171875,0.23788818359375,0.742724609375,0.2681640625,58.090846672058106,36.26141321182251,0.00014
52050,4.965714793205262,1.5780932021141052,1.6407681715488434,0.21835667937994002,0.5736992359161377,0.29917370304465296,0.3914304006099701,0.7947802734375,0.2067767333984375,0.7425341796875,0.25648345947265627,68.64522396087646,34.967136545181276,0.00013975
52100,4.783831520080566,1.5612129122018814,1.5070131653547287,0.2144506776332855,0.44653159379959106,0.3586551658809185,0.3947841601073742,0.7657861328125,0.2378924560546875,0.72326171875,0.2601531982421875,62.890341186523436,34.3990007019043,0.0001395
52150,5.33644730091095,1.799940241575241,1.6694596341252328,0.23338092505931854,0.4074517488479614,0.3326748486608267,0.3711583063751459,0.781025390625,0.22910247802734374,0.755107421875,0.2487518310546875,83.02215026855468,32.21332967758179,0.00013925000000000002
52200,5.095161309242249,1.6574694865942001,1.5193464054167272,0.23979317396879196,0.4732036888599396,0.374710481390357,0.3062303598225117,0.7655517578125,0.220517578125,0.772705078125,0.2183807373046875,79.15383937835693,34.21339122772217,0.00013900000000000002
52250,4.948845191001892,1.555673913359642,1.6030436074733734,0.22376595437526703,0.7893451452255249,0.3130682624131441,0.43265009850263597,0.7762548828125,0.2172381591796875,0.7137060546875,0.28638641357421873,74.3345639038086,35.87894075744006,0.00013875
52300,5.0014811658859255,1.5935090899467468,1.6069778680801392,0.22512427389621734,0.4931498169898987,0.39782664328813555,0.39703802555799483,0.734609375,0.26115631103515624,0.74229248046875,0.26366455078125,70.19294059753418,34.56409475326538,0.0001385
52350,4.922471075057984,1.5086844983696936,1.6872352558374404,0.2158189132809639,0.6020032167434692,0.33738969087600706,0.3876315751671791,0.792041015625,0.2355226135253906,0.7264599609375,0.253150634765625,75.24334045410156,33.4992254447937,0.00013825
52400,4.888894972801208,1.5432364505529403,1.587080489397049,0.21982225120067597,0.6743725538253784,0.3157220261543989,0.374852504581213,0.7790478515625,0.2205133056640625,0.7425439453125,0.26256103515625,86.39497474670411,32.83221096038818,0.000138
52450,4.851028394699097,1.558851112127304,1.5684527385234832,0.215465567111969,0.4349823296070099,0.32228134281933307,0.3769536130130291,0.778740234375,0.21179656982421874,0.73934326171875,0.2564794921875,69.73225578308106,33.254337329864505,0.00013775000000000001
52500,4.7896675729751585,1.5824324196577073,1.49812024474144,0.21363935708999635,0.7456023693084717,0.3573869062960148,0.37715210184454917,0.75900390625,0.25010009765625,0.7424365234375,0.2537078857421875,66.7354402923584,31.52271333694458,0.0001375
52550,5.44202552318573,1.821483669281006,1.730172666311264,0.23629614621400832,0.5940290689468384,0.2986432741582394,0.295518067330122,0.7913916015625,0.2122918701171875,0.7955859375,0.2205682373046875,88.29850769042969,28.976867141723634,0.00013725
52600,5.080047631263733,1.7142340302467347,1.5105056858062744,0.2319134894013405,0.45765742659568787,0.37458079025149343,0.3324847549200058,0.737333984375,0.236181640625,0.76312744140625,0.221961669921875,82.52724830627442,32.56797274589539,0.00013700000000000002
52650,4.76420060634613,1.5473648965358735,1.4143767288327218,0.22530737310647964,0.3987395763397217,0.3532887514680624,0.42660176947712897,0.77005859375,0.2585382080078125,0.71806640625,0.284173583984375,57.562368087768554,37.16937816619873,0.00013675000000000002
52700,4.995345373153686,1.578734894990921,1.5814779633283615,0.22939157038927077,0.7790511250495911,0.32941012270748615,0.31813912935554983,0.7713720703125,0.21694923400878907,0.775078125,0.2258441162109375,79.45059783935547,32.68942140579224,0.0001365
52750,5.026500854492188,1.5013616782426835,1.6548477852344512,0.23378642171621322,0.6691243648529053,0.31134119383990766,0.4083438903093338,0.78666015625,0.20635223388671875,0.72936279296875,0.2712158203125,71.05208122253418,36.66011365890503,0.00013625
52800,4.9602324628829955,1.5280429285764694,1.5403707015514374,0.2364773577451706,0.6779095530509949,0.38185655668377877,0.3753617089986801,0.75487548828125,0.2489361572265625,0.74454833984375,0.24752655029296874,72.27865718841552,34.9357678604126,0.000136
52850,4.982121524810791,1.646110600233078,1.4921400189399718,0.23048386633396148,0.711578369140625,0.333482421040535,0.395210130661726,0.7710791015625,0.2245458984375,0.732861328125,0.26044921875,80.40638595581055,32.314284286499024,0.00013575
52900,4.672712259292602,1.3845411431789398,1.5953243839740754,0.21160584062337875,0.4961380958557129,0.3154601740092039,0.372618488073349,0.77357421875,0.21737548828125,0.7395166015625,0.25660400390625,77.83635265350341,26.47802837371826,0.00013550000000000001
52950,4.852509298324585,1.5780376946926118,1.4629664874076844,0.2264381417632103,0.6432815790176392,0.3344984893500805,0.3567285022139549,0.771513671875,0.23894989013671875,0.7561767578125,0.250478515625,67.27004608154297,31.311506729125977,0.00013525
53000,5.1674569606781,1.6854112899303437,1.752038811445236,0.216250858604908,0.5442222952842712,0.32175317987799645,0.3326152688264847,0.782138671875,0.20584197998046874,0.7523828125,0.23238525390625,96.41093948364258,28.99156623840332,0.00013500000000000003
53050,5.247649636268616,1.6115121191740036,1.7078773432970047,0.24103252053260804,0.690026581287384,0.3027715118974447,0.3720366159826517,0.80268798828125,0.2065679931640625,0.75438720703125,0.25415283203125,66.27485160827636,30.27613690376282,0.00013475000000000002
53100,4.959298267364502,1.4802589392662049,1.6613209372758866,0.22721480160951615,1.0812079906463623,0.35159675672650337,0.4425388976186514,0.7592333984375,0.23369781494140626,0.725634765625,0.280936279296875,60.82309154510498,36.33094570159912,0.00013450000000000002
53150,4.848832788467408,1.5664651155471803,1.4558118104934692,0.22831948190927506,0.49576127529144287,0.38442253530025483,0.4595559057593346,0.741064453125,0.24651840209960937,0.711943359375,0.2786016845703125,65.63918144226074,40.1163454246521,0.00013425
53200,4.884325613975525,1.5806413245201112,1.5001926839351654,0.22543645083904265,0.9617209434509277,0.316882536560297,0.39145879209041595,0.7807373046875,0.226781005859375,0.737685546875,0.26986572265625,65.5932056427002,34.35693691253662,0.000134
53250,5.106973452568054,1.583068369626999,1.6915434458851815,0.22904520511627197,0.6757973432540894,0.32076187372207643,0.3629664482176304,0.78447265625,0.2234100341796875,0.7490234375,0.2497869873046875,89.13102046966553,32.81415102005005,0.00013375
53300,5.021232223510742,1.5901456904411315,1.6094855225086213,0.22770012944936752,0.4652714133262634,0.3496423952281475,0.3472381614148617,0.7732177734375,0.23605316162109374,0.74765625,0.2437872314453125,83.28557472229004,33.193700580596925,0.0001335
53350,5.1223457288742065,1.6207126754522323,1.6947441053390504,0.2258611124753952,0.5935118198394775,0.32228695929050444,0.3582993911206722,0.775537109375,0.21165069580078125,0.75657958984375,0.2398876953125,82.73159881591796,33.71118602752686,0.00013325
53400,5.1249536037445065,1.6321145337820053,1.653120893239975,0.22996477037668228,0.9670379161834717,0.2797258857637644,0.3278807897865772,0.81349609375,0.21586700439453124,0.769013671875,0.2261370849609375,61.56918182373047,29.357434787750243,0.000133
53450,4.828842377662658,1.499129394888878,1.5619055813550948,0.22097592294216156,0.5777538418769836,0.3310211968421936,0.3909995394945145,0.779609375,0.21770782470703126,0.73321533203125,0.2694573974609375,66.16911239624024,35.48468154907226,0.00013275000000000003
53500,4.9824434089660645,1.5184612011909484,1.6553668862581252,0.2260769149661064,0.6269470453262329,0.3148978013545275,0.3985810726881027,0.7701025390625,0.210107421875,0.7376953125,0.2730340576171875,79.47555938720703,32.6233856010437,0.0001325
53550,4.769748568534851,1.533240133523941,1.4125119876861572,0.22799955278635026,0.48726969957351685,0.29562292113900185,0.34986345246434214,0.793623046875,0.2191998291015625,0.75708984375,0.247176513671875,62.374283905029294,28.962202920913697,0.00013225000000000002
53600,4.998781008720398,1.5810745561122894,1.5604802361130714,0.23215327888727189,0.8503663539886475,0.3206070689111948,0.37528586119413376,0.7888330078125,0.2131304931640625,0.73776123046875,0.245137939453125,94.47378387451172,32.161153907775876,0.00013199999999999998
53650,5.3848895072937015,1.7545171749591828,1.7849256122112274,0.23068084239959716,0.6741824150085449,0.31301171988248827,0.3151093488931656,0.790859375,0.2181744384765625,0.7785107421875,0.2300799560546875,112.57472828456334,30.811106224060058,0.00013175
53700,5.158397989273071,1.5922629755735398,1.758525901734829,0.2259511372447014,0.49334606528282166,0.3651285221800208,0.35678467646241185,0.761435546875,0.23049163818359375,0.754931640625,0.2434326171875,73.86096176147461,35.70363981246948,0.0001315
53750,4.897615342140198,1.6621656507253646,1.4830412316322326,0.21905105978250503,0.5940804481506348,0.3356667824089527,0.4144254139065742,0.7746142578125,0.234486083984375,0.7301171875,0.2751141357421875,52.24405651092529,36.206907997131346,0.00013125000000000002
53800,5.11888240814209,1.597975597381592,1.6864082860946654,0.2293123197555542,0.5396409034729004,0.327000207901001,0.37283761039376256,0.78045166015625,0.2210955810546875,0.7484423828125,0.254200439453125,59.445930824279785,34.455695972442626,0.000131
53850,5.170889191627502,1.553737850189209,1.8054286968708038,0.2264653316140175,0.4478778839111328,0.3390561842173338,0.34710426911711695,0.7632470703125,0.22218505859375,0.7576220703125,0.246815185546875,84.07168266296387,33.702467346191405,0.00013075
53900,4.913329830169678,1.5883860450983047,1.464877071082592,0.2325083401799202,0.60597825050354,0.3303003030270338,0.45301963329315187,0.79970703125,0.2205059814453125,0.6949658203125,0.27588134765625,65.11393505096436,38.939675655364994,0.00013050000000000003
53950,5.31413544178009,1.6440034365653993,1.8211358657479286,0.23112451940774917,0.5313276052474976,0.3179708557575941,0.3889907231926918,0.789462890625,0.20002029418945313,0.748193359375,0.2682476806640625,67.99944122314453,35.18661443710327,0.00013025
54000,5.094136810302734,1.5075712209939958,1.748683176636696,0.2297353032231331,0.5699388980865479,0.29689083151519297,0.38883168444037436,0.78376953125,0.19231109619140624,0.738310546875,0.270897216796875,84.34227787017822,30.290912532806395,0.00013000000000000002
54050,4.971450514793396,1.58098717212677,1.6263507008552551,0.22051408112049103,0.5820409655570984,0.2814429731667042,0.35627223655581475,0.8051025390625,0.20990097045898437,0.7489453125,0.248138427734375,63.20236114501953,30.88399433135986,0.00012974999999999998
54100,5.394051561355591,1.720860140323639,1.712418754696846,0.24509658753871919,0.5076627135276794,0.3105711755156517,0.3721369270980358,0.789990234375,0.20942245483398436,0.74684814453125,0.245560302734375,79.55351181030274,32.90264181137085,0.0001295
54150,4.748391079902649,1.4964363300800323,1.5316683042049408,0.21503580540418624,0.7806015610694885,0.36486458495259283,0.39869201466441156,0.752265625,0.23119644165039063,0.73879150390625,0.260716552734375,57.16339168548584,34.587135181427,0.00012925
54200,4.856998434066773,1.7349819481372832,1.3039408576488496,0.22725944668054582,0.4754962921142578,0.3392190963774919,0.40316377237439155,0.78236083984375,0.23624786376953125,0.732998046875,0.2743853759765625,69.24214065551757,36.590420665740965,0.00012900000000000002
54250,5.171266002655029,1.7836613681912423,1.5601026546955108,0.22843774676322937,0.6466111540794373,0.3112493546307087,0.3748024423420429,0.7832958984375,0.2214276123046875,0.7443115234375,0.24334564208984374,65.86760734558105,32.241940612792966,0.00012875
54300,4.8641688966751095,1.577826633453369,1.516295947432518,0.2212557876110077,0.8643112182617188,0.3560806155577302,0.3242024624347687,0.7577294921875,0.2244451904296875,0.76935546875,0.2353155517578125,85.77574462890625,30.900697116851806,0.00012850000000000003
54350,4.776123819351196,1.545434382557869,1.4507619971036911,0.22249092996120454,0.7420681715011597,0.3900167515873909,0.38919339805841446,0.7499755859375,0.25668365478515626,0.734326171875,0.2505963134765625,62.264958992004395,34.53593460394411,0.00012825
54400,5.111122632026673,1.7185555917024613,1.4612958687543869,0.24140889436006546,0.4636548161506653,0.351542838588357,0.37627115830779073,0.7632080078125,0.2366975402832031,0.7556982421875,0.258564453125,70.18516258239747,34.89715602874756,0.00012800000000000002
54450,4.9225479221344,1.6514041721820831,1.4734246587753297,0.22471488237380982,0.5455482602119446,0.34217521369457243,0.357003188431263,0.7649169921875,0.23712112426757812,0.7491650390625,0.2423284912109375,66.57957607269287,32.749529933929445,0.00012775
54500,4.744427080154419,1.4811832398176192,1.463190940618515,0.22500660955905916,0.5060145854949951,0.33266057558357714,0.37865506395697596,0.76630859375,0.2252911376953125,0.751015625,0.263599853515625,63.11240165710449,33.89291967391968,0.0001275
54550,4.91877315044403,1.7264061307907104,1.4529491692781449,0.21742723196744917,0.5746482610702515,0.3177026066184044,0.342465236261487,0.7768359375,0.2273968505859375,0.75591796875,0.2317041015625,78.66570182800292,31.120641822814942,0.00012725
54600,5.233393421173096,1.6795493590831756,1.7049861270189286,0.23110724478960037,0.398222416639328,0.3129903466254473,0.328445558398962,0.791240234375,0.2097747802734375,0.7662158203125,0.236947021484375,73.92984115600586,32.01164926528931,0.000127
54650,5.107278618812561,1.5623655784130097,1.7821931040287018,0.2203399920463562,0.45802199840545654,0.3380859160423279,0.3711775752902031,0.7574609375,0.21919708251953124,0.7467919921875,0.2532757568359375,78.31183029174805,36.60036491394043,0.00012675000000000002
54700,4.774821906089783,1.5174898386001587,1.4732258319854736,0.2230132794380188,0.49922996759414673,0.32531283766031266,0.38844632625579834,0.777587890625,0.23689300537109376,0.7398828125,0.263414306640625,54.955806732177734,33.50734462738037,0.0001265
54750,4.923976163864136,1.6293568283319473,1.5129474306106567,0.22270899146795273,0.7301559448242188,0.3453250178694725,0.4032707931101322,0.77275390625,0.23958892822265626,0.73276611328125,0.2625897216796875,53.71324352264404,34.65172107696533,0.00012625
54800,4.963347973823548,1.3492844557762147,1.7754339814186095,0.22982869267463685,0.5804824829101562,0.3201048017293215,0.3721319276094437,0.7748583984375,0.2037762451171875,0.73586181640625,0.251514892578125,85.66349834442138,31.187523403167724,0.000126
54850,5.044471917152404,1.6229035240411758,1.673287694454193,0.21853508710861205,0.5332200527191162,0.35670684292912486,0.36173168987035753,0.761953125,0.23749908447265625,0.75306640625,0.2559259033203125,78.56410682678222,34.82326816558838,0.00012575
54900,4.5991909885406494,1.4750485002994538,1.4348243349790573,0.21116476833820344,0.5464858412742615,0.36380705401301383,0.39655656918883325,0.7611328125,0.2511151123046875,0.7315185546875,0.2717034912109375,56.30969871520996,36.17755111694336,0.0001255
54950,5.092691450119019,1.7268805269896985,1.508411563038826,0.2321749222278595,0.45979762077331543,0.29268322050571444,0.35976554691791535,0.7897412109375,0.20878265380859376,0.7657763671875,0.236270751953125,92.27451404571534,31.302136001586913,0.00012525
55000,4.868810729980469,1.4670531475543975,1.523634597659111,0.23476537108421325,0.6916476488113403,0.34852163478732107,0.39497105494141577,0.7678369140625,0.2337310791015625,0.73908203125,0.253966064453125,75.18980979919434,35.011483612060545,0.000125
55050,4.940706572532654,1.5369548630714416,1.5335681819915772,0.23377293914556505,0.6091604232788086,0.34841823995113375,0.346868801265955,0.7682421875,0.2325994873046875,0.746552734375,0.245557861328125,61.37092300415039,34.779998836517336,0.00012475000000000002
55100,4.9400237989425655,1.6088351106643677,1.4929026335477829,0.2297857555747032,0.7381992340087891,0.3632152725756168,0.34839989602565763,0.7507421875,0.24072723388671874,0.7670751953125,0.2472003173828125,64.71598442077637,34.99808862686157,0.00012450000000000002
55150,4.932670063972473,1.7375058537721635,1.3648302745819092,0.228791740834713,0.5965151786804199,0.34849906668066977,0.3771337431669235,0.7754931640625,0.245126953125,0.739794921875,0.244049072265625,58.458071327209474,31.858416080474854,0.00012425
55200,4.854703335762024,1.5725832736492158,1.5188287568092347,0.22041141152381896,0.5810436010360718,0.329491356164217,0.3519981710612774,0.7602490234375,0.21082839965820313,0.7515673828125,0.25505126953125,80.01749298095703,29.534852867126464,0.000124
55250,4.904751033782959,1.6213361120224,1.566637498140335,0.21459717959165572,0.7397032380104065,0.3097354569286108,0.3144843511283398,0.7916259765625,0.21701812744140625,0.78149169921875,0.22719482421875,63.89284999847412,32.76538318634033,0.00012375
55300,5.082539706230164,1.647968817949295,1.6598501372337342,0.22184009343385697,0.4429083466529846,0.29639456667006014,0.3367358222603798,0.7945068359375,0.20874359130859374,0.7609228515625,0.2338427734375,64.03225036621093,32.38162347793579,0.0001235
55350,5.070079426765442,1.754173493385315,1.5382492843270301,0.22220707893371583,0.4727663993835449,0.39079545736312865,0.3662260989099741,0.7494873046875,0.25509674072265626,0.752412109375,0.2381475830078125,74.81061023712158,36.69648740768432,0.00012325
55400,5.114469003677368,1.719137207865715,1.621192805171013,0.22176737308502198,0.7963979244232178,0.3622077163308859,0.3700476332753897,0.76177978515625,0.22843231201171876,0.7523046875,0.25412841796875,62.978503379821774,37.5224688911438,0.000123
55450,4.951270742416382,1.5604107117652892,1.5192136719822884,0.2339557972550392,0.5987414121627808,0.32017903309315443,0.38186779648065566,0.787392578125,0.211116943359375,0.732158203125,0.26407806396484373,75.09245361328125,34.56961618423462,0.00012275
55500,5.238237352371216,1.7339968115091324,1.616000336408615,0.23603002607822418,0.6858192682266235,0.2960242834687233,0.34409757018089293,0.792822265625,0.20123291015625,0.7684869384765625,0.2308636474609375,97.95210159301757,33.398477993011475,0.00012250000000000002
55550,4.728395652770996,1.4800877922773361,1.4912610405683517,0.21963085114955902,0.6546159982681274,0.3264565519988537,0.43907143026590345,0.772373046875,0.22324737548828125,0.713056640625,0.290689697265625,63.46594612121582,38.779890823364255,0.00012225000000000002
55600,5.029929084777832,1.7018239086866378,1.4780828309059144,0.23125279247760772,0.5623458623886108,0.36042979270219805,0.333898481503129,0.7551416015625,0.2531036376953125,0.764248046875,0.22878662109375,55.387726669311526,30.482710990905762,0.000122
55650,5.088791131973267,1.7030437541007997,1.4883380633592607,0.23717616736888886,0.6403356194496155,0.33130013816058634,0.33924594819545745,0.77887939453125,0.22610626220703126,0.76171875,0.226864013671875,66.34320278167725,33.097739677429196,0.00012175
55700,5.152506680488586,1.6344173759222032,1.6324330985546112,0.23570702373981475,0.4773890972137451,0.29122628301382064,0.3700410245358944,0.7808642578125,0.19527130126953124,0.747294921875,0.252694091796875,83.09850532531738,29.939872398376465,0.00012149999999999999
55750,4.744925494194031,1.361860672235489,1.5083009254932405,0.2343454885482788,0.5110431909561157,0.2822781778126955,0.3868041691184044,0.809228515625,0.207890625,0.729921875,0.262222900390625,56.007269096374515,31.991424236297608,0.00012124999999999999
55800,4.906790065765381,1.5497007018327713,1.5287419605255126,0.22854342103004455,0.5518838167190552,0.3021354439854622,0.44241155177354813,0.7946240234375,0.216676025390625,0.72383544921875,0.2740240478515625,55.465206451416016,36.00881631851196,0.000121
55850,5.057665190696716,1.6725959545373916,1.5272319358587265,0.23222966372966766,0.6908321976661682,0.33206574216485024,0.3318715918809175,0.78789306640625,0.2257611083984375,0.77584228515625,0.2354205322265625,66.31629066467285,32.744683837890626,0.00012075000000000001
55900,5.114605212211609,1.5978680908679963,1.7061395382881164,0.22632470041513442,0.8216027617454529,0.31832758590579036,0.35106381222605704,0.77615234375,0.20941162109375,0.75486572265625,0.24037109375,70.18037338256836,31.049147567749024,0.00012050000000000002
55950,4.8255493402481076,1.5569681739807129,1.4508459973335266,0.22721689701080322,0.6258367300033569,0.3178232130408287,0.3294681668281555,0.77615234375,0.21269790649414064,0.7655029296875,0.242099609375,78.09457859039307,31.50327024459839,0.00012025000000000002
56000,4.953792991638184,1.4832729423046112,1.735382599234581,0.21689218759536744,0.5428751707077026,0.32488321579992774,0.41119515731930734,0.78025390625,0.2208038330078125,0.7299462890625,0.2712860107421875,84.0324624633789,37.24597118377685,0.00012
56050,4.849647283554077,1.5928607630729674,1.4220122018456458,0.22934679239988326,0.6257710456848145,0.34947955725714563,0.37144646659493447,0.7664697265625,0.226802978515625,0.7535888671875,0.253525390625,66.80334564208984,34.36625,0.00011975000000000001
56100,4.998179392814636,1.4679972739517688,1.6543073177337646,0.23448435366153716,1.0216398239135742,0.29697842240333555,0.3511317299306393,0.808525390625,0.20885238647460938,0.7618212890625,0.2452081298828125,62.179256744384766,34.912313747406,0.00011949999999999999
56150,5.513835678100586,1.8364624381065369,1.7974948382377625,0.2349848034977913,0.4107804596424103,0.3298277359455824,0.4117819473147392,0.758603515625,0.21871368408203126,0.7181640625,0.2546002197265625,72.8632656097412,33.586555328369144,0.00011925
56200,5.363623881340027,1.7809339809417724,1.6259992974996567,0.2445863252878189,0.5859007835388184,0.2625679059326649,0.3422582208365202,0.8106982421875,0.19288604736328124,0.770478515625,0.24195556640625,73.82653663635254,31.078289413452147,0.000119
56250,5.1625935125350955,1.5823365205526352,1.7493224561214447,0.22886681616306304,0.5976415872573853,0.2782200533896685,0.36959885314106944,0.809638671875,0.1965924072265625,0.751044921875,0.247215576171875,75.40116722106933,35.246409301757815,0.00011875
56300,5.06906669139862,1.6554634875059129,1.6456025111675263,0.22100009441375731,0.6555323600769043,0.2753722244501114,0.37610195845365524,0.7926220703125,0.19372299194335937,0.7444775390625,0.260616455078125,90.46415306091309,33.78112167358398,0.00011850000000000001
56350,4.658865051269531,1.4853475201129913,1.3448235487937927,0.2285867477953434,0.6047852635383606,0.36726993940770625,0.3839572636038065,0.7565625,0.25212432861328127,0.734443359375,0.2652386474609375,60.91684642791748,33.00482440948486,0.00011825000000000001
56400,4.771650643348694,1.4521073234081268,1.4573197942972183,0.2327779433131218,0.7609758377075195,0.2915872374922037,0.3980080921947956,0.798994140625,0.21244461059570313,0.72664306640625,0.2621026611328125,57.34114253997803,32.412413959503176,0.00011800000000000002
56450,5.064264941215515,1.6338900220394135,1.6341775521636008,0.22452466428279877,0.9402123093605042,0.380115170404315,0.3190613634884357,0.75345703125,0.23767333984375,0.772314453125,0.22491943359375,77.41097347259522,33.089528862310914,0.00011775
56500,4.95066460609436,1.5851358997821807,1.6131278610229491,0.21905010610818862,0.5455808043479919,0.3124121595919132,0.36831179916858675,0.7916455078125,0.2246221923828125,0.756201171875,0.2539483642578125,74.63241289099868,31.964181747436523,0.00011750000000000001
56550,4.8228052663803105,1.5923437035083772,1.5080274319648743,0.21530426502227784,0.6710379719734192,0.34187994241714476,0.38392564430832865,0.76498046875,0.21724822998046875,0.7540625,0.26854736328125,75.08295440673828,40.19064242362976,0.00011724999999999999
56600,5.11324631690979,1.7958687049150468,1.5523637234419585,0.22062673658132553,0.4844117760658264,0.3582659336179495,0.37492864698171613,0.7643017578125,0.22793975830078125,0.7430859375,0.24428497314453124,79.70631946563721,39.78804710388184,0.000117
56650,4.837383532524109,1.4341563075780868,1.5796083855628966,0.22795235455036164,0.7485352754592896,0.3311905112117529,0.367964256927371,0.7713818359375,0.234755859375,0.74169921875,0.2449285888671875,68.21927993774415,32.754180393218995,0.00011675
56700,4.938082785606384,1.5000957238674164,1.5425095957517625,0.23693468391895295,0.6293007731437683,0.3439437663927674,0.4052502593398094,0.768505859375,0.2276019287109375,0.7365576171875,0.252802734375,75.27658786773682,38.972581176757814,0.00011650000000000001
56750,5.1198586034774785,1.6769404244422912,1.6460179376602173,0.2246125328540802,0.5759967565536499,0.3331285546720028,0.35737768590450286,0.7715673828125,0.22277175903320312,0.7588916015625,0.249903564453125,71.94455352783203,36.90015829086304,0.00011625000000000002
56800,4.866013684272766,1.562559459209442,1.4647889935970306,0.22983315229415893,0.5641598701477051,0.33713016971945764,0.377011079788208,0.774560546875,0.23322540283203125,0.7506103515625,0.259581298828125,62.39677532196045,34.58368421554565,0.00011600000000000001
56850,5.357169342041016,1.7767839682102204,1.7306094312667846,0.23122199028730392,0.49678876996040344,0.34853845432400704,0.3073572115600109,0.75777099609375,0.224459228515625,0.7820361328125,0.2215972900390625,70.3155945968628,30.338528366088866,0.00011575000000000001
56900,4.970543022155762,1.7065369391441345,1.4829597079753876,0.22263078838586808,0.5454323887825012,0.32359518721699715,0.3286527426540852,0.7747021484375,0.231375732421875,0.7588427734375,0.22340087890625,58.14552188873291,31.659244384765625,0.0001155
56950,4.95896303653717,1.484232224225998,1.6662910717725754,0.22605496644973755,0.5158463716506958,0.3485809873044491,0.35013812482357026,0.76767333984375,0.232529296875,0.7689794921875,0.25450927734375,69.79301155090332,35.300951118469236,0.00011525
57000,5.11012680053711,1.6214615333080291,1.6346764600276946,0.23174859642982482,0.5994382500648499,0.31728719651699067,0.39760777458548546,0.7802734375,0.2222216796875,0.74208740234375,0.25386871337890626,71.38510375976563,35.870702781677245,0.00011499999999999999
57050,5.492544798851013,1.7757549393177032,1.738923931121826,0.2472332486510277,0.4533284306526184,0.3025616043061018,0.29341267108917235,0.7945556640625,0.20421600341796875,0.792080078125,0.2140411376953125,61.366823806762696,32.48963266372681,0.00011475
57100,5.149573183059692,1.515502822995186,1.6713027107715606,0.24534595787525176,0.5990898609161377,0.30672723568975924,0.40757261000573636,0.7860009765625,0.2138720703125,0.7267724609375,0.25556640625,65.87316089630127,32.26384348869324,0.0001145
57150,4.896670246124268,1.5914369893074036,1.457729030251503,0.23093802690505982,0.4401516318321228,0.34677980236709116,0.42484854549169543,0.7563623046875,0.235308837890625,0.7223974609375,0.2806890869140625,70.62974349975586,35.52842510223389,0.00011425000000000001
57200,5.053941421508789,1.5714207780361176,1.6075210404396056,0.23437494903802872,0.6912002563476562,0.2924922546744347,0.3960141295194626,0.7949658203125,0.21425201416015624,0.7382373046875,0.2657867431640625,60.321269302368165,32.9852564239502,0.00011400000000000002
57250,5.16673406124115,1.5456594002246857,1.7961187994480132,0.22811948090791703,0.7814995050430298,0.30884269006550313,0.3780273149907589,0.7869384765625,0.2175848388671875,0.74436767578125,0.256632080078125,57.42001964569092,31.124681777954102,0.00011375
57300,5.080565638542176,1.5815624463558198,1.724094288945198,0.22186361461877824,0.6422892808914185,0.357813860476017,0.36535235241055486,0.7721875,0.228287353515625,0.74075927734375,0.246365966796875,57.38329391479492,34.31648241043091,0.00011350000000000001
57350,4.889203009605407,1.4986296749114991,1.478671089410782,0.2389877814054489,0.5734870433807373,0.3636476435512304,0.3897111564129591,0.76212890625,0.2347918701171875,0.7397021484375,0.2581298828125,69.84426765441894,38.05390270233154,0.00011324999999999999
57400,4.6880208063125615,1.4301062220335006,1.4847873592376708,0.22164090365171432,0.6249960064888,0.34555779248476026,0.40017091661691667,0.757353515625,0.237088623046875,0.7304052734375,0.2805621337890625,54.10331714630127,31.341886825561524,0.000113
57450,4.901440181732178,1.7132420647144317,1.424083969593048,0.22051426589488984,0.6163255572319031,0.31385835506021975,0.3326045133173466,0.7876318359375,0.22215118408203124,0.753525390625,0.2352789306640625,56.58442188262939,28.236400260925294,0.00011275
57500,4.953734641075134,1.6800134909152984,1.488241318464279,0.2231849765777588,0.6410824060440063,0.3298596317321062,0.34099563404917715,0.770380859375,0.2288153076171875,0.76427734375,0.248114013671875,57.52078186035156,31.190710067749023,0.00011250000000000001
57550,5.214317631721497,1.6923433947563171,1.7107117307186126,0.22640781193971635,0.7938283681869507,0.3028495851159096,0.3315491725504398,0.798857421875,0.21392913818359374,0.762275390625,0.21832733154296874,58.77649917602539,30.563931941986084,0.00011225
57600,4.993584113121033,1.7110840940475465,1.4330997681617736,0.23117503106594087,0.5157843232154846,0.3440440199524164,0.3659330840408802,0.76150390625,0.22742431640625,0.7552294921875,0.25048583984375,58.35947486877441,34.66346132278442,0.00011200000000000001
57650,5.438087735176087,1.7379277682304382,1.8162620252370834,0.23548724204301835,0.6854432821273804,0.3241947315633297,0.38645047307014463,0.778203125,0.2163128662109375,0.737890625,0.2522613525390625,78.69623374938965,34.23320118904114,0.00011175000000000002
57700,5.406048922538758,1.6694617199897765,1.8737601840496063,0.23285337299108505,0.6160041093826294,0.2857492783665657,0.3504699596762657,0.797802734375,0.20464630126953126,0.7537646484375,0.24751129150390624,88.01490173339843,29.821960983276366,0.0001115
57750,5.216092653274536,1.6006873166561126,1.7291823768615722,0.23577787309885026,0.6743316650390625,0.3137997428327799,0.345016315728426,0.77841796875,0.20116378784179687,0.75281494140625,0.2372747802734375,87.50582923889161,33.31175947189331,0.00011125000000000001
57800,5.070320959091187,1.5744625151157379,1.6645145893096924,0.22891798436641694,0.42020630836486816,0.28952096719294784,0.4411503165960312,0.8049267578125,0.20403564453125,0.7221356201171875,0.28531982421875,82.47274284362793,35.89786172866821,0.00011099999999999999
57850,5.165298566818238,1.7198614144325257,1.6553562569618225,0.22376011431217194,0.48452550172805786,0.3712384317815304,0.3403876100480556,0.7711669921875,0.2393865966796875,0.761142578125,0.237181396484375,60.34101963043213,36.4313186454773,0.00011075
57900,5.077278370857239,1.6786787235736846,1.5222373563051224,0.2345452919602394,0.6906319856643677,0.33649967052042484,0.3483176711946726,0.767783203125,0.23041778564453125,0.76130126953125,0.2463177490234375,50.29825157165527,32.605266418457035,0.0001105
57950,5.176905603408813,1.521518058180809,1.7249445605278015,0.2413053733110428,0.5391399264335632,0.31050017684698106,0.3708823397755623,0.773515625,0.21136138916015626,0.7491064453125,0.2484808349609375,101.84699409484864,29.893514156341553,0.00011025000000000001
58000,4.89685387134552,1.49401520550251,1.5345011258125305,0.23354219347238542,0.8953925967216492,0.3098472785949707,0.4305039158463478,0.781337890625,0.22003936767578125,0.72723876953125,0.274443359375,59.746833152770996,38.06726369857788,0.00011000000000000002
58050,4.621182465553284,1.4667238634824753,1.4009523141384124,0.21918828785419464,0.5155757665634155,0.3584816525876522,0.3701450306177139,0.7611572265625,0.2438458251953125,0.7312890625,0.263201904296875,63.53569641113281,34.5552463722229,0.00010975000000000002
58100,5.1543980884552,1.6117641842365265,1.6469767504930497,0.2369571378827095,0.4672425389289856,0.30460327088832856,0.37206595569849016,0.7832763671875,0.200377197265625,0.7437890625,0.248690185546875,70.95934093475341,32.27965696334839,0.0001095
58150,5.03400333404541,1.6217125344276428,1.556046326160431,0.23203056067228317,0.5632169842720032,0.3297368559241295,0.34018930718302726,0.7913330078125,0.2237542724609375,0.7741064453125,0.2402044677734375,59.29156089782715,34.67155851364136,0.00010925000000000001
58200,5.263634057044983,1.74396055996418,1.6115757143497467,0.23851222306489944,0.9360175132751465,0.3207851484417915,0.35601526841521264,0.7668408203125,0.21233673095703126,0.757607421875,0.248719482421875,81.96264511108399,32.36979211807251,0.00010899999999999999
58250,4.857944340705871,1.5671400940418243,1.533096135854721,0.2197135129570961,0.8677027225494385,0.3474939347803593,0.3941621655225754,0.7703173828125,0.24605255126953124,0.737119140625,0.24655029296875,62.85989395141601,38.36401281356812,0.00010875
58300,4.542793846130371,1.3556834226846695,1.4276638698577881,0.21993081897497177,0.7375701665878296,0.34293128803372386,0.42836965173482894,0.759267578125,0.2383294677734375,0.712412109375,0.2811798095703125,58.821980514526366,37.70052976608277,0.00010850000000000001
58350,4.944298171997071,1.4803831213712693,1.6182022243738174,0.23071410208940507,0.5788978934288025,0.3236302038282156,0.4233820396661758,0.7771337890625,0.217547607421875,0.722109375,0.275263671875,79.63618476867676,39.461425857543944,0.00010825
58400,5.0576392984390255,1.5175273984670639,1.654771985411644,0.23566748827695846,0.6785234808921814,0.29021595377475023,0.4083029741048813,0.8012158203125,0.20744659423828124,0.72392578125,0.2822357177734375,64.67021766662597,33.50870450973511,0.00010800000000000001
58450,4.953190360069275,1.4741336834430694,1.6590466874837875,0.2275012519955635,0.4993588328361511,0.33883510731160643,0.39215917497873304,0.766519775390625,0.2189898681640625,0.73431396484375,0.2520758056640625,68.3614533996582,30.90790505311927,0.00010775000000000002
58500,4.8118800449371335,1.4864686357975005,1.5193342459201813,0.2257596445083618,0.546082079410553,0.2966591766476631,0.3566218963265419,0.798740234375,0.21345062255859376,0.75880615234375,0.2525469970703125,54.14545063018799,30.73985538482666,0.0001075
58550,5.138241848945618,1.7214745235443116,1.619969128370285,0.22459977626800537,0.5832343101501465,0.29030839854851365,0.32770901381969453,0.7962353515625,0.207535400390625,0.75875,0.2283221435546875,68.74741562045351,30.826731777191164,0.00010725
58600,5.264183077812195,1.7237492060661317,1.7094798332452774,0.2288692584633827,0.5800210237503052,0.31512734744697807,0.318162861764431,0.783359375,0.2105987548828125,0.781611328125,0.22503662109375,68.99683029174804,32.10318454742432,0.00010699999999999999
58650,4.778275122642517,1.6489720803499222,1.3904922592639923,0.2173513501882553,0.6435143947601318,0.36911634236574176,0.3603249515593052,0.7431201171875,0.241630859375,0.7432080078125,0.246595458984375,56.414738426208494,36.143299140930175,0.00010674999999999999
58700,4.868704981803894,1.5774720048904418,1.5236984646320344,0.22094181150197983,0.5372630953788757,0.31292583465576174,0.3471707257628441,0.79583251953125,0.2309857177734375,0.7625244140625,0.2507177734375,56.20224617004394,30.327804317474364,0.0001065
58750,5.337304105758667,1.6734539949893952,1.7631862366199493,0.23758298456668853,0.4566859006881714,0.3271076112985611,0.39354339823126794,0.784453125,0.21467742919921876,0.73853759765625,0.2586474609375,78.04327125549317,36.35735559463501,0.00010625000000000001
58800,4.833732280731201,1.5099150013923646,1.4536234033107758,0.23377423584461213,0.4069983661174774,0.34013804845511914,0.3734369695186615,0.77927490234375,0.205604248046875,0.743037109375,0.2560333251953125,76.74118194580078,38.05299062728882,0.00010600000000000002
58850,4.936939835548401,1.5997750508785247,1.5268429911136627,0.22629022151231765,0.7894103527069092,0.3299981532245874,0.35338574916124343,0.7784912109375,0.225025634765625,0.7522265625,0.2513604736328125,76.63476684570313,37.43490612030029,0.00010575000000000001
58900,4.805632138252259,1.575474909543991,1.4308106112480163,0.22491832911968232,0.9673895835876465,0.36275876525789497,0.3436339632421732,0.7521728515625,0.236881103515625,0.762998046875,0.231920166015625,62.79199691772461,33.46972394943237,0.00010550000000000002
58950,4.913284850120545,1.6673014152050019,1.483125034570694,0.2203573018312454,0.5651230812072754,0.27941417939960955,0.3568397256731987,0.7930810546875,0.2033123779296875,0.7605908203125,0.247020263671875,61.73023147583008,31.98697919845581,0.00010525000000000001
59000,4.9639373207092286,1.5818041276931762,1.5081850504875183,0.2342435121536255,0.4727199971675873,0.30188010424375533,0.40466496273875235,0.7912451171875,0.225465087890625,0.73115234375,0.259775390625,63.614549980163574,37.04911474227905,0.000105
59050,4.840248475074768,1.661873900294304,1.4689746940135955,0.21367498427629472,0.7337673902511597,0.35083491951227186,0.3712843527644873,0.77234130859375,0.24265167236328125,0.7485302734375,0.2506964111328125,81.63012031555176,37.13960073471069,0.00010475
59100,5.379047012329101,1.8143996274471283,1.6874569189548492,0.23464880764484405,0.7014495134353638,0.3696183156967163,0.3014490704983473,0.75353515625,0.2354437255859375,0.7857470703125,0.2118206787109375,62.59576259613037,35.64653736114502,0.00010449999999999999
59150,4.962844333648682,1.5365417951345444,1.5188895624876022,0.23842662274837495,0.8528754711151123,0.29039688646793366,0.34344525903463363,0.800908203125,0.211544189453125,0.76564697265625,0.240179443359375,61.75475189208984,32.84880075454712,0.00010425
59200,4.8568336868286135,1.5521179640293121,1.5672180426120759,0.2171872153878212,0.8577548265457153,0.32786194574087857,0.32947775162756443,0.770361328125,0.2163311767578125,0.7656591796875,0.23781494140625,53.90306091308594,34.650294876098634,0.00010400000000000001
59250,4.82107099533081,1.6074313753843308,1.3718867856264114,0.2302191111445427,0.5880085229873657,0.3295623387396336,0.430618115067482,0.7821728515625,0.2403594970703125,0.71116943359375,0.2803887939453125,51.243430290222165,35.6999365234375,0.00010375000000000001
59300,4.962746591567993,1.5218163418769837,1.5561498230695725,0.23559755608439445,0.5249413847923279,0.3547295841574669,0.3483841985464096,0.7715380859375,0.2289453125,0.7464111328125,0.245096435546875,74.7112818145752,35.47434461593628,0.00010350000000000002
59350,5.140407600402832,1.691496022939682,1.5217144960165023,0.24089963376522064,0.726798951625824,0.3318083487451077,0.3516335442662239,0.7627734375,0.218790283203125,0.7633056640625,0.249365234375,71.38708267211913,37.20516483306885,0.00010325
59400,5.467542018890381,1.8058241379261017,1.7412172889709472,0.24006257206201553,0.767034649848938,0.33238637022674083,0.3507699371129274,0.7668505859375,0.2197027587890625,0.760068359375,0.233961181640625,83.41535972595214,32.992165870666504,0.00010300000000000001
59450,5.0204077291488645,1.7207972621917724,1.5041868054866792,0.22442795425653458,0.4519957900047302,0.32571777507662775,0.3365892109274864,0.78314453125,0.2353936767578125,0.7631494140625,0.2327264404296875,56.344263038635255,31.00092101097107,0.00010274999999999999
59500,4.978038945198059,1.4461420822143554,1.6649862492084504,0.2333638232946396,0.47840985655784607,0.3217592269182205,0.44225222572684286,0.7836376953125,0.2212933349609375,0.7124658203125,0.29564208984375,54.47086734771729,38.990106658935545,0.0001025
59550,5.172505230903625,1.5607459396123886,1.6756533038616181,0.2420132514834404,1.2430531978607178,0.29336237091571093,0.35330970056355,0.793564453125,0.19561767578125,0.7553955078125,0.23357421875,85.84056388854981,30.858377027511597,0.00010225
59600,5.251253590583802,1.7186575627326965,1.6958757370710373,0.2295900335907936,0.5277042984962463,0.32662447046488524,0.32840311467647554,0.778037109375,0.2179449462890625,0.768828125,0.2353594970703125,74.46635055541992,33.84134492874146,0.00010200000000000001
59650,5.342539362907409,1.7615600168704986,1.7120592629909515,0.23361501216888428,0.5476351976394653,0.2644143130630255,0.34642176747322084,0.823955078125,0.20430038452148438,0.759521484375,0.2471923828125,56.51281188964844,34.96660297393799,0.00010175
59700,5.3149128961563115,1.817012894153595,1.6246496449410914,0.23415629535913468,0.7085323333740234,0.3222176782414317,0.3405226857960224,0.781259765625,0.19416717529296876,0.76937744140625,0.23051788330078124,92.36106986999512,35.896446475982664,0.00010150000000000001
59750,5.063982067108154,1.5673462271690368,1.602604718208313,0.2367538830637932,0.832830548286438,0.30494585648179057,0.3632181620597839,0.790966796875,0.20938232421875,0.74861328125,0.25354248046875,85.67414428710937,34.66799171447754,0.00010125
59800,5.210896954536438,1.7180232501029968,1.5959370958805084,0.2371170774102211,0.7715531587600708,0.28044207982718944,0.36373426124453545,0.7935693359375,0.1941064453125,0.74288330078125,0.24745849609375,90.87961029052734,32.452322254180906,0.000101
59850,4.910972762107849,1.5987805068492889,1.5109035703539848,0.22516108572483062,0.7397563457489014,0.3311711956560612,0.38178108021616936,0.7720068359375,0.2202398681640625,0.741962890625,0.2678753662109375,63.229887619018555,37.04767032623291,0.00010074999999999998
59900,5.23625871181488,1.74785857796669,1.649012299180031,0.22992348581552505,0.5264331102371216,0.30741302043199537,0.3325431030988693,0.7946923828125,0.2183294677734375,0.7648193359375,0.2281927490234375,69.2366493988037,33.952673778533935,0.00010049999999999999
59950,5.135101561546326,1.6472526597976684,1.7087456667423249,0.22238790661096572,0.6175144910812378,0.30504483975470065,0.3487946306169033,0.7891748046875,0.2163226318359375,0.774560546875,0.24921630859375,72.22370586395263,35.45321250915527,0.00010025
60000,4.809550986289978,1.6161751210689546,1.4327655237913133,0.22007629424333572,0.6132225394248962,0.36393917351961136,0.36044327169656754,0.7476904296875,0.24873382568359376,0.737607421875,0.237890625,58.59433151245117,36.773756942749024,0.0001
60050,4.985012531280518,1.6095573389530182,1.559415819644928,0.22700492352247237,0.5600541830062866,0.3304668157547712,0.35238666452467443,0.7624169921875,0.2275244140625,0.754169921875,0.23853759765625,62.11879783630371,33.01203653335571,9.975000000000001e-05
60100,4.798690719604492,1.558026272058487,1.504242889881134,0.21705270200967788,0.7283968925476074,0.3453274776041508,0.3699393607676029,0.754658203125,0.2402960205078125,0.75328125,0.26038330078125,60.10112106323242,32.14227268218994,9.950000000000002e-05
60150,5.041420593261718,1.5936042273044586,1.5797973066568374,0.23350238144397736,0.8430488109588623,0.3285326385498047,0.3391093744337559,0.7865283203125,0.23025421142578126,0.7575732421875,0.235740966796875,61.0317887878418,33.287607173919675,9.925e-05
60200,4.9220458602905275,1.6053189206123353,1.4213345550000667,0.23692405104637146,0.7491699457168579,0.3720809492468834,0.3286462037265301,0.7547900390625,0.24241943359375,0.771669921875,0.2367364501953125,58.47322078704834,35.25825727462769,9.900000000000001e-05
60250,5.257346477508545,1.7235619449615478,1.590201141834259,0.24294791787862777,0.5190039873123169,0.3157162331789732,0.34800266459584234,0.7751416015625,0.22020477294921875,0.7482666015625,0.24109619140625,69.37276756286622,35.186276817321776,9.875000000000002e-05
60300,5.068368463516236,1.5318239295482636,1.619658544063568,0.2396107479929924,0.509231686592102,0.32423095166683197,0.4596107770502567,0.781025390625,0.21982757568359376,0.70751708984375,0.27464752197265624,84.53136077880859,38.88904365539551,9.850000000000001e-05
60350,5.223371005058288,1.4504507541656495,1.9271849238872527,0.23071691691875457,0.6138635277748108,0.2958792114257813,0.423922678232193,0.79833984375,0.19082366943359375,0.71787841796875,0.2863043212890625,64.31841033935547,31.649600763320922,9.825e-05
60400,4.986053137779236,1.5855040442943573,1.5828998219966888,0.22720616191625595,0.5753107070922852,0.3237035430967808,0.33297487437725065,0.7847509765625,0.2276173400878906,0.7682177734375,0.242423095703125,54.50117244720459,32.58604307174683,9.8e-05
60450,5.092240862846374,1.6929127097129821,1.4465205162763595,0.2441009548306465,0.4994886517524719,0.3048004012554884,0.3538443377614021,0.80185546875,0.21515106201171874,0.7499853515625,0.239884033203125,62.09901481628418,34.20962934494018,9.775e-05
60500,5.020590252876282,1.6281903064250947,1.5701305490732194,0.22778367191553117,0.8801263570785522,0.31524856708943844,0.32556375555694106,0.78042236328125,0.2094927978515625,0.7690625,0.2311669921875,100.22353088378907,30.119998359680174,9.750000000000001e-05
60550,4.938714618682861,1.5432332029938698,1.5626212644577027,0.22910751819610595,0.4769255816936493,0.3308744966238737,0.40373376503586766,0.784453125,0.2212615966796875,0.72798828125,0.2619561767578125,57.58433952331543,35.65099700927735,9.724999999999999e-05
60600,5.307549591064453,1.8061371111869813,1.5981639450788498,0.23790606558322908,0.5860147476196289,0.2855193077027798,0.3083806467056274,0.7947607421875,0.1990667724609375,0.7835595703125,0.2215679931640625,62.62863143920899,31.367587547302247,9.7e-05
60650,4.875968194007873,1.530835549235344,1.557158569097519,0.22349676251411438,0.6705808639526367,0.3335084828734398,0.39401795774698256,0.76916748046875,0.22960052490234376,0.7392431640625,0.26501708984375,71.41780307769776,35.82948908513906,9.675000000000001e-05
60700,4.726741123199463,1.4595429047942161,1.4328725051879883,0.22929070860147477,0.5396925210952759,0.2773857156187296,0.4271550100296736,0.8098193359375,0.21037933349609375,0.72373291015625,0.28794189453125,53.365349006652835,37.23988801956177,9.650000000000001e-05
60750,5.309967384338379,1.7503133499622345,1.6946152138710022,0.2331298577785492,0.48296117782592773,0.3200816181302071,0.3219666576385498,0.7730908203125,0.2136279296875,0.7796484375,0.230628662109375,64.5518585205078,33.507299156188964,9.625e-05
60800,5.033077845573425,1.5779747849702834,1.5636985337734222,0.23642556726932526,0.5748091340065002,0.33397072449326515,0.35754949077963827,0.76275390625,0.21582565307617188,0.7518798828125,0.248565673828125,64.36567039489746,33.76987440109253,9.6e-05
60850,5.040847601890564,1.6740087562799453,1.500078227519989,0.23334508150815964,0.47276875376701355,0.3097102102637291,0.3187539077550173,0.7906298828125,0.22751495361328125,0.7584375,0.21701904296875,55.25290840148926,31.264846534729003,9.575000000000001e-05
60900,5.508825216293335,1.715570815205574,1.85625816822052,0.2421245387196541,0.6130361557006836,0.2834534253552556,0.39483116939663887,0.796943359375,0.19064064025878907,0.743232421875,0.26332366943359375,67.89853233337402,35.5855792427063,9.550000000000002e-05
60950,4.994127607345581,1.6740743559598923,1.4711844193935395,0.23110860973596573,0.6679866313934326,0.3261262555420399,0.3302531561255455,0.77613037109375,0.225184326171875,0.7695166015625,0.23581298828125,57.848082008361814,30.825036182403565,9.525e-05
61000,4.799609394073486,1.4771611535549163,1.4725373804569244,0.2312388563156128,0.4686320424079895,0.3155440500192344,0.36975792579352856,0.7835791015625,0.20972412109375,0.7431591796875,0.2556640625,54.04777694702148,35.246068754196166,9.5e-05
61050,4.896119327545166,1.6191541343927383,1.4434378707408906,0.2291909146308899,0.557349681854248,0.3322048638015985,0.34498977214097976,0.781708984375,0.23936004638671876,0.75511962890625,0.23349365234375,61.253171310424804,31.53794460296631,9.475e-05
61100,5.033199110031128,1.6436872673034668,1.5937606328725815,0.22446890234947203,0.5496551990509033,0.3875495719909668,0.3457716017961502,0.73561767578125,0.23536773681640624,0.7541796875,0.25151123046875,76.71482711791992,37.95472213745117,9.45e-05
61150,5.209800338745117,1.6593903493881226,1.6465000665187837,0.2379887419939041,0.6669846177101135,0.3190434490144253,0.3381956641376018,0.7827294921875,0.21897705078125,0.76441650390625,0.23889404296875,95.46566360473633,35.399171323776244,9.425e-05
61200,5.000767407417297,1.6689648735523224,1.5412421536445617,0.2238200467824936,0.7438375949859619,0.3547201306372881,0.3629642316699028,0.7647900390625,0.2447486114501953,0.7561181640625,0.24773681640625,49.896926918029784,38.348157787323,9.4e-05
61250,5.469771242141723,1.7766370975971222,1.7530603259801865,0.24250922799110414,0.8752164244651794,0.2628540324419737,0.36376464083790777,0.8219970703125,0.19424835205078125,0.745703125,0.249381103515625,63.42386199951172,38.76691064834595,9.375e-05
61300,5.2156524753570555,1.6830689907073975,1.6312491476535798,0.23766679495573043,0.8125609159469604,0.3240141811966896,0.3302562539279461,0.766240234375,0.20132308959960937,0.7737451171875,0.237952880859375,82.09103981018066,34.97551017761231,9.350000000000001e-05
61350,5.198625378608703,1.7460406136512756,1.5783545172214508,0.23427878230810165,0.7167333364486694,0.27483364939689636,0.32318861931562426,0.810263671875,0.19893341064453124,0.76623046875,0.228555908203125,64.44624801635742,30.81104398727417,9.325000000000002e-05
61400,5.058091130256653,1.4892472171783446,1.7532011258602143,0.22695534646511079,0.6035097241401672,0.2970091561973095,0.36586491882801053,0.7921044921875,0.20009918212890626,0.7399267578125,0.2481024169921875,76.82902477264405,33.92573621749878,9.3e-05
61450,4.822965188026428,1.3821159243583678,1.6080197930335998,0.22910368382930757,0.55977863073349,0.2807394485920668,0.4029908613860607,0.80191650390625,0.20138137817382812,0.7329541015625,0.264085693359375,59.3452428817749,34.02029453277588,9.275e-05
61500,4.97247323513031,1.5698277270793914,1.5017665046453477,0.2376098731160164,0.6350857019424438,0.3116402269899845,0.3855018164217472,0.794443359375,0.2126139831542969,0.7419091796875,0.2625439453125,59.00977661132813,36.695044116973875,9.250000000000001e-05
61550,5.005105028152466,1.524902629852295,1.6023998886346817,0.23472531378269196,0.7569151520729065,0.2770444818586111,0.3919497388601303,0.8121240234375,0.192132568359375,0.723623046875,0.27305419921875,58.6259033203125,33.161754512786864,9.225000000000002e-05
61600,4.917285017967224,1.6397333180904388,1.5242124152183534,0.21916741222143174,0.5539257526397705,0.3347037556022406,0.33674138873815535,0.76865234375,0.21964019775390625,0.766171875,0.24002716064453125,68.5229077911377,34.597856979370114,9.2e-05
61650,5.384003477096558,1.7599974977970123,1.7712264728546143,0.23159744083881378,0.474964439868927,0.3164439310133457,0.33723024107515814,0.807626953125,0.21884963989257813,0.76908203125,0.2277691650390625,61.73241523742676,37.8338702583313,9.175000000000001e-05
61700,5.049965744018555,1.6023533535003662,1.60211232483387,0.2306875079870224,0.5181106328964233,0.3511637477576733,0.3644878003001213,0.76549560546875,0.217293701171875,0.74853515625,0.2445294189453125,89.7631029510498,36.478238868713376,9.15e-05
61750,5.045879936218261,1.7090322399139404,1.4796789610385894,0.23214608669281006,0.922186017036438,0.32930931001901625,0.3638609382510185,0.767724609375,0.23413528442382814,0.7509814453125,0.2561328125,65.33852432250977,34.74295324325561,9.125000000000001e-05
61800,5.230704555511474,1.7307964527606965,1.7108457589149475,0.223632795214653,0.6665169596672058,0.354879095479846,0.3408642534911632,0.7564404296875,0.242340087890625,0.7568017578125,0.2328179931640625,60.62031379699707,37.345143508911136,9.1e-05
61850,5.111626977920532,1.5922212159633637,1.6404193019866944,0.23487330675125123,0.4381183087825775,0.33005144976079465,0.36247015073895456,0.7862890625,0.2288092041015625,0.756634521484375,0.238865966796875,56.045869522094726,35.01889415740967,9.075e-05
61900,5.2486460447311405,1.5998005211353301,1.699883058667183,0.24362031280994415,0.4293728470802307,0.3069991147518158,0.374191535115242,0.7857080078125,0.20139373779296876,0.75283203125,0.267535400390625,69.31838851928711,36.14800115585327,9.05e-05
61950,4.91525776386261,1.6872706282138825,1.4304936295747757,0.22468668907880784,0.6033259630203247,0.3182701107859611,0.32538561038672925,0.780029296875,0.222694091796875,0.767998046875,0.226248779296875,71.89216594696045,30.88215394973755,9.025000000000001e-05
62000,5.274242839813232,1.678421870470047,1.665668991804123,0.2412689957022667,0.6115023493766785,0.34495969995856285,0.3383738249540329,0.76579345703125,0.22952392578125,0.77224609375,0.2356634521484375,61.52478080749512,36.07996545791626,8.999999999999999e-05
62050,5.143704476356507,1.692888058423996,1.5969057101011277,0.2317388379573822,0.4723069667816162,0.31884506464004514,0.33580577492713926,0.776640625,0.226480712890625,0.7560888671875,0.2337908935546875,56.6748616027832,31.98562475204468,8.975e-05
62100,5.022977256774903,1.5551293742656709,1.6138004207611083,0.23175593256950378,0.6139715909957886,0.3070628710836172,0.2962529831379652,0.7904150390625,0.21129241943359375,0.7831591796875,0.2130084228515625,64.94248313903809,31.912919778823852,8.950000000000001e-05
62150,5.050024423599243,1.637290591597557,1.4985584944486618,0.23927192389965057,0.5917050838470459,0.3164443589001894,0.35838481426239016,0.78044921875,0.2172979736328125,0.754921875,0.2497186279296875,54.490786476135256,36.52881925582886,8.925000000000001e-05
62200,5.125494475364685,1.6030392760038377,1.6240662503242493,0.23729862302541732,0.5488130450248718,0.319775775372982,0.33279974937438966,0.770986328125,0.21749237060546875,0.7632373046875,0.220103759765625,63.48429569244385,33.68611053466797,8.9e-05
62250,5.094456691741943,1.603084466457367,1.5554032552242278,0.24199612230062484,0.4139499366283417,0.2877888558804989,0.3539376927912235,0.78923828125,0.2026800537109375,0.751044921875,0.2484912109375,63.43733940124512,31.868750438690185,8.875e-05
62300,4.85980836391449,1.5274741160869598,1.5458807516098023,0.22330669164657593,0.7828648686408997,0.2983702562749386,0.3578947418928146,0.7926025390625,0.220435791015625,0.75520263671875,0.258934326171875,61.11222984313965,32.20471733093262,8.850000000000001e-05
62350,5.087058410644532,1.6451905536651612,1.6066422933340072,0.22940319299697876,0.4679385721683502,0.33839463457465174,0.32240404456853866,0.77358154296875,0.2287396240234375,0.7714306640625,0.230181884765625,63.21891098022461,33.73929445266724,8.825e-05
62400,5.090014381408691,1.6696484190225602,1.508564054965973,0.23897524058818817,0.6268556714057922,0.3435720796138048,0.3863331161439419,0.7568701171875,0.23112548828125,0.74498046875,0.2554193115234375,63.10415607452393,37.89650953292847,8.8e-05
62450,5.310121202468872,1.7399075877666474,1.6045206344127656,0.2457116150856018,0.537533164024353,0.28872368708252905,0.3871726126968861,0.8087109375,0.2119659423828125,0.73689453125,0.259189453125,57.699559707641605,39.157348527908326,8.775e-05
62500,4.739549198150635,1.4012102842330934,1.564548797905445,0.2217237639427185,0.5441399812698364,0.36744940996170045,0.38171095699071883,0.74913818359375,0.22943115234375,0.739169921875,0.247567138671875,57.28366333007813,39.49290555953979,8.75e-05
62550,5.041183652877808,1.530374277830124,1.612623269557953,0.23727326422929765,0.6348005533218384,0.2975318107008934,0.3044442042708397,0.7894873046875,0.2109442138671875,0.79183837890625,0.2182489013671875,60.0950360200843,32.207375621795656,8.725e-05
62600,5.219516801834106,1.8654493367671967,1.426521861553192,0.24094320565462113,0.7759822607040405,0.39162378281354904,0.29202894926071166,0.7475,0.2560992431640625,0.786123046875,0.208685302734375,57.91441463470459,33.3188956451416,8.700000000000001e-05
62650,4.872256088256836,1.5438186383247376,1.5035994148254395,0.22810475409030914,0.6998406648635864,0.323929593116045,0.33584476880729197,0.7749169921875,0.22412872314453125,0.771640625,0.24072265625,60.44125770568848,34.085813732147216,8.675e-05
62700,4.8867987489700315,1.624793884754181,1.446578062772751,0.22692835122346877,0.7362529039382935,0.31879719339311124,0.37770208895206453,0.7800390625,0.2138177490234375,0.74273193359375,0.2502490234375,53.192944107055666,34.28840503692627,8.65e-05
62750,5.171667928695679,1.5957070535421372,1.611291915178299,0.24558361619710922,0.5321768522262573,0.3477850951999426,0.38236483857035636,0.7788037109375,0.23321746826171874,0.7321728515625,0.256502685546875,69.21292301177978,37.22186802844612,8.625000000000001e-05
62800,5.188677892684937,1.6980343341827393,1.6762490332126618,0.22679931640625,0.6709923148155212,0.32220005951821806,0.3189490039646625,0.78443359375,0.21893310546875,0.767109375,0.233515625,83.7933724975586,31.321896438598632,8.600000000000002e-05
62850,5.0767206192016605,1.4981972151994705,1.6509700584411622,0.24094416379928588,0.647592306137085,0.33567439652979375,0.42766833677887917,0.77876953125,0.23037689208984374,0.71392822265625,0.2738153076171875,53.37374160766601,40.96895095825195,8.575e-05
62900,5.174452495574951,1.5752193057537078,1.7480901277065277,0.23139288127422333,0.5500023365020752,0.30622226014733317,0.3444447973370552,0.790751953125,0.2012689208984375,0.7546240234375,0.2501513671875,61.27779895782471,36.798431396484375,8.55e-05
62950,4.95343291759491,1.4628555226325988,1.6210769593715668,0.23368755787611006,0.5474416017532349,0.32678280837833884,0.37097829788923264,0.7656396484375,0.20902252197265625,0.7485205078125,0.269337158203125,75.48846389770507,35.63928304672241,8.525000000000001e-05
63000,5.023878722190857,1.621197431087494,1.5585774540901185,0.2305129823088646,0.5202584266662598,0.3108774524927139,0.3574954231083393,0.78337890625,0.225064697265625,0.744443359375,0.2439208984375,68.58675441741943,35.38212930679321,8.500000000000002e-05
63050,5.408093247413635,1.7234857749938965,1.6892584085464477,0.24941862851381302,0.5219313502311707,0.3335110007971525,0.3591990439593792,0.7721923828125,0.224986572265625,0.75794921875,0.244261474609375,57.14005615234375,36.75068845748901,8.475e-05
63100,4.981212649345398,1.5931666266918183,1.5395315343141556,0.23106431663036348,0.8668071627616882,0.3864879208803177,0.35246353179216383,0.766513671875,0.2574317932128906,0.7478662109375,0.246893310546875,54.35903663635254,38.17124935072295,8.450000000000001e-05
63150,5.093187289237976,1.73201815366745,1.4311300683021546,0.24125487923622133,0.7280693054199219,0.32601431854069235,0.3535946133732796,0.77720703125,0.22132171630859376,0.7539990234375,0.234073486328125,55.74722900390625,35.271027393341065,8.425e-05
63200,5.069963283538819,1.54996772646904,1.6008916628360748,0.23988798946142198,0.5628446340560913,0.31931870818138125,0.37995881371200085,0.7809130859375,0.2164752197265625,0.7433544921875,0.2657666015625,52.12040786743164,35.42710657119751,8.400000000000001e-05
63250,5.3376910638809205,1.6260964977741241,1.7911110931634904,0.24006043165922164,0.4434148669242859,0.27836017284542325,0.37834749951958657,0.8024072265625,0.18656768798828124,0.7360205078125,0.2521142578125,52.873000831604,33.094480228424075,8.374999999999999e-05
63300,5.206479153633118,1.601273810863495,1.7206240725517272,0.23557266116142273,0.47164851427078247,0.2712071530520916,0.3503350829333067,0.8089208984375,0.19421806335449218,0.7642431640625,0.2410272216796875,54.70229457855225,30.98329860687256,8.35e-05
63350,5.27244487285614,1.7172773575782776,1.6055596154928207,0.24370098680257798,0.5505876541137695,0.30439263008534906,0.3306279891729355,0.80802490234375,0.19580108642578126,0.7637451171875,0.2406109619140625,54.8637650680542,34.60638004302979,8.325e-05
63400,5.039481854438781,1.6330794501304626,1.5910666954517365,0.22691696405410766,1.0361413955688477,0.36095291808247565,0.3787148663401604,0.77116455078125,0.22872650146484375,0.7367578125,0.262867431640625,56.5584135055542,42.100258865356444,8.300000000000001e-05
63450,5.01355212688446,1.4838822650909425,1.6870927810668945,0.23032213628292084,0.6032492518424988,0.29254008393734693,0.3758871991932392,0.7981494140625,0.2074896240234375,0.725390625,0.263321533203125,67.77272827148437,33.94150035858154,8.274999999999999e-05
63500,5.237755651473999,1.626029349565506,1.6642078399658202,0.24343980789184572,0.5275781750679016,0.332648633942008,0.3677624052762985,0.7768798828125,0.204205322265625,0.7567919921875,0.25436279296875,64.84695053100586,37.44551312446594,8.25e-05
63550,5.307405123710632,1.754325800538063,1.635774303674698,0.23966312557458877,0.7119882106781006,0.316710593290627,0.39708277478814125,0.7707666015625,0.2183758544921875,0.73175048828125,0.2639324951171875,81.92024642944335,38.689489097595214,8.225000000000001e-05
63600,5.090775470733643,1.6081531810760499,1.584911848306656,0.23721380770206452,0.8990049362182617,0.3139615684747696,0.3571451616287231,0.78876953125,0.2267327880859375,0.75421875,0.2471734619140625,77.1379473876953,35.545829372406004,8.200000000000001e-05
63650,5.876073942184449,1.9051959025859833,1.9462493145465851,0.25307859063148497,0.5245174169540405,0.27835475869476795,0.3017685022950172,0.8137939453125,0.1899884033203125,0.789677734375,0.215322265625,65.66471389770508,33.79614804267883,8.175e-05
63700,5.401491231918335,1.8227281832695008,1.6735315477848054,0.23815393716096878,0.5817763209342957,0.33859881371259687,0.3189654516428709,0.77260986328125,0.218515625,0.78068359375,0.217232666015625,76.92074462890625,34.82855241775513,8.15e-05
63750,4.990968580245972,1.5324705415964126,1.573418972492218,0.23563488215208053,0.6021677255630493,0.31381163135170936,0.40031579494476316,0.77912109375,0.21369766235351562,0.739365234375,0.259378662109375,78.4727444076538,38.408201446533205,8.125000000000001e-05
63800,5.082648854255677,1.7075747776031494,1.5362967866659165,0.2298471623659134,0.6175733804702759,0.3229074627161026,0.3220170536637306,0.7838916015625,0.2312042236328125,0.76460205078125,0.2195513916015625,56.99172302246094,34.338371772766116,8.1e-05
63850,5.1123225164413455,1.5300326889753342,1.6739301824569701,0.23854495823383332,0.47702527046203613,0.2916163983941078,0.36303196296095847,0.7863525390625,0.20058624267578126,0.762880859375,0.253839111328125,60.44914451599121,37.40262342453003,8.075000000000001e-05
63900,5.165701308250427,1.6709782791137695,1.612125037908554,0.23532474547624588,0.5361067652702332,0.3002548713982105,0.3237439303100109,0.8004638671875,0.21968536376953124,0.7722314453125,0.2305078125,53.77031806945801,33.7205645942688,8.049999999999999e-05
63950,5.032079486846924,1.6481264781951905,1.5791816306114197,0.22559641927480698,0.5035765171051025,0.3282689954340458,0.3367353156208992,0.7689892578125,0.22176300048828124,0.7503857421875,0.235181884765625,67.95216003729372,34.30608413696289,8.025e-05
64000,5.188551125526428,1.6793435549736022,1.6401887667179107,0.23362734586000442,1.1453417539596558,0.33016574632376433,0.38387006357312203,0.7834375,0.22645233154296876,0.7408154296875,0.27006378173828127,55.5336803817749,35.398356952667235,8e-05
64050,5.16239230632782,1.6198108398914337,1.6627756226062775,0.23497573226690294,0.547264575958252,0.3367367124557495,0.3302041843533516,0.76490234375,0.222957763671875,0.7641162109375,0.2389569091796875,64.44157356262207,36.52311758041382,7.975000000000001e-05
64100,5.334261183738708,1.711265012025833,1.7525807070732116,0.23380192816257478,0.5399956703186035,0.27112238347530365,0.33051062256097796,0.8039453125,0.190966796875,0.7609130859375,0.2302911376953125,60.907377548217774,27.853319110870363,7.95e-05
64150,5.28548502445221,1.7610281991958618,1.5518606239557267,0.24657452166080474,0.6339840292930603,0.3204428377747536,0.287266743183136,0.7836865234375,0.227274169921875,0.7915478515625,0.2084039306640625,65.94572788238526,35.01753671646118,7.925e-05
64200,5.155012083053589,1.5224616527557373,1.7281136912107469,0.2380545926094055,0.6400594711303711,0.3317202268540859,0.408960143327713,0.7808349609375,0.21500885009765625,0.721748046875,0.2697637939453125,50.52989345550537,42.52881910324097,7.900000000000001e-05
64250,5.104074687957763,1.644373332262039,1.5576823741197585,0.23775236785411835,0.6302489042282104,0.3130002231150866,0.35886426508426666,0.77619140625,0.21717529296875,0.7551904296875,0.2583154296875,55.378639488220216,37.82322343826294,7.875000000000002e-05
64300,5.2663205623626705,1.7844459915161133,1.6139127612113953,0.23349522471427916,0.5272483825683594,0.3410875491797924,0.31508337616920473,0.76468505859375,0.2312347412109375,0.7745556640625,0.22587646484375,55.79082149505615,37.18182276725769,7.85e-05
64350,5.068440642356872,1.560343005657196,1.6150290322303773,0.23663357496261597,0.6877670288085938,0.3223504626005888,0.42201798528432843,0.7775732421875,0.2213604736328125,0.7268017578125,0.2821875,63.06145301818847,36.5577685546875,7.825e-05
64400,4.962406334877014,1.7054840922355652,1.392884348630905,0.23300473719835282,0.6568083167076111,0.2880484576523304,0.34485404938459396,0.80216796875,0.2135931396484375,0.750361328125,0.238453369140625,47.05207889556885,33.38072742462158,7.800000000000001e-05
64450,5.290068526268005,1.7372115314006806,1.6338523483276368,0.23987557470798493,0.7060118913650513,0.33004276353865863,0.3087278653681278,0.7528759765625,0.2169805908203125,0.7786572265625,0.2312744140625,60.02030029296875,29.51810401916504,7.775e-05
64500,5.07998140335083,1.627728102207184,1.5323988366127015,0.2399818080663681,0.7714729309082031,0.27892264299094677,0.3325633078813553,0.8076708984375,0.21095458984375,0.76619140625,0.237410888671875,52.659460639953615,32.47465179443359,7.75e-05
64550,5.318583693504333,1.761626387834549,1.597333151102066,0.24495301514863968,0.8345624208450317,0.3161600948497653,0.39505368933081625,0.8046533203125,0.221153564453125,0.7219287109375,0.25447021484375,54.54530750274658,38.14910339355469,7.725e-05
64600,5.280739808082581,1.6538927495479583,1.65519451379776,0.2464565685391426,1.1210050582885742,0.3474683205410838,0.3757832136750221,0.763154296875,0.20847610473632813,0.7455078125,0.257303466796875,54.155329666137696,40.48287183761597,7.7e-05
64650,4.979590702056885,1.57764333486557,1.5847750514745713,0.22714654058218003,0.4174867272377014,0.36796371832489966,0.3571940878033638,0.7593212890625,0.24433837890625,0.755595703125,0.246798095703125,61.72213443756104,35.47416351318359,7.675000000000001e-05
64700,5.312923488616943,1.645353581905365,1.765262528657913,0.2377884191274643,0.6433078050613403,0.29109517320990563,0.34267676293849947,0.7796484375,0.1951507568359375,0.758701171875,0.2453460693359375,61.027790489196775,34.85138200759888,7.649999999999999e-05
64750,5.165971865653992,1.740679332613945,1.5197610974311828,0.2381914272904396,0.6986730098724365,0.3098327049985528,0.32734572991728783,0.7937109375,0.2193597412109375,0.763837890625,0.2279638671875,61.42723289489746,33.37185613632202,7.625e-05
64800,4.940095324516296,1.5918630516529084,1.4480435472726823,0.2375235876441002,0.47404515743255615,0.3847801522910595,0.3499576371908188,0.7339404296875,0.24650970458984375,0.760419921875,0.2579632568359375,68.7705014038086,39.74583232879639,7.6e-05
64850,4.917415881156922,1.5716042184829713,1.5059535706043243,0.2299822574853897,0.4365735650062561,0.23899003475904465,0.3866138055920601,0.831611328125,0.1947956848144531,0.7292822265625,0.261947021484375,62.63566329956055,36.80306018829346,7.575000000000001e-05
64900,4.963417711257935,1.6178309679031373,1.5125074630975723,0.22913491427898408,0.7851625680923462,0.31069166004657744,0.335484531223774,0.7932080078125,0.214884033203125,0.7683447265625,0.236221923828125,52.537854766845705,35.67436544418335,7.549999999999999e-05
64950,5.51337366104126,1.7317793375253678,1.826550499200821,0.24438048422336578,0.6011124849319458,0.3130494859069586,0.3326866792142391,0.79084228515625,0.20072418212890625,0.767451171875,0.22551025390625,62.11372653961182,36.09407919883728,7.525e-05
65000,5.3525097465515135,1.7443624186515807,1.6953811025619507,0.23909577697515488,0.621921181678772,0.30921410251408815,0.3307025848329067,0.8009423828125,0.1971063232421875,0.76052734375,0.236058349609375,80.13879806518554,37.30622501373291,7.500000000000001e-05
65050,5.044689054489136,1.6717887902259827,1.6150241303443909,0.2197345194220543,0.651435911655426,0.3298729742318392,0.3361866407096386,0.76340087890625,0.20966552734375,0.7668701171875,0.2375146484375,74.4607437133789,38.51796762466431,7.475000000000001e-05
65100,5.249645133018493,1.6372421818971634,1.7310937601327896,0.23516364485025407,0.33758053183555603,0.3331356053054333,0.371485955119133,0.7703759765625,0.22394561767578125,0.7563623046875,0.260277099609375,87.47366264343262,40.84630454316431,7.450000000000001e-05
65150,5.041183233261108,1.7315859013795853,1.4189291596412659,0.2363335147500038,0.6571807861328125,0.3051543599367142,0.33927454859018324,0.7861279296875,0.226605224609375,0.75707763671875,0.230294189453125,59.887800750732424,34.016690006256106,7.425e-05
65200,5.120428113937378,1.8009695029258728,1.425785350203514,0.23670915722846986,0.5576232671737671,0.3598236747086048,0.31893424078822136,0.7458251953125,0.236038818359375,0.775,0.2328179931640625,71.28109634399414,33.95300577163696,7.4e-05
65250,5.238402624130249,1.676371950507164,1.6550894701480865,0.2383676478266716,0.6684044599533081,0.28215908527374267,0.39504035234451296,0.80208984375,0.21127655029296874,0.735986328125,0.260050048828125,74.27815631866456,37.669420623779295,7.375e-05
65300,4.955327839851379,1.537636750936508,1.4805484902858734,0.24214282214641572,0.43223410844802856,0.3340300376713276,0.37292408555746076,0.76330078125,0.22267120361328124,0.75037109375,0.26661865234375,55.36686557769775,36.11402288436889,7.350000000000001e-05
65350,5.523262333869934,1.7580681371688842,1.719266939163208,0.25574090480804446,0.8614218831062317,0.30323243495076896,0.33906115010380744,0.7996728515625,0.2217010498046875,0.751083984375,0.219541015625,58.13666400909424,36.001099548339845,7.324999999999999e-05
65400,5.459065227508545,1.6783441334962845,1.8823328852653503,0.23729852616786956,0.6062725186347961,0.3080223385989666,0.30063489347696304,0.775517578125,0.20038223266601562,0.7921484375,0.227047119140625,69.67956718444825,33.37391389846802,7.3e-05
65450,5.359175791740418,1.8120469987392425,1.5849438881874085,0.24527310758829116,0.5046954154968262,0.3041219667345285,0.3117750281095505,0.795,0.22331100463867187,0.77697265625,0.21812408447265624,66.86253807067871,35.7468850517273,7.275e-05
65500,4.997335042953491,1.765921595096588,1.3384537026286125,0.2366199740767479,0.5863624811172485,0.34410575933754445,0.3100794905424118,0.779248046875,0.22354583740234374,0.7660986328125,0.217193603515625,64.98043132781983,36.62199558258057,7.250000000000001e-05
65550,5.164532098770142,1.6764335805177688,1.5610189390182496,0.2408849450945854,0.5719232559204102,0.3120648704469204,0.31566897422075274,0.786630859375,0.2212799072265625,0.7796533203125,0.22525146484375,48.738927307128904,32.567756786346436,7.225e-05
65600,5.150891437530517,1.6370414173603058,1.6413576650619506,0.2340615427494049,0.6057033538818359,0.34858909383416176,0.36722963735461234,0.7581884765625,0.2357244873046875,0.7456494140625,0.2616497802734375,55.44413898468017,37.225832309722904,7.2e-05
65650,5.071076154708862,1.6796561443805695,1.6126014351844788,0.2223523235321045,0.600206196308136,0.2725112093985081,0.3508187732100487,0.8030224609375,0.20450927734375,0.747373046875,0.245035400390625,52.204426040649416,34.50543622970581,7.175000000000001e-05
65700,5.355944046974182,1.731612697839737,1.6726699328422547,0.24395767867565155,0.6434537172317505,0.3327891463786364,0.3156890128552914,0.7791015625,0.2297882080078125,0.7843408203125,0.23323974609375,60.312218475341794,38.5240016746521,7.150000000000002e-05
65750,5.075069360733032,1.6240200406312943,1.553432514667511,0.23720210611820222,0.5331540107727051,0.3565464462339878,0.34588070124387743,0.7505126953125,0.23164825439453124,0.756240234375,0.243577880859375,59.21068218231201,36.268037719726564,7.125e-05
65800,4.841958513259888,1.5305957674980164,1.5195475804805756,0.2239768972992897,0.6300414800643921,0.33300572462379935,0.42001292034983634,0.7786474609375,0.23207763671875,0.70836669921875,0.2624029541015625,54.356416625976564,42.62060386657715,7.1e-05
65850,5.1559096574783325,1.7371720671653748,1.4775784680247306,0.24264489263296127,0.6780438423156738,0.36419569559395315,0.3099035647511482,0.76056640625,0.2317608642578125,0.7931494140625,0.236866455078125,57.18321636199951,36.7134167098999,7.075e-05
65900,5.004056816101074,1.5592097103595735,1.5653200781345367,0.23494087725877763,0.5414053201675415,0.3156330417096615,0.38643792435526847,0.77240234375,0.2066253662109375,0.72732421875,0.254580078125,65.7530428314209,36.264694118499754,7.05e-05
65950,4.964434432983398,1.6116770040988921,1.5081319743394852,0.2305781811475754,0.5171048641204834,0.31831863030791285,0.3528775791823864,0.7807861328125,0.21885345458984376,0.7531591796875,0.23966156005859374,60.451185913085936,37.50744083404541,7.025e-05
66000,5.2438702917099,1.7051502406597137,1.6343376123905182,0.2380478024482727,0.7104895114898682,0.3281556511670351,0.33711192905902865,0.78091796875,0.2395196533203125,0.7670654296875,0.2370074462890625,69.20158493041993,34.82335826873779,7e-05
66050,4.919966554641723,1.639747643470764,1.4889707005023955,0.22390602320432662,0.5372028946876526,0.327287560030818,0.3792251905798912,0.7591015625,0.21825042724609375,0.74044921875,0.2575091552734375,54.71363845825195,37.292312450408936,6.975e-05
66100,5.359244599342346,1.7728711795806884,1.7232322955131532,0.23289264261722564,0.4310030937194824,0.28408921871334314,0.3473453436791897,0.80558349609375,0.20625885009765624,0.759794921875,0.24698486328125,54.77710006713867,31.963503589630125,6.950000000000001e-05
66150,5.128990807533264,1.7148856830596924,1.5646882605552674,0.23117711126804352,0.6101529598236084,0.34552377462387085,0.3303359308838844,0.76455078125,0.22846099853515625,0.768134765625,0.2313665771484375,55.85096611022949,34.15318120956421,6.924999999999999e-05
66200,5.472968330383301,1.87242595911026,1.7207010221481323,0.23498016923666,0.7094297409057617,0.28210122406482696,0.36367604389786723,0.80451416015625,0.20212493896484374,0.76229736328125,0.247650146484375,63.41345718383789,35.3267091846466,6.9e-05
66250,5.309642686843872,1.7853369212150574,1.6738840556144714,0.23130271285772325,0.4125640392303467,0.3025423526763916,0.30302692860364916,0.7912841796875,0.21635406494140624,0.779228515625,0.214112548828125,73.53146362304688,36.322309761047364,6.875e-05
66300,5.067063770294189,1.5811987680196762,1.573121280670166,0.23909296810626984,0.5254062414169312,0.34681718166917563,0.34903118275105954,0.7553369140625,0.23056961059570313,0.74796875,0.2392864990234375,64.16721611022949,36.865690536499024,6.850000000000001e-05
66350,5.479523501396179,1.829047727584839,1.7619694459438324,0.23606328636407853,0.548790693283081,0.30596625953912737,0.31992228552699087,0.78720703125,0.21616241455078125,0.782080078125,0.237296142578125,55.26476089477539,38.79433124542236,6.825000000000002e-05
66400,5.173441653251648,1.6036302900314332,1.6849672502279283,0.23560551434755325,0.48680296540260315,0.2915872646868229,0.3899364998936653,0.79007080078125,0.1972772216796875,0.739189453125,0.253568115234375,53.452269592285155,39.80611101150512,6.8e-05
66450,5.077141380310058,1.7396096915006638,1.4479296135902404,0.23620026409626008,0.8090448975563049,0.3007433710247278,0.35794183641672134,0.8027734375,0.22054229736328124,0.7566064453125,0.25007568359375,47.35865020751953,35.8703430557251,6.775000000000001e-05
66500,4.857818007469177,1.7138714039325713,1.3970040640234946,0.2183678236603737,0.4028019905090332,0.3525573558360338,0.30766449615359304,0.75065185546875,0.22553955078125,0.780634765625,0.2320379638671875,58.10563327789307,38.95385332107544,6.750000000000001e-05
66550,4.931549701690674,1.7387820637226106,1.3471991991996766,0.23069605171680452,0.6468889117240906,0.3392558281868696,0.3609723570942879,0.773642578125,0.2441839599609375,0.740693359375,0.242685546875,54.88804767608642,38.068709449768065,6.725000000000001e-05
66600,4.827591180801392,1.6135128140449524,1.389903906583786,0.22802180349826812,0.573607861995697,0.3428229531645775,0.3912652589380741,0.7608984375,0.2432275390625,0.7188818359375,0.261007080078125,63.42075881958008,38.057362747192386,6.7e-05
66650,5.069505176544189,1.6959178304672242,1.4668958210945129,0.23833644300699233,0.6183758974075317,0.3186414296925068,0.3572769509255886,0.766259765625,0.21755035400390624,0.755478515625,0.2517401123046875,72.91896331787109,38.29945161819458,6.675e-05
66700,5.153723902702332,1.6989448583126068,1.5631087946891784,0.23645878165960313,0.7776681184768677,0.30306299045681956,0.3549578553438187,0.8018896484375,0.2335888671875,0.74839599609375,0.244735107421875,47.34247859954834,35.94153909683227,6.65e-05
66750,5.531196656227112,1.7100855612754822,1.9305981528759002,0.23631412357091905,0.5742055177688599,0.2406467382237315,0.36892385497689245,0.8320947265625,0.1676055908203125,0.7352001953125,0.2456982421875,77.76214653015137,36.359936962127684,6.625000000000001e-05
66800,4.966948595046997,1.6094804584980011,1.494484494328499,0.23287295758724214,0.5872806310653687,0.33632432349026203,0.35699971079826354,0.7783740234375,0.2161993408203125,0.7557568359375,0.24955078125,72.55405742645263,42.029741821289065,6.599999999999999e-05
66850,5.53059730052948,1.558545060157776,1.975032591819763,0.24962745755910873,0.6135914921760559,0.29326869376003745,0.34399003252387045,0.7894189453125,0.19017608642578124,0.7697998046875,0.252095947265625,65.63611587524414,34.45401010513306,6.575e-05
66900,5.301041097640991,1.7104009759426118,1.6684941470623016,0.2402682414650917,0.5970795154571533,0.2818780422210693,0.3431928971409798,0.80072265625,0.18290725708007813,0.7668701171875,0.2450994873046875,78.8436376953125,36.5175136756897,6.55e-05
66950,5.1818313312530515,1.5970214307308197,1.6761907756328582,0.23857738971710205,0.7148385047912598,0.3180212990194559,0.380766866505146,0.7761181640625,0.22132537841796876,0.72771240234375,0.2535845947265625,58.37274879455566,39.05982368469238,6.525000000000001e-05
67000,4.985536332130432,1.658550500869751,1.5209011578559875,0.22576058357954026,0.7459937930107117,0.30273220092058184,0.33808930903673173,0.7903759765625,0.226136474609375,0.7602880859375,0.246666259765625,45.1135436630249,33.91344476699829,6.5e-05
67050,5.533015699386596,1.8023438382148742,1.7797695302963257,0.24386279076337813,0.6973006725311279,0.24859302632510663,0.350465926527977,0.8315625,0.18829315185546874,0.7555126953125,0.24324951171875,52.92115852355957,35.54643196105957,6.475e-05
67100,5.072924861907959,1.6114564108848572,1.6029107105731963,0.23231971740722657,0.4652503728866577,0.32500255446881054,0.37871318235993384,0.778525390625,0.20562255859375,0.7376123046875,0.25896484375,59.825166854858395,36.64215326309204,6.450000000000001e-05
67150,5.145755453109741,1.6441878867149353,1.5659496080875397,0.2419522461295128,0.5717897415161133,0.3797244973480701,0.3444308066368103,0.732294921875,0.2419354248046875,0.7629638671875,0.249725341796875,56.91228137969971,39.34041343688965,6.425000000000002e-05
67200,5.054004406929016,1.6376811802387237,1.570329339504242,0.23074924170970917,0.6731648445129395,0.31309257850050926,0.3747603343427181,0.776806640625,0.240234375,0.731484375,0.247833251953125,50.39528663635254,34.510354919433595,6.4e-05
67250,4.952892112731933,1.7253360307216645,1.4373180985450744,0.22377974808216095,0.5650737881660461,0.36299416348338126,0.35406635254621505,0.74892578125,0.256251220703125,0.7632763671875,0.248173828125,55.459558753967286,37.97739322662353,6.375e-05
67300,5.453615694046021,1.7911399936676025,1.6674901109933853,0.24937319219112397,0.5213528871536255,0.33951600812375543,0.2914189793169498,0.77022216796875,0.2269976806640625,0.7959912109375,0.21928466796875,65.86542373657227,34.273025321960446,6.35e-05
67350,5.1584353399276734,1.7292662692070007,1.536898012161255,0.23653388500213623,0.6509791612625122,0.3024817085266113,0.3744019562005997,0.7899365234375,0.22272186279296874,0.736826171875,0.248323974609375,58.77521457672119,37.86361255645752,6.325e-05
67400,5.07444607257843,1.564193526506424,1.608337504863739,0.23773937851190566,0.6815640926361084,0.3308886491507292,0.3344586385786533,0.7629052734375,0.2234814453125,0.758603515625,0.235355224609375,58.85685371398926,34.407221689224244,6.299999999999999e-05
67450,5.370035338401794,1.7407070815563201,1.625661670565605,0.2504583290219307,0.5097856521606445,0.2925846210867167,0.393735191822052,0.7947705078125,0.20911468505859376,0.7333203125,0.26178466796875,61.446172637939455,32.858788299560544,6.275e-05
67500,4.790282635688782,1.6144336688518524,1.404403020143509,0.2214307451248169,0.6667885780334473,0.31984928637743,0.3610829122364521,0.7698193359375,0.22589813232421874,0.7494091796875,0.255164794921875,46.43546630859375,31.44219736099243,6.25e-05
67550,5.069928874969483,1.5691103494167329,1.6275174164772033,0.23416263669729231,0.6041491031646729,0.2980276806652546,0.3473248289525509,0.78455322265625,0.2042889404296875,0.755849609375,0.248807373046875,49.96387760162354,33.66061943054199,6.225000000000001e-05
67600,5.029403967857361,1.740005635023117,1.4285221308469773,0.232609521150589,0.5677586793899536,0.34310987547039984,0.3198838203400374,0.765166015625,0.2380242919921875,0.7670556640625,0.2323626708984375,60.38239864349365,35.28420648574829,6.200000000000002e-05
67650,5.173417410850525,1.6873620682954789,1.520929218828678,0.245640766620636,0.5899426937103271,0.33047899723052976,0.363256264179945,0.784345703125,0.22498291015625,0.7457080078125,0.246641845703125,52.98062282562256,37.21467535018921,6.175e-05
67700,5.134076766967773,1.6341450053453446,1.5403089332580566,0.24495285212993623,0.6024801731109619,0.31529642701148985,0.38379937000572684,0.7853173828125,0.21412353515625,0.74266845703125,0.251385498046875,67.97746795654297,36.637112598419186,6.15e-05
67750,5.172924642562866,1.5474023151397704,1.674683200120926,0.2438548883795738,0.43973806500434875,0.2917467840760946,0.3545618423819542,0.7879150390625,0.20108566284179688,0.7546484375,0.2594970703125,56.922025756835936,34.39293392181396,6.125000000000001e-05
67800,5.370466084480285,1.8230826759338379,1.5834769916534424,0.24548830315470696,0.5043729543685913,0.2734200999327004,0.33712913960218427,0.810830078125,0.19552474975585937,0.75478515625,0.230582275390625,57.586310958862306,33.573483066558836,6.100000000000001e-05
67850,4.99613621711731,1.7444691812992097,1.4265168237686157,0.2281437799334526,0.6119700074195862,0.27112367801368237,0.3432009565830231,0.814521484375,0.20490081787109374,0.75826171875,0.2409503173828125,48.21663970947266,32.17180362701416,6.074999999999999e-05
67900,5.087183179855347,1.639434220790863,1.5172074580192565,0.24131768941879272,0.6129699945449829,0.3176112750172615,0.3348646767437458,0.783603515625,0.21118209838867188,0.76862060546875,0.2377056884765625,54.76170719146729,37.03062149047852,6.05e-05
67950,4.989421124458313,1.5331370198726655,1.5388261795043945,0.23968223243951797,0.5073580741882324,0.33839884389191865,0.3400726595520973,0.759013671875,0.22820281982421875,0.77029296875,0.250355224609375,56.96841236036651,34.181155319213865,6.025000000000001e-05
68000,5.328165926933289,1.848981317281723,1.5002788650989531,0.24736321806907655,0.7205115556716919,0.33162699803709983,0.3037406639754772,0.77294921875,0.2346075439453125,0.78607421875,0.219013671875,64.16918144226074,35.96580015182495,6.0000000000000015e-05
68050,5.493175668716431,1.848202885389328,1.6673381197452546,0.24720432877540588,0.5765328407287598,0.3085370920598507,0.32901957370340823,0.79951171875,0.22449859619140625,0.75236328125,0.2230029296875,58.37088600158691,35.2821298789978,5.9749999999999995e-05
68100,5.507795147895813,1.7167706859111787,1.7675817894935608,0.2529303339123726,0.49757710099220276,0.34438276089727876,0.3553598816692829,0.76413330078125,0.218731689453125,0.7550830078125,0.23943603515625,71.78750480651856,38.64071987152099,5.95e-05
68150,4.966850261688233,1.5370821690559386,1.595797660946846,0.22924630641937255,0.43774259090423584,0.3287615616619587,0.4120633055269718,0.7651171875,0.21853622436523437,0.722421875,0.280521240234375,68.62820037841797,40.623300876617435,5.9250000000000004e-05
68200,5.020857219696045,1.6200336885452271,1.5674728655815124,0.22916883319616319,0.6338800191879272,0.3510550180077553,0.3232807943224907,0.769521484375,0.251739501953125,0.7739697265625,0.240733642578125,56.236035385131835,34.224326362609865,5.900000000000001e-05
68250,5.333494729995728,1.6555731904506683,1.7234343820810318,0.2443108978867531,0.7858404517173767,0.3003647067025304,0.3675974455475807,0.7890673828125,0.206571044921875,0.74638671875,0.25557861328125,57.1156464767456,39.85339416503906,5.874999999999999e-05
68300,5.238017191886902,1.6985099214315413,1.5876355385780334,0.24398397147655487,0.5857113003730774,0.335983062684536,0.3259094752371311,0.745751953125,0.2159735107421875,0.7659521484375,0.230224609375,67.18841499328613,34.267591857910155,5.85e-05
68350,5.595637474060059,1.8457946109771728,1.7461913907527924,0.2504564309120178,0.7033013105392456,0.25903024680912495,0.3077407570183277,0.8217431640625,0.200062255859375,0.7754150390625,0.219541015625,77.89713539123535,31.452024822235106,5.8250000000000006e-05
68400,5.229599151611328,1.6983052432537078,1.6714767003059388,0.2324771475791931,0.9893893599510193,0.31463523641228675,0.3773122908174992,0.7616943359375,0.209041748046875,0.74680419921875,0.258670654296875,68.99631839752197,32.15756273269653,5.800000000000001e-05
68450,5.040400319099426,1.6124574810266494,1.5192722994089127,0.2385838195681572,0.5775550603866577,0.2742571163922548,0.36997861668467524,0.8138232421875,0.2143017578125,0.7426806640625,0.251168212890625,49.60847339630127,34.371080284118655,5.7749999999999994e-05
68500,5.258847017288208,1.6611944591999055,1.6866314101219178,0.23887764573097228,0.5771632194519043,0.279723633825779,0.35870365276932714,0.8088720703125,0.204141845703125,0.7414697265625,0.249439697265625,49.7361555480957,33.32210250854492,5.7499999999999995e-05
68550,5.287107882499694,1.722972424030304,1.6435002207756042,0.24007940411567688,0.5627927780151367,0.29810017384588716,0.3062926307320595,0.78837890625,0.2069024658203125,0.774970703125,0.22345458984375,60.927033004760744,33.137993297576905,5.725e-05
68600,5.370364375114441,1.6050924742221833,1.7575491631031037,0.2509653341770172,0.647945761680603,0.2901028113439679,0.37946458756923673,0.8063134765625,0.2042822265625,0.741767578125,0.26712646484375,58.562442245483396,39.20899536132813,5.700000000000001e-05
68650,5.483432459831238,1.7901439881324768,1.7893761777877808,0.23798903137445448,0.6684474945068359,0.32122772946953776,0.2929658141732216,0.77788330078125,0.21539794921875,0.780986328125,0.2153173828125,61.82629524230957,32.927623710632325,5.674999999999999e-05
68700,5.666753520965576,1.8224683344364165,1.843663183450699,0.25007775098085405,0.7092713713645935,0.2718420997262001,0.3138770779967308,0.814794921875,0.19193344116210936,0.77974609375,0.2209619140625,72.59169219970703,37.80048412322998,5.65e-05
68750,5.294995822906494,1.6004395031929015,1.719404661655426,0.24689396053552629,0.731035590171814,0.3332955389469862,0.38901823133230207,0.7615478515625,0.21811248779296874,0.73946044921875,0.2583837890625,66.5641983795166,40.608081092834475,5.6250000000000005e-05
68800,5.332761459350586,1.7389962542057038,1.6090258836746216,0.2480924168229103,0.8196156024932861,0.2858542874455452,0.32115987204015256,0.791591796875,0.20335693359375,0.7745263671875,0.23487548828125,48.92640544891358,33.61496820449829,5.6000000000000006e-05
68850,5.449702773094177,1.7302142775058746,1.7101836168766023,0.251163105070591,0.470990389585495,0.30135646417737005,0.35420345664024355,0.7807373046875,0.21926300048828126,0.746962890625,0.2511444091796875,54.465717506408694,36.738475189208984,5.5750000000000013e-05
68900,5.310788416862488,1.797990061044693,1.5554289156198502,0.24467117577791214,0.8437954783439636,0.31365931175649164,0.3203320521116257,0.7890673828125,0.2192303466796875,0.7647216796875,0.22653076171875,54.691723403930666,33.88426927566528,5.5499999999999994e-05
68950,5.137037534713745,1.6047896045446395,1.6206941616535187,0.23894422352313996,0.7301038503646851,0.31979909919202326,0.3316953954100609,0.7796484375,0.22186752319335937,0.7652392578125,0.239874267578125,51.869485740661624,37.30091270446778,5.525e-05
69000,5.175583653450012,1.63552268743515,1.6790560841560365,0.23262561112642288,0.5208004117012024,0.28251001581549645,0.3605101816356182,0.790400390625,0.1980633544921875,0.74271484375,0.256435546875,57.38174072265625,36.24860336303711,5.500000000000001e-05
69050,5.546195607185364,1.7883556354045869,1.7757967591285706,0.2477553990483284,0.5743760466575623,0.24933510217815638,0.3159994213283062,0.8236279296875,0.1778985595703125,0.770166015625,0.22866455078125,56.384862670898436,32.124798431396485,5.475000000000001e-05
69100,5.259214286804199,1.482084276676178,1.8654089212417602,0.23896514117717743,0.6098426580429077,0.25773005962371826,0.3829266925156116,0.814599609375,0.1858441162109375,0.73266845703125,0.2605126953125,46.30890342712402,33.95946868896485,5.4499999999999997e-05
69150,5.636702814102173,1.7783482813835143,1.8825550699234008,0.24697493851184846,0.46160852909088135,0.25130484011024234,0.32682721607387066,0.84297119140625,0.1810150146484375,0.76978515625,0.241956787109375,51.404216346740725,33.29588216781616,5.4250000000000004e-05
69200,5.0861738634109495,1.6228973293304443,1.5939405286312103,0.23366700172424315,0.5529310703277588,0.3272643388807774,0.37870796889066694,0.78947021484375,0.215970458984375,0.728154296875,0.256710205078125,53.15070373535156,36.81067955250643,5.4000000000000005e-05
69250,5.4024667644500735,1.6735769033432006,1.815662186741829,0.23915345698595047,1.1695327758789062,0.3125154685229063,0.33863660678267477,0.78818603515625,0.2063824462890625,0.763798828125,0.24607666015625,62.80865879058838,39.88052331924438,5.375000000000001e-05
69300,5.104835209846496,1.5118688011169434,1.713476608991623,0.23493622183799745,0.6876869201660156,0.3259743250906467,0.4231790915131569,0.76701416015625,0.2068212890625,0.7148046875,0.28423095703125,61.03575214385987,41.76305919647217,5.349999999999999e-05
69350,5.221310243606568,1.7983272385597229,1.5348360967636108,0.23601836383342742,0.5767254829406738,0.3550650932639837,0.33675739958882334,0.763955078125,0.2461968994140625,0.761826171875,0.233897705078125,46.32692455291748,39.629451026916506,5.325e-05
69400,5.332140626907349,1.7634776437282562,1.7135782372951507,0.2318855917453766,0.6478630304336548,0.29800643291324375,0.34847404092550277,0.801513671875,0.22071563720703125,0.7526953125,0.242813720703125,58.92028232574463,36.86555679321289,5.300000000000001e-05
69450,5.179278182983398,1.5948209232091903,1.7296625870466231,0.23184933245182038,0.5076776742935181,0.29543809916824104,0.3684777618944645,0.79033203125,0.2083349609375,0.75056640625,0.262786865234375,63.10326992034912,41.79000499725342,5.275000000000001e-05
69500,5.434577660560608,1.8598385894298552,1.599169943332672,0.24694614440202714,0.6729463338851929,0.2767477098107338,0.3120433634519577,0.8086474609375,0.2046563720703125,0.772158203125,0.219486083984375,49.186114082336424,34.14945634841919,5.2499999999999995e-05
69550,5.3929763031005855,1.7630363261699677,1.6874056899547576,0.2428167849779129,0.829129695892334,0.2876715429127216,0.31103907376527784,0.8020556640625,0.200150146484375,0.7838671875,0.235543212890625,54.785894889831546,34.571624698638914,5.2249999999999996e-05
69600,5.296680564880371,1.6983566772937775,1.707533313035965,0.23634882390499115,0.9221882820129395,0.2940142504870892,0.3483872693777084,0.79660888671875,0.20233062744140626,0.74805908203125,0.242918701171875,54.73663093566895,36.58200355529785,5.2000000000000004e-05
69650,5.122003326416015,1.6052783596515656,1.610178792476654,0.23831827253103255,0.5729656219482422,0.30882298298180105,0.36078096002340315,0.7694384765625,0.19880462646484376,0.7431591796875,0.25410400390625,55.14279712677002,37.63087203979492,5.175000000000001e-05
69700,4.943752012252808,1.6664349830150604,1.4042920744419098,0.23412811666727065,0.4719831645488739,0.34356106758117677,0.3285635690391064,0.773486328125,0.25564453125,0.77245361328125,0.233018798828125,47.03274963378906,34.075956134796144,5.149999999999999e-05
69750,5.276383743286133,1.8203554451465607,1.5756850385665893,0.23504290759563445,0.8151817321777344,0.31158396646380426,0.37183027535676955,0.770390625,0.211373291015625,0.74765625,0.252440185546875,53.22128494262695,40.04474742889404,5.125e-05
69800,5.479322180747986,1.7505303025245667,1.8240328466892242,0.23809488326311112,0.6857867240905762,0.21746014401316643,0.3728458687663078,0.8419189453125,0.16351318359375,0.736220703125,0.248067626953125,57.83344539642334,33.820045166015625,5.1000000000000006e-05
69850,5.110487985610962,1.568621153831482,1.6605791568756103,0.23516095370054246,0.5202701687812805,0.28951858773827555,0.38146342262625693,0.7918603515625,0.1990966796875,0.7354638671875,0.2590966796875,56.1865970993042,37.59427619934082,5.075000000000001e-05
69900,5.187510833740235,1.6240950429439545,1.721797728538513,0.2302022558450699,0.6884700059890747,0.26499700754880906,0.35828390195965765,0.8172998046875,0.202445068359375,0.7486328125,0.253922119140625,49.14092945098877,33.80943901062012,5.0499999999999994e-05
69950,5.249547681808472,1.5892028325796128,1.7138683807849884,0.2433095645904541,0.6281762719154358,0.27933879651129245,0.3176618921756744,0.8040576171875,0.18892852783203126,0.7689208984375,0.2326171875,58.912572059631344,33.555241088867184,5.0249999999999995e-05
70000,5.11620105266571,1.5649202513694762,1.6388928091526032,0.23904849886894225,0.5144317150115967,0.29311480961740016,0.3736456300318241,0.7890087890625,0.20452117919921875,0.744560546875,0.26082275390625,68.50342765808105,35.604609680175784,5e-05
70050,5.141516895294189,1.6983751666545868,1.521069958806038,0.24025897294282914,0.584396243095398,0.31911335088312626,0.33899483412504194,0.7814306640625,0.21938201904296875,0.7636962890625,0.2406494140625,65.62467224743901,37.392881813049314,4.975000000000001e-05
70100,5.462400741577149,1.7415758097171783,1.852197920680046,0.2335783690214157,0.7356125116348267,0.3334641419351101,0.3375345155596733,0.7717919921875,0.2153961181640625,0.76375,0.2308203125,57.95383968353271,33.507276191711426,4.950000000000001e-05
70150,5.242975525856018,1.7662174320220947,1.6127628099918365,0.23299940824508666,0.7166976928710938,0.28994327783584595,0.3104302234947681,0.7973974609375,0.218770751953125,0.7671484375,0.2258367919921875,51.62779132843018,33.09910285949707,4.925e-05
70200,5.237437009811401,1.7088062703609466,1.6083170518279075,0.24003920644521715,0.7533272504806519,0.35705754332244394,0.31744097292423246,0.771474609375,0.2393963623046875,0.7775341796875,0.239781494140625,51.30393928527832,42.13442279815674,4.9e-05
70250,5.426985769271851,1.766098222732544,1.717139562368393,0.24296849310398103,0.3342885673046112,0.2396495447680354,0.3350514879822731,0.8198193359375,0.17268310546875,0.75506103515625,0.22931396484375,51.91349720001221,34.41256107330322,4.8750000000000006e-05
70300,5.116645965576172,1.6344869315624238,1.5799082672595979,0.2377813446521759,0.7283769249916077,0.34434786945581436,0.3358444508910179,0.7652734375,0.227916259765625,0.7602490234375,0.24033447265625,59.48095989227295,39.17866340637207,4.850000000000001e-05
70350,5.2242553472518924,1.684609249830246,1.6348304700851441,0.23810194820165634,0.5624833703041077,0.3088984019309282,0.33250486075878144,0.787099609375,0.229654541015625,0.75880859375,0.233741455078125,56.47778289794922,36.721173973083495,4.8249999999999994e-05
70400,5.207544665336609,1.7307584661245345,1.5388531911373138,0.24224163055419923,0.7107590436935425,0.33860270529985426,0.31395831361413,0.7675,0.228221435546875,0.7860546875,0.2392132568359375,57.945432090759276,37.25901016235352,4.8e-05
70450,5.546862287521362,1.753098714351654,1.7873839712142945,0.250797446668148,0.526252269744873,0.31807570070028307,0.33972537189722063,0.7778564453125,0.2092529296875,0.75845703125,0.2267822265625,59.501013946533206,35.052053451538086,4.775000000000001e-05
70500,5.371906967163086,1.5939724242687225,1.8574165654182435,0.24006474852561951,0.7345630526542664,0.29204863030463457,0.39478839188814163,0.7897314453125,0.19102996826171875,0.731416015625,0.268238525390625,71.07351531982422,40.93402782440185,4.750000000000001e-05
70550,5.236488447189331,1.6796030366420747,1.6641662454605102,0.23658989131450653,0.5022444128990173,0.2347236869484186,0.3548685497045517,0.8375732421875,0.1806866455078125,0.7423046875,0.252889404296875,50.00214805603027,34.706931076049806,4.7249999999999997e-05
70600,5.177945013046265,1.621245620250702,1.6553750383853911,0.23766554415225982,0.5904840230941772,0.2844724686443806,0.35167050987482074,0.7987109375,0.1933740234375,0.754501953125,0.2549609375,51.52997997283936,34.490870532989504,4.7e-05
70650,5.276483488082886,1.7043400275707246,1.620572842359543,0.24394632160663604,0.6644496321678162,0.27432758912444116,0.3421334831416607,0.8001513671875,0.18953033447265624,0.7578955078125,0.242823486328125,59.69810310363769,37.86414867401123,4.6750000000000005e-05
70700,5.0785764837265015,1.6500612795352936,1.5369065696001052,0.23645107835531234,0.5386306643486023,0.3384045006148517,0.339828317463398,0.7854296875,0.23761871337890625,0.75560546875,0.236114501953125,48.26305000305176,36.917014293670654,4.650000000000001e-05
70750,5.104429178237915,1.678390793800354,1.5725109207630157,0.23169093251228332,0.8576454520225525,0.32607594013214114,0.3081992742419243,0.7735595703125,0.2265020751953125,0.7715283203125,0.228985595703125,52.42550220489502,35.51186630249023,4.624999999999999e-05
70800,5.205415868759156,1.6002744877338408,1.7379369151592254,0.23340056002140044,0.5053870677947998,0.30141466747969387,0.35909406170248986,0.8009814453125,0.22125244140625,0.7478076171875,0.254666748046875,48.24510452270508,38.757928104400634,4.6e-05
70850,5.332511968612671,1.6054458630084991,1.7978931438922883,0.24114661604166032,0.4321855902671814,0.26831814482808114,0.376016383767128,0.8061572265625,0.186968994140625,0.7470751953125,0.266025390625,58.510739974975586,36.176423988342286,4.575e-05
70900,5.373643050193786,1.813881491422653,1.7182553482055665,0.2301882728934288,0.695844829082489,0.32876586362719534,0.3418061606585979,0.7715966796875,0.2183795166015625,0.757822265625,0.246895751953125,70.9748526763916,40.17295761108399,4.550000000000001e-05
70950,4.915901284217835,1.71803466796875,1.3727358376979828,0.22814134389162063,0.6194069385528564,0.36458928510546684,0.2994641414284706,0.74125,0.243094482421875,0.778310546875,0.21836181640625,65.31764793395996,34.59935266494751,4.5249999999999995e-05
71000,5.059606785774231,1.5798076969385146,1.5864123833179473,0.2366733345389366,0.7088073492050171,0.3091562666743994,0.3226710743457079,0.7869970703125,0.21333709716796875,0.7617626953125,0.2325274658203125,58.46134506225586,37.02729864120484,4.4999999999999996e-05
71050,5.082184476852417,1.5572514891624452,1.5969689363241195,0.24099550485610963,0.5491743683815002,0.2807820266485214,0.4299227657914162,0.8077294921875,0.195330810546875,0.711044921875,0.29603759765625,58.65956272125244,41.23703231811523,4.4750000000000004e-05
71100,5.273710045814514,1.6998404240608216,1.5953039675951004,0.24732071161270142,0.45538437366485596,0.3455937162041664,0.3240900336205959,0.756484375,0.22123687744140624,0.762431640625,0.2315704345703125,59.66112213134765,38.67597637176514,4.450000000000001e-05
71150,5.053170628547669,1.6332684016227723,1.5469716089963912,0.2341163295507431,0.5645923018455505,0.3361763800680637,0.3643668732047081,0.7672314453125,0.2414837646484375,0.75448974609375,0.25189208984375,54.92311264038086,36.84688108444214,4.424999999999999e-05
71200,5.194822959899902,1.7997041964530944,1.517205880880356,0.23473910689353944,0.9395477771759033,0.30798638239502907,0.3087365534901619,0.79404296875,0.23579986572265624,0.7790478515625,0.224683837890625,48.26770156860351,32.074795236392895,4.4e-05
71250,5.482489304542542,1.9059580290317535,1.6214299923181534,0.24438766181468963,0.676105797290802,0.29489580519497394,0.31748471707105635,0.792421875,0.21533203125,0.7627001953125,0.2226220703125,54.793642616271974,36.237355422973636,4.375e-05
71300,5.285766396522522,1.6827668356895447,1.6592197436094285,0.2429724708199501,0.8685926795005798,0.34194806836545466,0.39883132711052893,0.764404296875,0.231463623046875,0.74037109375,0.253621826171875,57.1319437789917,42.17208290100098,4.350000000000001e-05
71350,5.171508941650391,1.5791517293453217,1.6504478526115418,0.24273866802453994,0.8216179609298706,0.28235158152878287,0.31995744347572325,0.804150390625,0.217127685546875,0.7643310546875,0.229884033203125,51.07742118835449,35.496653118133544,4.3250000000000015e-05
71400,5.33596640586853,1.6493700581789017,1.7443996322155,0.2427745905518532,0.5453140139579773,0.3214995965361595,0.3546669772267342,0.77066162109375,0.20989532470703126,0.761083984375,0.258843994140625,54.10839115142822,35.656693906200175,4.2999999999999995e-05
71450,4.816844201087951,1.5732144153118133,1.427375358939171,0.22703180491924285,0.48512959480285645,0.35735028840601446,0.37593076258897784,0.7462890625,0.24306396484375,0.731650390625,0.2567254638671875,54.60708919525146,38.177632579803465,4.275e-05
71500,5.3109216165542605,1.7491998237371444,1.5657211589813231,0.2495000785589218,0.6486409306526184,0.3016284627467394,0.30607101917266843,0.7802294921875,0.20983642578125,0.7915966796875,0.23660888671875,62.887028732299804,35.04028297424316,4.250000000000001e-05
71550,5.3775887966156,1.6714834678173065,1.713537267446518,0.24907100409269334,0.5935859084129333,0.3125961173325777,0.3183265033364296,0.785048828125,0.2223358154296875,0.7636376953125,0.22596923828125,49.07518611907959,36.094709701538086,4.225000000000001e-05
71600,5.305238819122314,1.7051062989234924,1.7069062519073486,0.23665328174829484,0.5053279995918274,0.27888545840978624,0.35317606598138807,0.79404296875,0.1989825439453125,0.73994384765625,0.24098388671875,51.11976455688477,36.533097457885745,4.2e-05
71650,5.167270789146423,1.5312680065631867,1.7273155927658081,0.2385858988761902,0.6148970127105713,0.277789282053709,0.39374181509017947,0.7986474609375,0.1954071044921875,0.73216796875,0.27644287109375,53.41841541290283,36.770595474243166,4.175e-05
71700,5.543005871772766,1.6850541639328003,1.8450292503833772,0.25161530911922453,0.7753115892410278,0.27111588686704635,0.29982354283332824,0.8032373046875,0.19194976806640626,0.7891455078125,0.23513916015625,65.84070610046386,34.54860389709473,4.1500000000000006e-05
71750,5.4421306276321415,1.7645646452903747,1.6838163256645202,0.2492187049984932,0.6914455890655518,0.25944801010191443,0.3440615864098072,0.824453125,0.1842988586425781,0.75361083984375,0.22560791015625,64.07669471740722,31.519801645278932,4.125000000000001e-05
71800,5.206660485267639,1.6750412440299989,1.6119702804088591,0.23995612025260926,0.6515704393386841,0.31327514600008727,0.3178356744349003,0.777265625,0.208109130859375,0.77386474609375,0.2259613037109375,61.18833145141602,35.01198955535889,4.0999999999999994e-05
71850,5.105502705574036,1.755772060751915,1.5380147409439087,0.22646448254585266,0.6136189103126526,0.31624882206320765,0.3211299513280392,0.78908203125,0.22615020751953124,0.769462890625,0.231380615234375,60.702981033325194,38.53987480163574,4.075e-05
71900,5.252744436264038,1.685467348098755,1.6189568281173705,0.24354003518819808,0.6412997841835022,0.3151378770172596,0.30904755055904387,0.7713525390625,0.21444580078125,0.78071533203125,0.22958251953125,57.41382392883301,35.17815879821777,4.05e-05
71950,5.205594296455383,1.7216234743595122,1.582380633354187,0.2376987710595131,0.5437814593315125,0.33536819264292717,0.34827937722206115,0.7693408203125,0.2385247802734375,0.7559765625,0.247025146484375,54.38932067871094,39.73672088623047,4.025000000000001e-05
72000,5.049732642173767,1.6155888783931731,1.5602146911621093,0.23424113303422928,0.6165381669998169,0.3219131624698639,0.3622340139746666,0.771298828125,0.227269287109375,0.7476904296875,0.25384521484375,50.51768268585205,35.197142639160155,3.999999999999999e-05
72050,5.12127140045166,1.7696126306056976,1.5237699818611146,0.2284861049056053,0.513776421546936,0.3439026869833469,0.30802573546767237,0.7632568359375,0.2383367919921875,0.779677734375,0.23634521484375,52.38826405272192,37.038800945281984,3.975e-05
72100,5.110915026664734,1.6214520466327667,1.6279886400699615,0.23268428981304168,0.5130390524864197,0.3064832905679941,0.3410544961690903,0.773642578125,0.216265869140625,0.74673828125,0.244901123046875,56.87230365753174,36.39276145935059,3.9500000000000005e-05
72150,4.968732123374939,1.6264641737937928,1.473340322971344,0.2336159572005272,0.5691953897476196,0.34919431664049627,0.3518475919961929,0.7612548828125,0.2461181640625,0.75076171875,0.2433837890625,57.19910488128662,38.953122520446776,3.925000000000001e-05
72200,5.00498565196991,1.6062759578227996,1.49782616853714,0.23761044055223465,0.572591245174408,0.3436307793855667,0.35809466913342475,0.76326171875,0.2429901123046875,0.7438134765625,0.249647216796875,56.67327907562256,36.39404649734497,3.899999999999999e-05
72250,5.277103366851807,1.6858042204380035,1.6677684843540193,0.24044133275747298,0.577813982963562,0.2946072731912136,0.35584396779537203,0.7864208984375,0.2131488037109375,0.75384765625,0.248128662109375,58.021984062194825,39.15570882797241,3.875e-05
72300,5.381720824241638,1.7960058522224427,1.6514528810977935,0.24178276270627974,0.7122741937637329,0.358460391536355,0.3314593228697777,0.753525390625,0.244327392578125,0.756962890625,0.2268505859375,55.595134506225584,41.95986423492432,3.85e-05
72350,4.9329995965957645,1.6371008598804473,1.4440689539909364,0.2314787182211876,0.5325596332550049,0.3888303152471781,0.3377821946144104,0.73693115234375,0.2607855224609375,0.7687890625,0.246920166015625,52.86474739074707,38.74267036437988,3.825000000000001e-05
72400,5.520672364234924,1.8231780600547791,1.765230165719986,0.24153301656246184,0.682902455329895,0.2913609956204891,0.3114086613059044,0.7964892578125,0.2165814208984375,0.7753369140625,0.2245361328125,52.69669612884522,34.453342304229736,3.799999999999999e-05
72450,5.570497279167175,1.8541299414634704,1.7142158830165863,0.2502689328789711,0.4745786190032959,0.28849778696894646,0.34279576897621156,0.785869140625,0.1955657958984375,0.7515576171875,0.2377056884765625,62.081051902770994,35.99848678588867,3.7749999999999996e-05
72500,5.416759762763977,1.612365626692772,1.766752700805664,0.2547051823139191,0.5579348802566528,0.33698699235916135,0.32927797123789787,0.7699365234375,0.232078857421875,0.769111328125,0.23866455078125,56.52033832550049,39.768372764587404,3.7500000000000003e-05
72550,5.192277626991272,1.702254273891449,1.626203944683075,0.23297742277383804,0.3955974578857422,0.280563499070704,0.32646174684166906,0.796865234375,0.205986328125,0.76109375,0.2387939453125,47.125282249450684,36.38523134231568,3.7250000000000004e-05
72600,5.063651790618897,1.6166305148601532,1.5755301201343537,0.23393639892339707,0.583712100982666,0.2841270235925913,0.3472927674651146,0.796513671875,0.208475341796875,0.7531298828125,0.2495068359375,50.00040634155273,37.71026920318604,3.700000000000001e-05
72650,5.204635057449341,1.757065134048462,1.5083851778507233,0.24239809483289718,0.5626972317695618,0.32379580050706863,0.3158800928294659,0.7682373046875,0.2302789306640625,0.771015625,0.222828369140625,50.299791526794436,36.87511335372925,3.675e-05
72700,5.031620488166809,1.6142583107948303,1.5283964085578918,0.2361207213997841,0.40087518095970154,0.3205039462447166,0.3212845730781555,0.7815087890625,0.2276947021484375,0.761171875,0.23893310546875,53.27930786132813,34.772321243286136,3.65e-05
72750,5.456693196296692,1.6700957489013672,1.8689309442043305,0.2397083154320717,1.0141239166259766,0.30396302670240405,0.31644310176372525,0.764833984375,0.194344482421875,0.7769873046875,0.240677490234375,58.04512573242187,34.67730354309082,3.625000000000001e-05
72800,5.195522074699402,1.7161928582191468,1.514443612098694,0.24561070054769515,0.4764591455459595,0.3090424932539463,0.33330584660172463,0.781142578125,0.2169378662109375,0.761416015625,0.2354296875,49.863282737731936,37.7106396484375,3.6000000000000014e-05
72850,5.476951727867126,1.7928104412555694,1.6433647763729096,0.2550970619916916,0.5793024301528931,0.29509529545903207,0.3153829574584961,0.78068359375,0.20890899658203124,0.7746728515625,0.218177490234375,48.86183219909668,34.90960115432739,3.5749999999999995e-05
72900,5.261845297813416,1.815759811401367,1.5475154680013656,0.23732125222682954,0.5937809348106384,0.32381556764245034,0.33941530182957647,0.7803564453125,0.23714874267578126,0.7490234375,0.2383642578125,48.71628246307373,36.60197408676147,3.55e-05
72950,5.097531900405884,1.6999197328090667,1.5260569882392883,0.23394440054893495,0.6292712688446045,0.3311859519034624,0.33407447770237925,0.765,0.239185791015625,0.7703271484375,0.248231201171875,55.15900966644287,38.31366500854492,3.525e-05
73000,4.928876104354859,1.6493663215637206,1.4400181186199188,0.22993645757436754,0.6819131374359131,0.31856971204280854,0.35371138125658036,0.77201171875,0.2354656982421875,0.74390625,0.2423175048828125,49.074861679077145,38.89568622589111,3.500000000000001e-05
73050,5.05923168182373,1.6317380982637406,1.573563470840454,0.2317412680387497,0.5934538841247559,0.30101101726293567,0.3274091136455536,0.7837841796875,0.229556884765625,0.7647216796875,0.24042724609375,53.20803535461426,38.00158567428589,3.474999999999999e-05
73100,5.486617250442505,1.887123395204544,1.6143782770633697,0.2481394436955452,0.6631340980529785,0.3270993850380182,0.29372749999165537,0.762265625,0.2259674072265625,0.7912451171875,0.22133544921875,52.71277008056641,35.09283868789673,3.45e-05
73150,5.404694304466248,1.7679024243354797,1.7035715901851654,0.2416525387763977,0.5024617910385132,0.2788795854151249,0.3102212020009756,0.7951513671875,0.2047296142578125,0.7700537109375,0.214412841796875,55.066636924743655,35.44432573318481,3.4250000000000006e-05
73200,5.171942739486695,1.7118863999843597,1.5573842692375184,0.23783400893211365,0.5962868332862854,0.34660571366548537,0.32935376703739166,0.747763671875,0.237562255859375,0.76212158203125,0.235233154296875,51.68590263366699,38.50169319152832,3.4000000000000007e-05
73250,5.012940669059754,1.7463728272914887,1.4107225316762924,0.23198066860437394,0.4429326057434082,0.31196140334010125,0.3288434752821922,0.782548828125,0.23383056640625,0.76600830078125,0.234512939453125,45.65986820220947,36.89674430847168,3.3749999999999994e-05
73300,5.046687612533569,1.6200081026554107,1.5917996537685395,0.2293599897623062,0.4974897503852844,0.3080731391906738,0.38869776867330075,0.778701171875,0.222857666015625,0.71923828125,0.262374267578125,48.65131973266602,36.44946424484253,3.35e-05
73350,5.3362043809890745,1.6676606547832489,1.745218870639801,0.24041560620069505,0.5130900144577026,0.23951028317213058,0.3284626752138138,0.8335498046875,0.18447021484375,0.7678515625,0.241617431640625,46.04633716583252,33.07345817565918,3.325e-05
73400,5.5496329402923585,1.6771043741703033,1.8978783214092254,0.24683127909898758,0.5175081491470337,0.293377006649971,0.3547226209193468,0.79121826171875,0.198858642578125,0.7560791015625,0.2531439208984375,60.06309043884277,42.8763254737854,3.300000000000001e-05
73450,5.5666194248199465,1.6594968104362489,1.8605069243907928,0.2558269575238228,0.5568010807037354,0.26158125817775724,0.3467112573981285,0.81998046875,0.18823486328125,0.7506689453125,0.252486572265625,54.915201568603514,36.87985260009766,3.274999999999999e-05
73500,5.751041440963745,1.8046766233444214,1.8845713442564012,0.2577241790294647,0.480878621339798,0.2965907872468233,0.3343472671508789,0.78955078125,0.2093359375,0.7615771484375,0.233909912109375,59.740463714599606,40.16022413253784,3.25e-05
73550,5.472739086151123,1.734242298603058,1.6916872358322144,0.25585119396448136,0.49899518489837646,0.2942188363522291,0.32815445616841316,0.79181640625,0.197796630859375,0.7681640625,0.237288818359375,57.89593818664551,36.50860328674317,3.2250000000000005e-05
73600,5.528749389648437,1.8005763041973113,1.7349302750825881,0.24915535151958465,0.8492951393127441,0.3487530671060085,0.2956084397435188,0.750390625,0.2255322265625,0.789755859375,0.228739013671875,60.45632553100586,36.56824150085449,3.2000000000000005e-05
73650,5.753757925033569,1.8765170979499817,1.8365281414985657,0.25508908420801163,0.750857412815094,0.2849527594447136,0.2783562061935663,0.796005859375,0.20822967529296876,0.791064453125,0.207958984375,52.6899617767334,31.606348342895508,3.174999999999999e-05
73700,5.583397121429443,1.7403293716907502,1.8742325472831727,0.24610439836978912,0.45502662658691406,0.2646093457937241,0.3267756500840187,0.81798828125,0.19881240844726564,0.752509765625,0.2271923828125,50.01050849914551,34.57535250663757,3.149999999999999e-05
73750,5.516822090148926,1.7818918788433076,1.7274002301692963,0.25094124585390093,0.5955133438110352,0.2955274710431695,0.30867972418665884,0.814169921875,0.20167755126953124,0.77693359375,0.227872314453125,52.105592041015626,33.13549076780981,3.125e-05
73800,5.549952669143677,1.6956505680084228,1.8813577055931092,0.24661804765462875,0.8988109827041626,0.27410775039345026,0.336395019441843,0.7993017578125,0.18653900146484376,0.76193359375,0.245328369140625,54.08654083251953,31.925212631225588,3.100000000000001e-05
73850,5.02897412776947,1.554744429588318,1.6164048159122466,0.2322281116247177,0.6808305978775024,0.2764328909665346,0.37409677177667616,0.8092626953125,0.1958251953125,0.7296484375,0.261627197265625,44.216138725280764,38.81232664108276,3.075000000000001e-05
73900,5.3649813747406006,1.8708984375,1.629224261045456,0.2331073358654976,0.4882545471191406,0.26583420440554617,0.2829957315325737,0.8162646484375,0.204898681640625,0.7974755859375,0.217894287109375,44.60799266815186,31.250511894226076,3.0499999999999996e-05
73950,5.281486206054687,1.8211524772644043,1.5324368834495545,0.24098710238933563,0.961154580116272,0.3492854331433773,0.32152695961296557,0.76183349609375,0.2302581787109375,0.775673828125,0.22854248046875,45.496492576599124,39.3359366607666,3.025e-05
74000,5.400443921089172,1.8531159269809723,1.6128716802597045,0.24180703938007356,0.6553971767425537,0.292279723957181,0.31015086829662325,0.810673828125,0.217933349609375,0.7710791015625,0.2223712158203125,53.25780113220215,40.52488395690918,3.0000000000000008e-05
74050,5.249321565628052,1.73798677444458,1.593533164858818,0.2397252044081688,0.7069073915481567,0.3219154848903418,0.3462576162815094,0.7795166015625,0.2190087890625,0.7384228515625,0.2304736328125,52.81178913116455,35.489472274780276,2.975000000000001e-05
74100,5.187184925079346,1.762010337114334,1.495877767801285,0.24116210550069808,0.7135909795761108,0.3250947294384241,0.30618215933442117,0.785146484375,0.21930511474609374,0.7727880859375,0.217852783203125,52.14721832275391,40.00521717071533,2.9499999999999995e-05
74150,5.474071884155274,1.7474359464645386,1.7647188770771027,0.24523962676525116,0.6943138241767883,0.30636465769261123,0.28000642225146294,0.775185546875,0.2084619140625,0.794345703125,0.2180859375,53.37993007659912,33.27958395004273,2.925e-05
74200,5.327421178817749,1.7703938496112823,1.6346215546131133,0.24030072540044783,0.5866405963897705,0.30089879378676415,0.3278148813545704,0.77662109375,0.2066204833984375,0.771337890625,0.23995361328125,48.23036636352539,35.45619857788086,2.9000000000000004e-05
74250,5.588580398559571,1.8226156449317932,1.7508841407299043,0.25188507080078126,0.3513306975364685,0.26763473860919473,0.31658387362957,0.81975341796875,0.1988275146484375,0.76423828125,0.215040283203125,53.71758529663086,37.87457933425903,2.875000000000001e-05
74300,5.254961099624634,1.6730349457263947,1.6261826610565187,0.24446793586015703,0.5680806636810303,0.31179361388087273,0.34330046236515044,0.7750927734375,0.219873046875,0.7660498046875,0.24718505859375,55.32606790503677,39.057103099822996,2.8499999999999995e-05
74350,5.607928323745727,1.6154233264923095,1.923807818889618,0.2585871434211731,0.6546000242233276,0.2325373485684395,0.3330254551768303,0.8174365234375,0.16896728515625,0.77009521484375,0.245345458984375,56.78717666625977,32.68142377853393,2.825e-05
74400,5.260497803688049,1.780360746383667,1.638122011423111,0.2302518779039383,0.7778584957122803,0.3143522435426712,0.35989073902368546,0.76310546875,0.2203924560546875,0.7428125,0.248873291015625,53.795152778625486,38.362067489624025,2.8000000000000003e-05
74450,5.025079188346862,1.7052996635437012,1.4671262204647064,0.23158166378736497,0.6552883386611938,0.2978457605838776,0.30099029451608655,0.789052734375,0.21932830810546874,0.7793212890625,0.2208740234375,46.148864936828616,33.17814252853393,2.775000000000001e-05
74500,5.291653680801391,1.7961036384105682,1.5648836660385133,0.24133328944444657,0.4881174564361572,0.2880449911206961,0.334954342097044,0.7959326171875,0.224786376953125,0.756455078125,0.23361328125,51.21258125305176,35.36333103179932,2.749999999999999e-05
74550,5.422454071044922,1.6716433799266814,1.74070796251297,0.2512628412246704,0.587368369102478,0.27377872496843336,0.3245412799715996,0.794892578125,0.1976788330078125,0.757060546875,0.22740478515625,51.46627216339111,33.08717384338379,2.7249999999999998e-05
74600,5.207356700897217,1.6513926482200623,1.5925757586956024,0.24542353719472884,0.5765368938446045,0.30454036049544814,0.33456753119826316,0.7797607421875,0.221300048828125,0.7661328125,0.246136474609375,51.80889804840088,37.541173133850094,2.7000000000000002e-05
74650,5.499623365402222,1.770309808254242,1.6712200093269347,0.25726169228553775,0.6721235513687134,0.30161594465374947,0.2711921140551567,0.7887744140625,0.212216796875,0.804453125,0.2142901611328125,48.59329349517822,31.92267339706421,2.675000000000001e-05
74700,5.293489046096802,1.6351617133617402,1.7494737148284911,0.23860670059919356,0.6063093543052673,0.2874720735102892,0.3615672661364078,0.7873828125,0.2057049560546875,0.73645263671875,0.2401373291015625,47.86415988922119,35.025102825164794,2.649999999999999e-05
74750,5.356609435081482,1.6876110696792603,1.7853433322906493,0.2354568812251091,0.5069106817245483,0.241894598454237,0.37922034576535224,0.8205322265625,0.18155029296875,0.73283203125,0.264405517578125,54.099667358398435,35.68347280502319,2.6249999999999998e-05
74800,5.099829015731811,1.7444432806968688,1.5190135359764099,0.22954652398824693,0.5348340272903442,0.2492704613506794,0.29862205654382706,0.8264013671875,0.2015838623046875,0.7745263671875,0.211591796875,52.7700252532959,30.40977861404419,2.6000000000000002e-05
74850,5.3978947734832765,1.7039765191078187,1.7533983093500138,0.24256499856710434,0.8778555989265442,0.3082426727563143,0.3536018447577953,0.77912353515625,0.2049127197265625,0.75982177734375,0.2548486328125,51.59243507385254,39.22105405807495,2.5750000000000006e-05
74900,5.6091784620285035,1.7143744814395905,1.9835404777526855,0.23890794336795806,0.45788437128067017,0.2562269580364227,0.330600414276123,0.8148046875,0.179459228515625,0.7516015625,0.229219970703125,53.473760833740236,37.41825172424316,2.549999999999999e-05
74950,5.547178764343261,1.7983122730255128,1.772487715482712,0.2470473462343216,0.7711140513420105,0.27377149552106855,0.3207461524009705,0.80265625,0.2017987060546875,0.7797021484375,0.235447998046875,53.579370651245114,37.63561672210693,2.5249999999999997e-05
75000,5.3095737028121945,1.7648276209831237,1.70450341463089,0.23003033727407454,0.6880068182945251,0.3004936894774437,0.3137360991537571,0.7795458984375,0.21506103515625,0.771630859375,0.23418212890625,60.539155654907226,35.030554885864255,2.5e-05
75050,5.263296341896057,1.8171956467628478,1.5837598872184753,0.2327926054596901,0.5021145939826965,0.3787403401732445,0.3171682418882847,0.743369140625,0.253009033203125,0.75753173828125,0.20831787109375,51.24526050567627,36.970586681365965,2.4750000000000005e-05
75100,5.348777909278869,1.6046717727184296,1.7825925326347352,0.24518920212984086,0.5039771199226379,0.28795330293476584,0.3606931519508362,0.7803759765625,0.18952911376953124,0.753896484375,0.26070068359375,52.44094078063965,35.41202638626098,2.4500000000000013e-05
75150,5.18146508693695,1.642081813812256,1.639840406179428,0.23744285404682158,0.5353606939315796,0.3438323299586773,0.32320386469364165,0.7724755859375,0.2471514892578125,0.77220703125,0.2398785400390625,50.99655269622803,37.60368799209595,2.4249999999999997e-05
75200,5.635510444641113,1.9585054481029511,1.693138736486435,0.24798328161239624,0.6345665454864502,0.3292497780919075,0.31189244031906127,0.771318359375,0.2251129150390625,0.774873046875,0.219556884765625,52.2293009185791,34.88490375518799,2.4e-05
75250,5.505654664039612,1.8646082675457,1.6471710562705995,0.24923442006111146,0.5285199880599976,0.31055831849575044,0.29739863678812983,0.7715966796875,0.20571044921875,0.7847705078125,0.22223388671875,50.18074638366699,34.50773025512695,2.3750000000000005e-05
75300,5.429627370834351,1.6893933296203614,1.7318990755081176,0.2510418713092804,0.4665496051311493,0.2616220129653811,0.3467288221418858,0.8191162109375,0.19993133544921876,0.7471728515625,0.245439453125,49.04210880279541,34.581352863311764,2.3500000000000012e-05
75350,5.441414203643799,1.7358666372299194,1.7385039854049682,0.2458804479241371,0.6301227807998657,0.26502094238996504,0.33271389856934547,0.810595703125,0.197802734375,0.7622607421875,0.241634521484375,52.966610527038576,36.601033973693845,2.3249999999999993e-05
75400,5.398504104614258,1.7134118103981018,1.7358577370643615,0.2436543184518814,0.7623732089996338,0.2764184457063675,0.32001425221562385,0.7972900390625,0.20384765625,0.7753955078125,0.2387353515625,53.52989028930664,32.979547290802,2.3e-05
75450,5.341383490562439,1.802492252588272,1.6200194144248963,0.23985897839069367,0.6085121035575867,0.3188589745387435,0.34666355438530444,0.7704345703125,0.221453857421875,0.74015625,0.2330108642578125,56.278498840332034,39.430082931518555,2.2750000000000004e-05
75500,5.281108622550964,1.5973365819454193,1.679310497045517,0.25055768877267837,0.8309221267700195,0.3317570535838604,0.3123998764157295,0.75005859375,0.2191790771484375,0.7748095703125,0.23541259765625,59.589824523925785,35.867687454223635,2.250000000000001e-05
75550,5.405140790939331,1.7794303727149963,1.702526913881302,0.24039793610572815,0.5213347673416138,0.2963596037775278,0.3401613236963749,0.795234375,0.2248858642578125,0.7527587890625,0.2329638671875,49.09615161895752,38.37728416442871,2.2249999999999992e-05
75600,5.201436500549317,1.6010454720258713,1.7128695225715638,0.23594018638134004,0.8016139268875122,0.3201722563058138,0.36304793193936347,0.76615234375,0.2253509521484375,0.7479833984375,0.2533544921875,49.238274307250975,37.06821895599365,2.2e-05
75650,5.275392112731933,1.695505895614624,1.7156701469421387,0.23302700489759445,0.4765966832637787,0.2920379114896059,0.3446394267678261,0.7968701171875,0.219561767578125,0.76609375,0.24804931640625,47.80123470306396,38.62458333969116,2.1750000000000004e-05
75700,5.383290572166443,1.7796757888793946,1.6783282709121705,0.24066080957651137,0.5957455635070801,0.31187921099364757,0.33516423612833024,0.784560546875,0.2227996826171875,0.77083984375,0.2488330078125,55.74727203369141,35.724665184021,2.1500000000000008e-05
75750,5.135659894943237,1.632191197872162,1.62942617893219,0.2342553135752678,0.4552830755710602,0.30307342261075976,0.32347579643130303,0.7790380859375,0.2216778564453125,0.766572265625,0.235831298828125,53.25177791595459,38.85747997283936,2.124999999999999e-05
75800,5.322556266784668,1.647043250799179,1.792901018857956,0.23532649606466294,0.6632896661758423,0.30607141986489295,0.36781814962625503,0.7672021484375,0.2129266357421875,0.726484375,0.24948974609375,56.31993949890137,39.47236114501953,2.1e-05
75850,4.9219107961654665,1.5494038212299346,1.5006319671869277,0.23398437470197678,0.5011410713195801,0.33759694926440714,0.3741510283946991,0.7619580078125,0.234869384765625,0.74732177734375,0.263072509765625,47.135763778686524,35.69732406616211,2.0750000000000003e-05
75900,5.222765970230102,1.6578016185760498,1.6075133299827575,0.24468138307332993,0.5495916604995728,0.34801304146647455,0.3460698574781418,0.757958984375,0.24749267578125,0.755380859375,0.249698486328125,51.10821132659912,41.71744613647461,2.0500000000000007e-05
75950,5.344823722839355,1.7162632036209107,1.6475014078617096,0.24763238817453384,0.6004562377929688,0.2896136727929115,0.3258063517510891,0.79638671875,0.221717529296875,0.7606640625,0.23171875,51.15200302124023,36.29101358413696,2.024999999999999e-05
76000,5.389025254249573,1.7592040824890136,1.788907310962677,0.23011422991752625,0.703641414642334,0.28633250907063484,0.33405206114053726,0.789013671875,0.20661865234375,0.758779296875,0.246734619140625,47.94569240570068,33.890905361175534,1.9999999999999995e-05
76050,5.5659924364089965,1.7864070868492126,1.7235139226913452,0.2570089289546013,0.5946034789085388,0.27705058321356774,0.312859033793211,0.7952197265625,0.1936297607421875,0.774580078125,0.2328369140625,50.81211265563965,35.128841438293456,1.9750000000000002e-05
76100,5.093798384666443,1.5684600245952607,1.6616987991333008,0.23295494943857192,0.7349380254745483,0.3065344554185867,0.3578592087328434,0.782294921875,0.2246875,0.7457763671875,0.26225830078125,47.875877685546875,39.36257036209106,1.9500000000000006e-05
76150,5.496051187515259,1.8128777301311494,1.7675048589706421,0.2394585758447647,0.5640433430671692,0.3114821107685566,0.3499388475716114,0.7679638671875,0.215491943359375,0.7370263671875,0.237711181640625,47.994690322875975,37.09298511505127,1.924999999999999e-05
76200,5.5845115184783936,1.7856031489372253,1.8370146608352662,0.24523671507835387,0.5388471484184265,0.2805447119474411,0.3215172027051449,0.7914501953125,0.207467041015625,0.774417724609375,0.230992431640625,51.43719848632813,34.26196182250977,1.8999999999999994e-05
76250,5.2497890758514405,1.6338997197151184,1.7212128829956055,0.2368345609307289,0.6676346063613892,0.2978279234468937,0.3683585076034069,0.78609375,0.214554443359375,0.7409619140625,0.26186279296875,48.462974548339844,35.65365798950195,1.8750000000000002e-05
76300,5.338691554069519,1.7972254860401153,1.6301081490516662,0.23891974210739136,0.4642138183116913,0.33179919704794886,0.3135815767943859,0.7705419921875,0.239949951171875,0.7776318359375,0.235380859375,49.80940002441406,33.91823812484741,1.8500000000000006e-05
76350,5.504251327514648,1.71814351439476,1.8828072822093964,0.23791256338357925,0.48275548219680786,0.26733521699905394,0.33106959238648415,0.80173828125,0.19943359375,0.755009765625,0.232957763671875,49.671528091430666,37.03474628448486,1.825000000000001e-05
76400,5.217383270263672,1.6478276181221008,1.6688738298416137,0.23758522897958756,0.4790118336677551,0.3284905895590782,0.3302741724252701,0.7617578125,0.23451171875,0.7614501953125,0.252503662109375,48.545838813781735,36.10419338226318,1.7999999999999994e-05
76450,5.257004175186157,1.7391082882881164,1.616009192466736,0.2377358391880989,0.5836796760559082,0.31472197502851484,0.3070006860792637,0.777587890625,0.234661865234375,0.7744775390625,0.226995849609375,47.54497653961182,35.41828998565674,1.775e-05
76500,5.407096099853516,1.7421491253376007,1.7704255151748658,0.2368151757121086,0.6073119640350342,0.2978049397468567,0.3131070721894503,0.783310546875,0.216572265625,0.7722119140625,0.2345166015625,44.97162002563476,34.175850276947024,1.7500000000000005e-05
76550,5.354060664176941,1.6541406035423278,1.7316796958446503,0.24603004693984987,0.5677077174186707,0.29191894710063937,0.32034377962350846,0.79828125,0.2126416015625,0.763369140625,0.227950439453125,47.38873348236084,35.96614908218384,1.725000000000001e-05
76600,5.756677627563477,1.899970234632492,1.8754297840595244,0.24765969753265382,0.37245234847068787,0.24730656519532204,0.32226101964712145,0.8221435546875,0.19505126953125,0.7726123046875,0.2303546142578125,50.75144287109375,34.87062297821045,1.6999999999999993e-05
76650,5.2701156711578365,1.7269338083267212,1.6442865455150604,0.23736191123723985,0.5250455737113953,0.34980185762047766,0.36760747522115705,0.7367138671875,0.2167706298828125,0.7252099609375,0.249376220703125,52.577059288024905,41.42979724884033,1.675e-05
76700,5.329828085899353,1.6505202949047089,1.8058117258548736,0.23418700724840164,0.8016164302825928,0.31730313211679456,0.35451126426458357,0.773662109375,0.22868408203125,0.753046875,0.2596044921875,51.16065273284912,38.60660753250122,1.6500000000000005e-05
76750,5.482729783058167,1.8056458282470702,1.7031051337718963,0.24674734860658645,0.7219879627227783,0.3393924255669117,0.2600058679282665,0.7586083984375,0.2399267578125,0.81212890625,0.209736328125,47.28630565643311,33.183518676757814,1.625000000000001e-05
76800,5.349553003311157,1.7259263253211976,1.7057467913627624,0.23973498344421387,0.7488635778427124,0.31072135388851163,0.31265653654932973,0.78294921875,0.228682861328125,0.77900390625,0.232764892578125,45.56651996612549,36.31518238067627,1.5999999999999992e-05
76850,5.52123381614685,1.7619573748111725,1.7712678360939025,0.24850107729434967,0.5530340075492859,0.24902862802147865,0.3170593427121639,0.8123583984375,0.1871148681640625,0.7635693359375,0.228482666015625,52.554274520874024,31.631520252227784,1.5749999999999997e-05
76900,5.229016466140747,1.647778639793396,1.6905594968795776,0.23633478820323944,0.8132503032684326,0.324497616738081,0.33504235818982125,0.76001953125,0.226182861328125,0.75279296875,0.242265625,49.91087286812918,37.77354404449463,1.5500000000000004e-05
76950,5.2771069431304936,1.7561867666244506,1.6425980007648469,0.23479027211666106,0.44396957755088806,0.34107271254062654,0.3233159713447094,0.7482177734375,0.235045166015625,0.762919921875,0.237718505859375,50.18259834289551,38.969111614227295,1.5250000000000008e-05
77000,5.413441166877747,1.7452188229560852,1.744218989610672,0.24050042629241944,0.6329382658004761,0.28452804863452913,0.3195705918967724,0.781904296875,0.210916748046875,0.773134765625,0.243726806640625,50.38698001861572,38.28819705963135,1.4999999999999992e-05
77050,5.4800925540924075,1.6850944721698762,1.78719703912735,0.25097513020038603,0.7368913888931274,0.283085163384676,0.3797980459034443,0.7944970703125,0.20906494140625,0.7245458984375,0.25872314453125,46.916088066101075,37.67801630020141,1.4749999999999998e-05
77100,5.420317168235779,1.7513766694068909,1.6840047860145568,0.24811696350574494,0.72535240650177,0.3426294070482254,0.3129025258123875,0.758447265625,0.2478759765625,0.7650634765625,0.2229449462890625,46.6026847076416,32.9775012588501,1.4500000000000002e-05
77150,5.309363989830017,1.6926351034641265,1.7051224720478058,0.23895080596208573,0.6125364899635315,0.28527247920632365,0.34966119438409804,0.7963427734375,0.2206103515625,0.7509716796875,0.247034912109375,47.35199527740478,38.36447366714478,1.4250000000000008e-05
77200,5.598037242889404,1.8570964777469634,1.8057612335681916,0.24189743846654893,0.6213556528091431,0.29398388132452963,0.30327988535165784,0.779794921875,0.2129766845703125,0.772392578125,0.2193603515625,49.150494232177735,36.66922294616699,1.3999999999999991e-05
77250,5.203535013198852,1.6902911102771758,1.6243401598930358,0.23611297249794005,0.5939642786979675,0.30172492668032647,0.3200868056714535,0.7885009765625,0.23381591796875,0.7623828125,0.2246240234375,47.89217987060547,34.50594051361084,1.3749999999999995e-05
77300,5.1274540948867795,1.626621094942093,1.617101298570633,0.23546646267175675,0.6314322352409363,0.30293675750494004,0.36939923480153086,0.79271484375,0.2206494140625,0.736376953125,0.259830322265625,47.4055065536499,38.2086354637146,1.3500000000000001e-05
77350,5.420351848602295,1.609522579908371,1.8184926080703736,0.2490420815348625,0.5360133051872253,0.2896929432451725,0.34611478373408316,0.7869580078125,0.20767333984375,0.746708984375,0.2479852294921875,49.58214668273926,38.46172149658203,1.3250000000000007e-05
77400,5.314675331115723,1.5930019509792328,1.8130028295516967,0.2385838136076927,0.9103187918663025,0.29194332882761953,0.34374608665704726,0.78619140625,0.2131365966796875,0.7611376953125,0.2609228515625,48.2543758392334,35.92566089630127,1.299999999999999e-05
77450,5.2311618041992185,1.6537048590183259,1.6896912336349488,0.2359707123041153,0.4645020067691803,0.30965297788381574,0.3432313922047615,0.7702978515625,0.2159490966796875,0.7570166015625,0.250369873046875,49.48287170410156,37.32628322601318,1.2749999999999995e-05
77500,5.184126963615418,1.6105355441570282,1.7483226203918456,0.2281585967540741,0.549648642539978,0.29326959162950517,0.37632105246186254,0.7746337890625,0.212667236328125,0.7330322265625,0.268095703125,45.20017677307129,37.99054317474365,1.25e-05
77550,5.541812047958374,1.7942993688583373,1.733797652721405,0.2517143851518631,0.6702728271484375,0.3148893994092941,0.31632886588573456,0.78171875,0.234774169921875,0.77461181640625,0.232286376953125,47.719580078125,37.339032402038576,1.2250000000000006e-05
77600,5.279126119613648,1.6573050236701965,1.694246280193329,0.24094685316085815,0.5826640129089355,0.3415422883629799,0.3043887819349766,0.7477099609375,0.23906494140625,0.7771337890625,0.2368341064453125,45.48467864990234,36.52468421936035,1.200000000000001e-05
77650,5.340077848434448,1.7200667405128478,1.6886976194381713,0.2414141869544983,0.585570216178894,0.3146981766819954,0.3693462826311588,0.76900390625,0.2323681640625,0.72001953125,0.2373486328125,46.51893039703369,35.601692848205566,1.1749999999999994e-05
77700,5.114289846420288,1.6680422055721282,1.5778953754901885,0.23354402899742127,0.42788565158843994,0.29217014499008653,0.34058432042598724,0.79158203125,0.224991455078125,0.759599609375,0.254439697265625,47.5077320098877,36.52895378112793,1.15e-05
77750,5.209998383522033,1.6722301721572876,1.7069738924503326,0.22884928911924363,0.8083832859992981,0.3009744298458099,0.3610259898006916,0.777294921875,0.21469970703125,0.733896484375,0.250748291015625,49.648910942077634,36.204233675586934,1.1250000000000006e-05
77800,5.294538812637329,1.677174506187439,1.7265897393226624,0.23634681910276412,0.49247854948043823,0.30382532373070714,0.3019147089868784,0.7765380859375,0.2213787841796875,0.7834814453125,0.2372735595703125,44.97692611694336,33.971769371032714,1.100000000000001e-05
77850,5.495607647895813,1.7568376994132995,1.7637153995037078,0.24688181936740874,0.6549726128578186,0.30231811590492724,0.3289231327176094,0.78443359375,0.227166748046875,0.759267578125,0.2426416015625,45.090713844299316,36.36322727203369,1.0749999999999994e-05
77900,5.407639374732971,1.7462350034713745,1.7646048402786254,0.23709994077682495,0.5997357368469238,0.3033991727232933,0.32121253833174707,0.7745654296875,0.21602294921875,0.76658447265625,0.23268798828125,44.38454605102539,33.504196624755856,1.05e-05
77950,5.471938390731811,1.7950701916217804,1.7517423045635223,0.24064073890447615,0.5412919521331787,0.312683057487011,0.2962033407390118,0.7697607421875,0.22326416015625,0.7914453125,0.23246826171875,49.5771350479126,36.710146293640136,1.0250000000000004e-05
78000,5.4168261671066285,1.7468465423583985,1.7575422871112822,0.2390546652674675,0.5857671499252319,0.2842629471421242,0.31306563317775726,0.7986572265625,0.2193524169921875,0.77353515625,0.232315673828125,44.19624855041504,32.13275255203247,1.000000000000001e-05
78050,5.164374990463257,1.7299648082256318,1.6345131504535675,0.22498712480068206,0.5874203443527222,0.35170355878770354,0.32878213837742803,0.741572265625,0.241024169921875,0.7576220703125,0.232476806640625,44.42998592376709,38.70981664657593,9.749999999999993e-06
78100,5.378357176780701,1.6622225666046142,1.7584018397331238,0.24471659272909163,0.7020846605300903,0.28186159789562226,0.3584117840230465,0.8108837890625,0.218690185546875,0.73755859375,0.243460693359375,43.37441631317139,37.97887243270874,9.499999999999997e-06
78150,5.411869306564331,1.7422066497802735,1.7571430701017379,0.23906494438648224,0.48041394352912903,0.30996233388781547,0.3133567384630442,0.7686767578125,0.21278564453125,0.78140625,0.2444305419921875,46.17362464904785,37.42270263671875,9.250000000000003e-06
78200,5.374473972320557,1.7839759826660155,1.723069361448288,0.23342858195304872,0.6411466598510742,0.30596487894654273,0.31950133621692656,0.7822021484375,0.232772216796875,0.7604833984375,0.226314697265625,46.980055046081546,35.37652797698975,9.000000000000009e-06
78250,5.326986665725708,1.731287271976471,1.643627153635025,0.2440090298652649,0.7326523661613464,0.3517092835903168,0.3316030132770538,0.7515234375,0.2434130859375,0.764013671875,0.234456787109375,51.056288719177246,37.55549854278564,8.74999999999999e-06
78300,5.265774097442627,1.6807743620872497,1.6653613793849944,0.2399547877907753,0.6545896530151367,0.3167975549399853,0.33431212708353997,0.7697998046875,0.232435302734375,0.7496826171875,0.23822998046875,46.687169036865235,36.602862186431885,8.499999999999997e-06
78350,5.370898513793946,1.6423951923847198,1.8307564997673034,0.23721835464239122,0.6561942100524902,0.2946095760166645,0.3525771677494049,0.78484375,0.213792724609375,0.73845703125,0.244970703125,47.148692245483396,35.85098016738892,8.250000000000002e-06
78400,5.364184713363647,1.6936753797531128,1.7337722063064576,0.24209213942289354,0.49890848994255066,0.30645872436463834,0.3437256443500519,0.7692724609375,0.210205078125,0.76582763671875,0.2500537109375,47.98835411071777,35.93455951690674,8.000000000000008e-06
78450,5.193654904365539,1.6075437712669371,1.6698430716991424,0.2395335078239441,0.6746109127998352,0.3372009083628654,0.3564116904139519,0.7556982421875,0.2396875,0.73767578125,0.25148193359375,44.89176528930664,36.13165599822998,7.74999999999999e-06
78500,5.392652101516724,1.745552065372467,1.763199199438095,0.23548760265111923,0.6008552312850952,0.32867823630571363,0.300998609662056,0.7555517578125,0.234439697265625,0.783984375,0.233592529296875,46.38348075866699,34.672623233795164,7.499999999999996e-06
78550,5.305428442955017,1.6022648739814758,1.851470935344696,0.23146157652139665,0.7743678092956543,0.27242485046386716,0.3771479094028473,0.8029248046875,0.211070556640625,0.719072265625,0.254176025390625,44.42275203704834,35.71807893753052,7.250000000000001e-06
78600,5.408494358062744,1.6397975993156433,1.8400750374794006,0.2410777148604393,0.7677281498908997,0.29007313773036003,0.37984162852168085,0.776083984375,0.1943896484375,0.7241650390625,0.25932861328125,45.17349723815918,39.53032430648804,7.000000000000007e-06
78650,5.337472233772278,1.5667225575447083,1.723244527578354,0.2559381425380707,0.6052718162536621,0.2807407777011395,0.3354010832309723,0.818330078125,0.22891357421875,0.77701171875,0.260770263671875,44.66202133178711,38.609855842590335,6.74999999999999e-06
78700,5.506154880523682,1.736424617767334,1.8597023797035217,0.23875348567962645,0.6430380940437317,0.30073691472411157,0.3246676503121853,0.7629345703125,0.205277099609375,0.759462890625,0.23964111328125,44.79268096923828,36.169389991760255,6.499999999999995e-06
78750,5.251267766952514,1.6860828804969787,1.708124487400055,0.23213255137205124,0.5980700850486755,0.3144099181890488,0.30208791702985766,0.779521484375,0.236324462890625,0.7813427734375,0.23999755859375,44.144245109558106,34.294427452087405,6.25e-06
78800,5.461341257095337,1.7366542732715606,1.7536437344551086,0.24638040572404862,0.5370137095451355,0.26933689817786216,0.31790242478251457,0.81056640625,0.217178955078125,0.764150390625,0.229981689453125,47.290900993347165,37.4682417678833,6.000000000000005e-06
78850,5.383480587005615,1.6330106365680694,1.8402158689498902,0.23878176718950272,0.5641295313835144,0.2868409486114979,0.3730645978450775,0.7804541015625,0.20102294921875,0.728798828125,0.253997802734375,42.85008415222168,41.46812055587768,5.750000000000011e-06
78900,5.396881580352783,1.6916097629070281,1.8016563773155212,0.23795193552970886,0.7216489315032959,0.3070250728726387,0.36899054899811745,0.7800048828125,0.221177978515625,0.7273779296875,0.255714111328125,45.38872555324009,39.17934049606323,5.499999999999994e-06
78950,5.42147234916687,1.7030624198913573,1.8230028748512268,0.23692588090896607,0.5444678664207458,0.2786733648180962,0.3172091272473335,0.79220703125,0.211473388671875,0.767666015625,0.23840576171875,51.87974800109863,32.93220958709717,5.25e-06
79000,5.393009996414184,1.7249733531475067,1.7692208731174468,0.23735197097063065,0.8268458247184753,0.3161655765771866,0.2983816608786583,0.7703955078125,0.229140625,0.7882275390625,0.23733154296875,47.44260250091553,33.82084104537964,5.000000000000005e-06
79050,5.553144392967224,1.75859646320343,1.851534743309021,0.2428766530752182,0.6986153721809387,0.26016799360513687,0.3062723967432976,0.813779296875,0.204359130859375,0.7646728515625,0.2187109375,46.76339740753174,30.806701316833497,4.75000000000001e-06
79100,5.427208013534546,1.658475739955902,1.796702777147293,0.24650368511676787,0.6448675990104675,0.3038821107149124,0.29270762532949446,0.7721630859375,0.210799560546875,0.7904736328125,0.224715576171875,48.37509780883789,32.98294631958008,4.499999999999993e-06
79150,5.576408386230469,1.8358796620368958,1.8154056572914123,0.24064038425683976,0.7329583168029785,0.29408198326826096,0.3034146736562252,0.7727197265625,0.20372314453125,0.766689453125,0.222071533203125,48.584991455078125,34.33062450408936,4.249999999999998e-06
79200,5.4371397495269775,1.8268514394760131,1.7350028991699218,0.2344106724858284,0.6823101043701172,0.3273803347349167,0.3043985065817833,0.76279296875,0.23923583984375,0.7740576171875,0.22735107421875,48.88848217010498,36.55910945892334,4.000000000000004e-06
79250,5.395128030776977,1.7033711445331574,1.8072369980812073,0.2355649870634079,0.4321950674057007,0.31939183428883555,0.3371108300983906,0.7598095703125,0.219205322265625,0.7524169921875,0.23397216796875,47.283528327941895,37.27762350082398,3.750000000000009e-06
79300,5.319974365234375,1.6971783304214478,1.703680727481842,0.23988941609859465,0.6742939949035645,0.27596091374754905,0.32924516960978506,0.8162158203125,0.230106201171875,0.7637109375,0.24304931640625,47.56550384521484,33.62982679367065,3.4999999999999923e-06
79350,5.344174246788025,1.6697227716445924,1.7476265907287598,0.24085310846567154,0.5564086437225342,0.32195908308029175,0.3183554658293724,0.746513671875,0.214384765625,0.784423828125,0.24399169921875,46.494604148864745,36.80403434753418,3.2499999999999977e-06
79400,5.517030391693115,1.7291304337978364,1.844015576839447,0.24298555374145508,0.7271906137466431,0.2952142432332039,0.3652701699733734,0.793759765625,0.2282763671875,0.7217333984375,0.2335595703125,48.542218704223636,37.65103996276856,3.0000000000000026e-06
79450,5.543534173965454,1.7488155961036682,1.8833767890930175,0.23891772329807281,0.452007919549942,0.2800616450607777,0.29935570657253263,0.7942529296875,0.2112060546875,0.7999755859375,0.24413818359375,46.41162208557129,35.53571104049683,2.750000000000008e-06
79500,5.357910404205322,1.7468238031864167,1.7503116130828857,0.23259687840938567,0.6279711723327637,0.33369009643793107,0.31622539669275285,0.7425830078125,0.222208251953125,0.75583984375,0.225936279296875,45.875806617736814,36.914783782958985,2.4999999999999913e-06
79550,5.5056492137908934,1.8265768957138062,1.7817973482608795,0.2371593701839447,0.6069823503494263,0.28625684306025506,0.3309072083234787,0.7903564453125,0.214896240234375,0.7464599609375,0.2351904296875,46.419016456604005,35.31943494796753,2.2499999999999967e-06
79600,5.510208940505981,1.7062206554412842,1.8546296381950378,0.24366983503103257,0.4279294013977051,0.27802831649780274,0.3742141203582287,0.8070947265625,0.2210137939453125,0.7223046875,0.2477978515625,44.95423408508301,38.107111854553224,2.000000000000002e-06
79650,5.248685498237609,1.6496190357208251,1.7284476971626281,0.23382735162973403,0.5317360162734985,0.29389254227280615,0.3042764227092266,0.808212890625,0.23996826171875,0.777998046875,0.235438232421875,45.30534290313721,34.63838397979736,1.7500000000000072e-06
79700,5.465758800506592,1.735950162410736,1.8209480500221253,0.2386075735092163,0.5173392295837402,0.33077587470412256,0.3380743896961212,0.739462890625,0.22287109375,0.752255859375,0.232607421875,46.551727294921875,35.732579689025876,1.4999999999999903e-06
79750,5.503806824684143,1.7799296283721924,1.849916844367981,0.23424504339694976,0.4476492404937744,0.26617615669965744,0.3478763648867607,0.805888671875,0.20410400390625,0.748603515625,0.23700439453125,47.81853038787842,32.080879287719725,1.2499999999999957e-06
79800,5.491466865539551,1.7233207821846008,1.781615262031555,0.248316350877285,0.6618858575820923,0.2850025734305382,0.3080645713210106,0.781875,0.208656005859375,0.78716796875,0.23870361328125,43.90106365203857,33.463567123413085,1.000000000000001e-06
79850,5.348533730506897,1.6781845998764038,1.777247953414917,0.23663764759898187,0.629509449005127,0.31000760093331337,0.32333053916692733,0.792451171875,0.237659912109375,0.75791015625,0.233203125,47.46671154022217,34.47533876068738,7.500000000000063e-07
79900,5.608677406311035,1.7599304831027984,1.8922428965568543,0.24456300884485244,0.5233246088027954,0.3134786379337311,0.3137689624726772,0.7589990234375,0.21016845703125,0.7582958984375,0.2213818359375,48.90249561309815,34.853112449646,4.999999999999894e-07
79950,5.4881400299072265,1.8202694058418274,1.7310426592826844,0.2421034961938858,0.6565301418304443,0.26955489501357077,0.3473703047633171,0.8091796875,0.2142333984375,0.7184521484375,0.216279296875,49.62839225769043,34.673448429107665,2.499999999999947e-07
80000,5.4835023593902585,1.7903303623199462,1.8141904175281525,0.2348726934194565,0.6094757914543152,0.3514449001848698,0.3117407678067684,0.735078125,0.22686767578125,0.7697265625,0.226580810546875,46.09565486907959,33.392741737365725,0.0
